SMILES,true,pred
CC(C)C[C@@H](C(=O)N1CCC[C@H]1C(=O)NCC(=O)O)[n+]1[c-]n2ccccc2c1,-3.3298,-4.987314
CC(C)C[C@@H](C(=O)N1CCC[C@H]1C(=O)N[C@@H](CCC(N)=O)C(=O)O)[n+]1[c-]n2ccccc2c1,-8.7997,-7.0424275
CC(C)C[C@@H](C(=O)N1CCC[C@H]1C(=O)N[C@@H](CO)C(=O)O)[n+]1[c-]n2ccccc2c1,-8.4505,-6.1374626
CC(C)C[C@@H](C(=O)N1CCC[C@H]1C(=O)N[C@@H](CS)C(=O)O)[n+]1[c-]n2ccccc2c1,-7.6326,-5.2397285
CC(C)C[C@@H](C(=O)N1CCC[C@H]1C(=O)N[C@@H](Cc1ccc(O)cc1)C(=O)O)[n+]1[c-]n2ccccc2c1,-7.3671,-6.024662
CC(C)C[C@@H](C(=O)N1CCC[C@H]1C(=O)N[C@H](C(=O)O)C(C)C)[n+]1[c-]n2ccccc2c1,-4.9306,-4.6365356
CC(C)C[C@@H](C(=O)N1CCC[C@H]1C(=O)N[C@H](C(=O)O)[C@@H](C)O)[n+]1[c-]n2ccccc2c1,-9.4697,-6.234055
CC(C)C[C@@H](C(=O)NCC(=O)N[C@@H](CC(=O)O)C(=O)O)[n+]1[c-]n2ccccc2c1,-13.6422,-9.479756
CC(C)C[C@@H](C(=O)NCC(=O)N[C@@H](Cc1ccc(O)cc1)C(=O)O)[n+]1[c-]n2ccccc2c1,-16.292,-8.05686
CC(C)C[C@@H](C(=O)NCC(=O)N[C@H](C(=O)O)[C@@H](C)O)[n+]1[c-]n2ccccc2c1,-8.3839,-8.119408
CC(C)C[C@@H](C(=O)NCC(=O)O)[n+]1[c-]n2ccccc2c1,-6.612,-3.4493144
CC(C)C[C@@H](C(=O)N[C@@H](C)C(=O)N1CCC[C@H]1C(=O)O)[n+]1[c-]n2ccccc2c1,-8.2292,-4.910613
CC(C)C[C@@H](C(=O)N[C@@H](C)C(=O)N[C@@H](CC(N)=O)C(=O)O)[n+]1[c-]n2ccccc2c1,-4.7769,-9.8527775
CC(C)C[C@@H](C(=O)N[C@@H](C)C(=O)N[C@@H](CCC(=O)O)C(=O)O)[n+]1[c-]n2ccccc2c1,-9.013,-8.288651
CC(C)C[C@@H](C(=O)N[C@@H](C)C(=O)N[C@@H](CO)C(=O)O)[n+]1[c-]n2ccccc2c1,-8.7751,-5.8795233
CC(C)C[C@@H](C(=O)N[C@@H](C)C(=O)N[C@@H](Cc1c[nH]c2ccccc12)C(=O)O)[n+]1[c-]n2ccccc2c1,-14.0226,-9.19936
CC(C)C[C@@H](C(=O)N[C@@H](C)C(=O)N[C@H](C(=O)O)C(C)C)[n+]1[c-]n2ccccc2c1,-5.9184,-3.9712381
CC(C)C[C@@H](C(=O)N[C@@H](C)C(=O)N[C@H](C(=O)O)[C@@H](C)O)[n+]1[c-]n2ccccc2c1,-4.7355,-4.509287
CC(C)C[C@@H](C(=O)N[C@@H](CC(=O)O)C(=O)N1CCC[C@H]1C(=O)O)[n+]1[c-]n2ccccc2c1,-3.0289,-7.9876375
CC(C)C[C@@H](C(=O)N[C@@H](CC(=O)O)C(=O)N[C@H](C(=O)O)[C@@H](C)O)[n+]1[c-]n2ccccc2c1,-10.4,-7.1805186
CC(C)C[C@@H](C(=O)N[C@@H](CC(N)=O)C(=O)N[C@@H](C)C(=O)O)[n+]1[c-]n2ccccc2c1,-8.8816,-7.605651
CC(C)C[C@@H](C(=O)N[C@@H](CC(N)=O)C(=O)N[C@@H](CC(N)=O)C(=O)O)[n+]1[c-]n2ccccc2c1,-13.6902,-9.413821
CC(C)C[C@@H](C(=O)N[C@@H](CCC(=O)O)C(=O)N[C@@H](CCC(=O)O)C(=O)O)[n+]1[c-]n2ccccc2c1,-3.5883,-10.483712
CC(C)C[C@@H](C(=O)N[C@@H](CCC(=O)O)C(=O)N[C@@H](Cc1ccccc1)C(=O)O)[n+]1[c-]n2ccccc2c1,-11.0192,-9.738668
CC(C)C[C@@H](C(=O)N[C@@H](CCCNC(=N)N)C(=O)N1CCC[C@H]1C(=O)O)[n+]1[c-]n2ccccc2c1,-6.496,-5.381292
CC(C)C[C@@H](C(=O)N[C@@H](CCCNC(=N)N)C(=O)N[C@@H](CCC(=O)O)C(=O)O)[n+]1[c-]n2ccccc2c1,-21.9639,-9.818266
CC(C)C[C@@H](C(=O)N[C@@H](CCCNC(=N)N)C(=O)N[C@@H](CCC(N)=O)C(=O)O)[n+]1[c-]n2ccccc2c1,-15.3745,-8.161175
CC(C)C[C@@H](C(=O)N[C@@H](CCCNC(=N)N)C(=O)N[C@@H](Cc1c[nH]cn1)C(=O)O)[n+]1[c-]n2ccccc2c1,-6.4037,-8.866563
CC(C)C[C@@H](C(=O)N[C@@H](CCCNC(=N)N)C(=O)N[C@H](C(=O)O)[C@@H](C)O)[n+]1[c-]n2ccccc2c1,-10.9766,-6.0908012
CC(C)C[C@@H](C(=O)N[C@@H](CO)C(=O)N[C@@H](CCC(N)=O)C(=O)O)[n+]1[c-]n2ccccc2c1,-15.2904,-13.139917
CC(C)C[C@@H](C(=O)N[C@@H](CO)C(=O)N[C@@H](CCCNC(=N)N)C(=O)O)[n+]1[c-]n2ccccc2c1,-4.0947,-8.730516
CC(C)C[C@@H](C(=O)N[C@@H](CO)C(=O)N[C@@H](CO)C(=O)O)[n+]1[c-]n2ccccc2c1,-8.911,-5.7128534
CC(C)C[C@@H](C(=O)N[C@@H](CO)C(=O)N[C@@H](Cc1c[nH]cn1)C(=O)O)[n+]1[c-]n2ccccc2c1,-12.3511,-9.880105
CC(C)C[C@@H](C(=O)N[C@@H](CO)C(=O)N[C@@H](Cc1ccc(O)cc1)C(=O)O)[n+]1[c-]n2ccccc2c1,-8.8474,-7.40969
CC(C)C[C@@H](C(=O)N[C@@H](CS)C(=O)NCC(=O)O)[n+]1[c-]n2ccccc2c1,-5.1568,-4.836462
CC(C)C[C@@H](C(=O)N[C@@H](CS)C(=O)N[C@@H](CC(=O)O)C(=O)O)[n+]1[c-]n2ccccc2c1,-7.5667,-7.2480993
CC(C)C[C@@H](C(=O)N[C@@H](CS)C(=O)N[C@@H](CCC(=O)O)C(=O)O)[n+]1[c-]n2ccccc2c1,-11.7793,-7.872039
CC(C)C[C@@H](C(=O)N[C@@H](Cc1c[nH]c2ccccc12)C(=O)N1CCC[C@H]1C(=O)O)[n+]1[c-]n2ccccc2c1,-5.2219,-10.372977
CC(C)C[C@@H](C(=O)N[C@@H](Cc1c[nH]cn1)C(=O)N1CCC[C@H]1C(=O)O)[n+]1[c-]n2ccccc2c1,-11.5221,-9.077874
CC(C)C[C@@H](C(=O)N[C@@H](Cc1c[nH]cn1)C(=O)NCC(=O)O)[n+]1[c-]n2ccccc2c1,-0.2157,-6.7367773
CC(C)C[C@@H](C(=O)N[C@@H](Cc1c[nH]cn1)C(=O)N[C@@H](CCCNC(=N)N)C(=O)O)[n+]1[c-]n2ccccc2c1,-11.391,-9.378028
CC(C)C[C@@H](C(=O)N[C@@H](Cc1c[nH]cn1)C(=O)N[C@@H](CO)C(=O)O)[n+]1[c-]n2ccccc2c1,-8.6065,-7.556715
CC(C)C[C@@H](C(=O)N[C@@H](Cc1c[nH]cn1)C(=O)N[C@H](C(=O)O)[C@@H](C)O)[n+]1[c-]n2ccccc2c1,-9.5894,-7.491329
CC(C)C[C@@H](C(=O)N[C@@H](Cc1ccc(O)cc1)C(=O)N[C@@H](C)C(=O)O)[n+]1[c-]n2ccccc2c1,-1.1516,-5.1985006
CC(C)C[C@@H](C(=O)N[C@@H](Cc1ccc(O)cc1)C(=O)N[C@@H](CCC(N)=O)C(=O)O)[n+]1[c-]n2ccccc2c1,-4.9806,-4.987546
CC(C)C[C@@H](C(=O)N[C@@H](Cc1ccc(O)cc1)C(=O)N[C@@H](Cc1c[nH]c2ccccc12)C(=O)O)[n+]1[c-]n2ccccc2c1,-16.2592,-10.104784
CC(C)C[C@@H](C(=O)N[C@@H](Cc1ccc(O)cc1)C(=O)N[C@@H](Cc1ccccc1)C(=O)O)[n+]1[c-]n2ccccc2c1,-2.1356,-7.5525866
CC(C)C[C@@H](C(=O)N[C@@H](Cc1ccc(O)cc1)C(=O)O)[n+]1[c-]n2ccccc2c1,-7.3818,-7.47421
CC(C)C[C@@H](C(=O)N[C@@H](Cc1ccccc1)C(=O)N[C@@H](C)C(=O)O)[n+]1[c-]n2ccccc2c1,-3.8147,-4.2508426
CC(C)C[C@@H](C(=O)N[C@@H](Cc1ccccc1)C(=O)N[C@@H](CC(=O)O)C(=O)O)[n+]1[c-]n2ccccc2c1,-7.5019,-9.453927
CC(C)C[C@@H](C(=O)N[C@@H](Cc1ccccc1)C(=O)N[C@@H](CCC(N)=O)C(=O)O)[n+]1[c-]n2ccccc2c1,-19.9789,-7.6547937
CC(C)C[C@@H](C(=O)N[C@@H](Cc1ccccc1)C(=O)N[C@@H](Cc1ccc(O)cc1)C(=O)O)[n+]1[c-]n2ccccc2c1,-1.6491,-8.388237
CC(C)C[C@@H](C(=O)N[C@H](C(=O)N[C@@H](CC(=O)O)C(=O)O)C(C)C)[n+]1[c-]n2ccccc2c1,-2.4399,-5.643548
CC(C)C[C@@H](C(=O)N[C@H](C(=O)N[C@@H](CC(N)=O)C(=O)O)[C@@H](C)O)[n+]1[c-]n2ccccc2c1,-9.1468,-7.1253967
CC(C)C[C@@H](C(=O)N[C@H](C(=O)N[C@@H](CCCNC(=N)N)C(=O)O)C(C)C)[n+]1[c-]n2ccccc2c1,0.2462,-7.800723
CC(C)C[C@@H](C(=O)N[C@H](C(=O)N[C@@H](CS)C(=O)O)[C@@H](C)O)[n+]1[c-]n2ccccc2c1,-3.1421,-5.224821
CC(C)C[C@@H](C(=O)N[C@H](C(=O)N[C@@H](Cc1c[nH]cn1)C(=O)O)C(C)C)[n+]1[c-]n2ccccc2c1,-6.3625,-4.732306
CC(C)C[C@@H](C(=O)N[C@H](C(=O)N[C@@H](Cc1ccc(O)cc1)C(=O)O)[C@@H](C)O)[n+]1[c-]n2ccccc2c1,-8.2005,-8.599987
CC(C)C[C@@H](C(=O)N[C@H](C(=O)N[C@H](C(=O)O)[C@@H](C)O)[C@@H](C)O)[n+]1[c-]n2ccccc2c1,1.3047,-3.3255637
CC(C)C[C@@H](C(=O)O)[n+]1[c-]n2ccccc2c1,-1.3531,-4.1034393
CC(C)C[C@H](NC(=O)CNC(=O)[C@H](C(C)C)[n+]1[c-]n2ccccc2c1)C(=O)O,-9.8836,-5.590946
CC(C)C[C@H](NC(=O)CNC(=O)[C@H](CS)[n+]1[c-]n2ccccc2c1)C(=O)O,-10.0292,-9.0080185
CC(C)C[C@H](NC(=O)CNC(=O)[C@H](Cc1ccc(O)cc1)[n+]1[c-]n2ccccc2c1)C(=O)O,-7.2962,-7.557493
CC(C)C[C@H](NC(=O)CNC(=O)[C@H](Cc1ccccc1)[n+]1[c-]n2ccccc2c1)C(=O)O,-12.5411,-7.3381886
CC(C)C[C@H](NC(=O)C[n+]1[c-]n2ccccc2c1)C(=O)N[C@@H](C)C(=O)O,-11.9278,-7.661297
CC(C)C[C@H](NC(=O)C[n+]1[c-]n2ccccc2c1)C(=O)N[C@@H](CCC(=O)O)C(=O)O,-13.1112,-10.304222
CC(C)C[C@H](NC(=O)C[n+]1[c-]n2ccccc2c1)C(=O)N[C@@H](CCC(N)=O)C(=O)O,-16.7377,-11.333679
CC(C)C[C@H](NC(=O)C[n+]1[c-]n2ccccc2c1)C(=O)N[C@@H](CCCNC(=N)N)C(=O)O,-19.1845,-9.1463585
CC(C)C[C@H](NC(=O)C[n+]1[c-]n2ccccc2c1)C(=O)N[C@@H](Cc1ccccc1)C(=O)O,-12.7913,-11.330202
CC(C)C[C@H](NC(=O)C[n+]1[c-]n2ccccc2c1)C(=O)N[C@H](C(=O)O)[C@@H](C)O,-10.4684,-10.615288
CC(C)C[C@H](NC(=O)[C@@H](NC(=O)[C@H](C)[n+]1[c-]n2ccccc2c1)[C@@H](C)O)C(=O)O,-0.9406,-2.9520447
CC(C)C[C@H](NC(=O)[C@@H](NC(=O)[C@H](CC(N)=O)[n+]1[c-]n2ccccc2c1)[C@@H](C)O)C(=O)O,-8.5797,-6.1858697
CC(C)C[C@H](NC(=O)[C@@H](NC(=O)[C@H](CCC(=O)O)[n+]1[c-]n2ccccc2c1)C(C)C)C(=O)O,-6.6641,-6.0487733
CC(C)C[C@H](NC(=O)[C@@H]1CCCN1C(=O)[C@H](CCCNC(=N)N)[n+]1[c-]n2ccccc2c1)C(=O)O,-4.9489,-6.7942724
CC(C)C[C@H](NC(=O)[C@@H]1CCCN1C(=O)[C@H](CO)[n+]1[c-]n2ccccc2c1)C(=O)O,-9.9767,-6.874405
CC(C)C[C@H](NC(=O)[C@@H]1CCCN1C(=O)[C@H](Cc1c[nH]c2ccccc12)[n+]1[c-]n2ccccc2c1)C(=O)O,-5.1141,-5.574155
CC(C)C[C@H](NC(=O)[C@H](C)NC(=O)C[n+]1[c-]n2ccccc2c1)C(=O)O,-13.3444,-11.499531
CC(C)C[C@H](NC(=O)[C@H](C)NC(=O)[C@H](CCC(N)=O)[n+]1[c-]n2ccccc2c1)C(=O)O,-2.7331,-3.4709954
CC(C)C[C@H](NC(=O)[C@H](C)NC(=O)[C@H](CCCNC(=N)N)[n+]1[c-]n2ccccc2c1)C(=O)O,-3.466,-4.547297
CC(C)C[C@H](NC(=O)[C@H](C)NC(=O)[C@H](CO)[n+]1[c-]n2ccccc2c1)C(=O)O,-10.3868,-7.178494
CC(C)C[C@H](NC(=O)[C@H](C)NC(=O)[C@H](CS)[n+]1[c-]n2ccccc2c1)C(=O)O,-1.9414,-2.3637216
CC(C)C[C@H](NC(=O)[C@H](C)[n+]1[c-]n2ccccc2c1)C(=O)NCC(=O)O,-4.1303,-3.693964
CC(C)C[C@H](NC(=O)[C@H](C)[n+]1[c-]n2ccccc2c1)C(=O)N[C@@H](CCCNC(=N)N)C(=O)O,-4.7638,-6.786347
CC(C)C[C@H](NC(=O)[C@H](C)[n+]1[c-]n2ccccc2c1)C(=O)N[C@@H](CS)C(=O)O,-5.6968,-5.486842
CC(C)C[C@H](NC(=O)[C@H](C)[n+]1[c-]n2ccccc2c1)C(=O)N[C@H](C(=O)O)C(C)C,-5.729,-5.197111
CC(C)C[C@H](NC(=O)[C@H](CC(=O)O)NC(=O)[C@H](C(C)C)[n+]1[c-]n2ccccc2c1)C(=O)O,-1.7804,-4.4917026
CC(C)C[C@H](NC(=O)[C@H](CC(=O)O)NC(=O)[C@H](CO)[n+]1[c-]n2ccccc2c1)C(=O)O,-3.5183,-6.571225
CC(C)C[C@H](NC(=O)[C@H](CC(=O)O)[n+]1[c-]n2ccccc2c1)C(=O)N1CCC[C@H]1C(=O)O,-9.1193,-5.0574484
CC(C)C[C@H](NC(=O)[C@H](CC(=O)O)[n+]1[c-]n2ccccc2c1)C(=O)N[C@@H](CS)C(=O)O,-5.5028,-6.912773
CC(C)C[C@H](NC(=O)[C@H](CC(C)C)NC(=O)[C@H](CCC(=O)O)[n+]1[c-]n2ccccc2c1)C(=O)O,-2.1592,-4.8352604
CC(C)C[C@H](NC(=O)[C@H](CC(C)C)NC(=O)[C@H](CCC(N)=O)[n+]1[c-]n2ccccc2c1)C(=O)O,-4.6215,-6.3091116
CC(C)C[C@H](NC(=O)[C@H](CC(C)C)NC(=O)[C@H](Cc1ccccc1)[n+]1[c-]n2ccccc2c1)C(=O)O,-7.6789,-7.090028
CC(C)C[C@H](NC(=O)[C@H](CC(C)C)[n+]1[c-]n2ccccc2c1)C(=O)N[C@@H](CC(=O)O)C(=O)O,-5.5057,-9.431254
CC(C)C[C@H](NC(=O)[C@H](CC(C)C)[n+]1[c-]n2ccccc2c1)C(=O)N[C@@H](CS)C(=O)O,-3.9566,-4.1940117
CC(C)C[C@H](NC(=O)[C@H](CC(C)C)[n+]1[c-]n2ccccc2c1)C(=O)N[C@@H](Cc1c[nH]cn1)C(=O)O,-5.6828,-5.920042
CC(C)C[C@H](NC(=O)[C@H](CC(C)C)[n+]1[c-]n2ccccc2c1)C(=O)N[C@@H](Cc1ccc(O)cc1)C(=O)O,-8.543,-7.6609964
CC(C)C[C@H](NC(=O)[C@H](CC(C)C)[n+]1[c-]n2ccccc2c1)C(=O)N[C@H](C(=O)O)C(C)C,-6.8228,-5.1034756
CC(C)C[C@H](NC(=O)[C@H](CC(N)=O)NC(=O)C[n+]1[c-]n2ccccc2c1)C(=O)O,-5.8148,-10.262997
CC(C)C[C@H](NC(=O)[C@H](CC(N)=O)NC(=O)[C@H](C)[n+]1[c-]n2ccccc2c1)C(=O)O,-12.6107,-6.6810093
CC(C)C[C@H](NC(=O)[C@H](CC(N)=O)NC(=O)[C@H](CC(N)=O)[n+]1[c-]n2ccccc2c1)C(=O)O,-9.3205,-6.729151
CC(C)C[C@H](NC(=O)[C@H](CC(N)=O)NC(=O)[C@H](CO)[n+]1[c-]n2ccccc2c1)C(=O)O,-0.8079,-6.8681602
CC(C)C[C@H](NC(=O)[C@H](CC(N)=O)[n+]1[c-]n2ccccc2c1)C(=O)N[C@@H](C)C(=O)O,-2.0814,-5.9827886
CC(C)C[C@H](NC(=O)[C@H](CC(N)=O)[n+]1[c-]n2ccccc2c1)C(=O)N[C@@H](CC(N)=O)C(=O)O,-14.1319,-10.459713
CC(C)C[C@H](NC(=O)[C@H](CC(N)=O)[n+]1[c-]n2ccccc2c1)C(=O)N[C@@H](Cc1c[nH]c2ccccc12)C(=O)O,-5.6244,-8.135082
CC(C)C[C@H](NC(=O)[C@H](CC(N)=O)[n+]1[c-]n2ccccc2c1)C(=O)N[C@H](C(=O)O)C(C)C,-7.3809,-5.670066
CC(C)C[C@H](NC(=O)[C@H](CCC(=O)O)NC(=O)C[n+]1[c-]n2ccccc2c1)C(=O)O,-11.6479,-12.32097
CC(C)C[C@H](NC(=O)[C@H](CCC(=O)O)NC(=O)[C@H](CCC(N)=O)[n+]1[c-]n2ccccc2c1)C(=O)O,-8.96,-8.217817
CC(C)C[C@H](NC(=O)[C@H](CCC(=O)O)NC(=O)[C@H]([C@@H](C)O)[n+]1[c-]n2ccccc2c1)C(=O)O,-14.1853,-8.533792
CC(C)C[C@H](NC(=O)[C@H](CCC(=O)O)[n+]1[c-]n2ccccc2c1)C(=O)NCC(=O)O,-7.1013,-5.4104815
CC(C)C[C@H](NC(=O)[C@H](CCC(=O)O)[n+]1[c-]n2ccccc2c1)C(=O)N[C@@H](CC(=O)O)C(=O)O,-12.562,-10.27412
CC(C)C[C@H](NC(=O)[C@H](CCC(=O)O)[n+]1[c-]n2ccccc2c1)C(=O)N[C@@H](CO)C(=O)O,-4.3191,-8.775973
CC(C)C[C@H](NC(=O)[C@H](CCC(=O)O)[n+]1[c-]n2ccccc2c1)C(=O)N[C@@H](CS)C(=O)O,-2.1381,-4.232583
CC(C)C[C@H](NC(=O)[C@H](CCC(=O)O)[n+]1[c-]n2ccccc2c1)C(=O)N[C@@H](Cc1c[nH]c2ccccc12)C(=O)O,-4.5793,-8.880133
CC(C)C[C@H](NC(=O)[C@H](CCC(=O)O)[n+]1[c-]n2ccccc2c1)C(=O)N[C@@H](Cc1ccc(O)cc1)C(=O)O,-0.6611,-7.3446436
CC(C)C[C@H](NC(=O)[C@H](CCC(=O)O)[n+]1[c-]n2ccccc2c1)C(=O)N[C@H](C(=O)O)C(C)C,-0.5166,-5.0391045
CC(C)C[C@H](NC(=O)[C@H](CCC(=O)O)[n+]1[c-]n2ccccc2c1)C(=O)N[C@H](C(=O)O)[C@@H](C)O,0.481,-5.4936876
CC(C)C[C@H](NC(=O)[C@H](CCC(N)=O)NC(=O)C[n+]1[c-]n2ccccc2c1)C(=O)O,-9.4794,-11.440035
CC(C)C[C@H](NC(=O)[C@H](CCC(N)=O)NC(=O)[C@H](CC(C)C)[n+]1[c-]n2ccccc2c1)C(=O)O,-8.7125,-8.996331
CC(C)C[C@H](NC(=O)[C@H](CCC(N)=O)NC(=O)[C@H](CCC(=O)O)[n+]1[c-]n2ccccc2c1)C(=O)O,-8.2372,-6.924891
CC(C)C[C@H](NC(=O)[C@H](CCC(N)=O)NC(=O)[C@H](CCCNC(=N)N)[n+]1[c-]n2ccccc2c1)C(=O)O,-6.6321,-7.209193
CC(C)C[C@H](NC(=O)[C@H](CCC(N)=O)NC(=O)[C@H](Cc1ccc(O)cc1)[n+]1[c-]n2ccccc2c1)C(=O)O,-9.8242,-10.13792
CC(C)C[C@H](NC(=O)[C@H](CCC(N)=O)[n+]1[c-]n2ccccc2c1)C(=O)N[C@@H](CC(N)=O)C(=O)O,-16.4177,-9.633946
CC(C)C[C@H](NC(=O)[C@H](CCC(N)=O)[n+]1[c-]n2ccccc2c1)C(=O)N[C@@H](CCC(N)=O)C(=O)O,-8.6249,-11.302473
CC(C)C[C@H](NC(=O)[C@H](CCC(N)=O)[n+]1[c-]n2ccccc2c1)C(=O)N[C@@H](CCCNC(=N)N)C(=O)O,-6.4394,-8.08624
CC(C)C[C@H](NC(=O)[C@H](CCC(N)=O)[n+]1[c-]n2ccccc2c1)C(=O)N[C@@H](CO)C(=O)O,-7.3104,-6.7364554
CC(C)C[C@H](NC(=O)[C@H](CCCNC(=N)N)NC(=O)[C@H](CC(C)C)[n+]1[c-]n2ccccc2c1)C(=O)O,-8.3897,-8.273101
CC(C)C[C@H](NC(=O)[C@H](CCCNC(=N)N)NC(=O)[C@H](CS)[n+]1[c-]n2ccccc2c1)C(=O)O,-16.3217,-12.379081
CC(C)C[C@H](NC(=O)[C@H](CCCNC(=N)N)[n+]1[c-]n2ccccc2c1)C(=O)N[C@@H](CS)C(=O)O,-0.7331,-6.171041
CC(C)C[C@H](NC(=O)[C@H](CCCNC(=N)N)[n+]1[c-]n2ccccc2c1)C(=O)N[C@@H](Cc1ccccc1)C(=O)O,0.6198,-6.1457996
CC(C)C[C@H](NC(=O)[C@H](CO)[n+]1[c-]n2ccccc2c1)C(=O)N[C@@H](CC(=O)O)C(=O)O,-10.5061,-11.982056
CC(C)C[C@H](NC(=O)[C@H](CO)[n+]1[c-]n2ccccc2c1)C(=O)N[C@@H](Cc1ccc(O)cc1)C(=O)O,-3.0725,-5.565138
CC(C)C[C@H](NC(=O)[C@H](CS)NC(=O)C[n+]1[c-]n2ccccc2c1)C(=O)O,-12.2415,-10.724804
CC(C)C[C@H](NC(=O)[C@H](CS)NC(=O)[C@H](C(C)C)[n+]1[c-]n2ccccc2c1)C(=O)O,-7.2545,-5.2507772
CC(C)C[C@H](NC(=O)[C@H](CS)NC(=O)[C@H](CCC(N)=O)[n+]1[c-]n2ccccc2c1)C(=O)O,-0.6099,-8.703352
CC(C)C[C@H](NC(=O)[C@H](CS)[n+]1[c-]n2ccccc2c1)C(=O)NCC(=O)O,-5.9064,-3.507917
CC(C)C[C@H](NC(=O)[C@H](CS)[n+]1[c-]n2ccccc2c1)C(=O)N[C@@H](Cc1c[nH]c2ccccc12)C(=O)O,-7.3934,-5.132078
CC(C)C[C@H](NC(=O)[C@H](CS)[n+]1[c-]n2ccccc2c1)C(=O)N[C@@H](Cc1c[nH]cn1)C(=O)O,-3.2594,-7.6757107
CC(C)C[C@H](NC(=O)[C@H](Cc1c[nH]c2ccccc12)NC(=O)[C@H](CCCNC(=N)N)[n+]1[c-]n2ccccc2c1)C(=O)O,-5.8635,-11.6361475
CC(C)C[C@H](NC(=O)[C@H](Cc1c[nH]c2ccccc12)[n+]1[c-]n2ccccc2c1)C(=O)N1CCC[C@H]1C(=O)O,-7.065,-6.4595356
CC(C)C[C@H](NC(=O)[C@H](Cc1c[nH]c2ccccc12)[n+]1[c-]n2ccccc2c1)C(=O)NCC(=O)O,-7.3595,-4.06221
CC(C)C[C@H](NC(=O)[C@H](Cc1c[nH]c2ccccc12)[n+]1[c-]n2ccccc2c1)C(=O)N[C@@H](Cc1c[nH]c2ccccc12)C(=O)O,-15.5285,-11.52762
CC(C)C[C@H](NC(=O)[C@H](Cc1c[nH]c2ccccc12)[n+]1[c-]n2ccccc2c1)C(=O)N[C@@H](Cc1ccc(O)cc1)C(=O)O,-11.8973,-9.2086735
CC(C)C[C@H](NC(=O)[C@H](Cc1c[nH]cn1)[n+]1[c-]n2ccccc2c1)C(=O)N[C@@H](C)C(=O)O,-7.4258,-7.5117216
CC(C)C[C@H](NC(=O)[C@H](Cc1c[nH]cn1)[n+]1[c-]n2ccccc2c1)C(=O)N[C@@H](CCC(N)=O)C(=O)O,-7.8414,-7.6461496
CC(C)C[C@H](NC(=O)[C@H](Cc1c[nH]cn1)[n+]1[c-]n2ccccc2c1)C(=O)N[C@@H](Cc1ccccc1)C(=O)O,-6.5007,-7.888033
CC(C)C[C@H](NC(=O)[C@H](Cc1c[nH]cn1)[n+]1[c-]n2ccccc2c1)C(=O)N[C@H](C(=O)O)[C@@H](C)O,-3.2037,-7.9433823
CC(C)C[C@H](NC(=O)[C@H](Cc1ccc(O)cc1)NC(=O)C[n+]1[c-]n2ccccc2c1)C(=O)O,-9.7332,-9.6413965
CC(C)C[C@H](NC(=O)[C@H](Cc1ccc(O)cc1)NC(=O)[C@H](C)[n+]1[c-]n2ccccc2c1)C(=O)O,-2.401,-4.9156513
CC(C)C[C@H](NC(=O)[C@H](Cc1ccc(O)cc1)NC(=O)[C@H](CC(C)C)[n+]1[c-]n2ccccc2c1)C(=O)O,-3.1975,-5.8375816
CC(C)C[C@H](NC(=O)[C@H](Cc1ccc(O)cc1)NC(=O)[C@H](Cc1c[nH]cn1)[n+]1[c-]n2ccccc2c1)C(=O)O,-10.7588,-8.406863
CC(C)C[C@H](NC(=O)[C@H](Cc1ccc(O)cc1)[n+]1[c-]n2ccccc2c1)C(=O)N[C@@H](C)C(=O)O,-2.994,-3.956921
CC(C)C[C@H](NC(=O)[C@H](Cc1ccccc1)NC(=O)[C@H](C)[n+]1[c-]n2ccccc2c1)C(=O)O,-7.978,-6.483835
CC(C)C[C@H](NC(=O)[C@H](Cc1ccccc1)NC(=O)[C@H](CC(N)=O)[n+]1[c-]n2ccccc2c1)C(=O)O,-6.045,-5.841142
CC(C)C[C@H](NC(=O)[C@H](Cc1ccccc1)NC(=O)[C@H](CCC(N)=O)[n+]1[c-]n2ccccc2c1)C(=O)O,-4.8079,-6.4540315
CC(C)C[C@H](NC(=O)[C@H](Cc1ccccc1)NC(=O)[C@H](CS)[n+]1[c-]n2ccccc2c1)C(=O)O,-3.1278,-6.5553536
CC(C)C[C@H](NC(=O)[C@H]([C@@H](C)O)[n+]1[c-]n2ccccc2c1)C(=O)NCC(=O)O,-3.574,-4.12516
CC(C)C[C@H](NC(=O)[C@H]([C@@H](C)O)[n+]1[c-]n2ccccc2c1)C(=O)N[C@@H](Cc1ccc(O)cc1)C(=O)O,-15.5565,-9.3581295
CC(C)C[C@H](NC(=O)[C@H]([C@@H](C)O)[n+]1[c-]n2ccccc2c1)C(=O)N[C@@H](Cc1ccccc1)C(=O)O,-8.8569,-5.771537
CC(C)[C@@H](C(=O)N1CCC[C@H]1C(=O)N[C@@H](C)C(=O)O)[n+]1[c-]n2ccccc2c1,-5.7522,-6.3549294
CC(C)[C@@H](C(=O)N1CCC[C@H]1C(=O)O)[n+]1[c-]n2ccccc2c1,-6.6463,-6.5656843
CC(C)[C@@H](C(=O)NCC(=O)N[C@@H](C)C(=O)O)[n+]1[c-]n2ccccc2c1,-6.4152,-5.8468695
CC(C)[C@@H](C(=O)NCC(=O)N[C@@H](CO)C(=O)O)[n+]1[c-]n2ccccc2c1,-10.2025,-9.896215
CC(C)[C@@H](C(=O)NCC(=O)N[C@@H](CS)C(=O)O)[n+]1[c-]n2ccccc2c1,-9.0796,-7.065662
CC(C)[C@@H](C(=O)NCC(=O)N[C@@H](Cc1c[nH]c2ccccc12)C(=O)O)[n+]1[c-]n2ccccc2c1,-15.3304,-6.2872458
CC(C)[C@@H](C(=O)NCC(=O)N[C@@H](Cc1c[nH]cn1)C(=O)O)[n+]1[c-]n2ccccc2c1,-12.9043,-7.3958907
CC(C)[C@@H](C(=O)N[C@@H](C)C(=O)N[C@@H](Cc1ccccc1)C(=O)O)[n+]1[c-]n2ccccc2c1,-6.0346,-7.8835607
CC(C)[C@@H](C(=O)N[C@@H](C)C(=O)N[C@H](C(=O)O)[C@@H](C)O)[n+]1[c-]n2ccccc2c1,-5.1979,-4.9634337
CC(C)[C@@H](C(=O)N[C@@H](C)C(=O)O)[n+]1[c-]n2ccccc2c1,-4.1105,-5.481039
CC(C)[C@@H](C(=O)N[C@@H](CC(=O)O)C(=O)N1CCC[C@H]1C(=O)O)[n+]1[c-]n2ccccc2c1,-5.2866,-10.103258
CC(C)[C@@H](C(=O)N[C@@H](CC(=O)O)C(=O)N[C@@H](Cc1c[nH]c2ccccc12)C(=O)O)[n+]1[c-]n2ccccc2c1,-11.9258,-10.713435
CC(C)[C@@H](C(=O)N[C@@H](CC(=O)O)C(=O)N[C@@H](Cc1c[nH]cn1)C(=O)O)[n+]1[c-]n2ccccc2c1,-8.8793,-5.9394703
CC(C)[C@@H](C(=O)N[C@@H](CC(=O)O)C(=O)N[C@H](C(=O)O)[C@@H](C)O)[n+]1[c-]n2ccccc2c1,-8.7578,-9.488291
CC(C)[C@@H](C(=O)N[C@@H](CC(N)=O)C(=O)N1CCC[C@H]1C(=O)O)[n+]1[c-]n2ccccc2c1,-11.9604,-7.1255255
CC(C)[C@@H](C(=O)N[C@@H](CC(N)=O)C(=O)N[C@@H](C)C(=O)O)[n+]1[c-]n2ccccc2c1,-8.3809,-5.192562
CC(C)[C@@H](C(=O)N[C@@H](CC(N)=O)C(=O)N[C@@H](CO)C(=O)O)[n+]1[c-]n2ccccc2c1,-9.5619,-10.837095
CC(C)[C@@H](C(=O)N[C@@H](CC(N)=O)C(=O)N[C@@H](Cc1c[nH]cn1)C(=O)O)[n+]1[c-]n2ccccc2c1,-14.0256,-9.378134
CC(C)[C@@H](C(=O)N[C@@H](CC(N)=O)C(=O)N[C@@H](Cc1ccccc1)C(=O)O)[n+]1[c-]n2ccccc2c1,-10.6687,-7.489564
CC(C)[C@@H](C(=O)N[C@@H](CC(N)=O)C(=O)O)[n+]1[c-]n2ccccc2c1,-9.1208,-7.4199944
CC(C)[C@@H](C(=O)N[C@@H](CCC(=O)O)C(=O)N[C@H](C(=O)O)[C@@H](C)O)[n+]1[c-]n2ccccc2c1,-9.7253,-9.39958
CC(C)[C@@H](C(=O)N[C@@H](CCC(N)=O)C(=O)N[C@@H](C)C(=O)O)[n+]1[c-]n2ccccc2c1,-11.2226,-8.239118
CC(C)[C@@H](C(=O)N[C@@H](CCC(N)=O)C(=O)N[C@@H](CC(N)=O)C(=O)O)[n+]1[c-]n2ccccc2c1,-9.4554,-10.537377
CC(C)[C@@H](C(=O)N[C@@H](CCC(N)=O)C(=O)N[C@@H](CCC(=O)O)C(=O)O)[n+]1[c-]n2ccccc2c1,-11.459,-15.595644
CC(C)[C@@H](C(=O)N[C@@H](CCCNC(=N)N)C(=O)N[C@@H](Cc1c[nH]c2ccccc12)C(=O)O)[n+]1[c-]n2ccccc2c1,-7.8389,-9.952559
CC(C)[C@@H](C(=O)N[C@@H](CO)C(=O)N1CCC[C@H]1C(=O)O)[n+]1[c-]n2ccccc2c1,-10.4129,-5.97563
CC(C)[C@@H](C(=O)N[C@@H](CO)C(=O)N[C@@H](CCC(=O)O)C(=O)O)[n+]1[c-]n2ccccc2c1,-13.8711,-6.20893
CC(C)[C@@H](C(=O)N[C@@H](CS)C(=O)N[C@@H](Cc1c[nH]cn1)C(=O)O)[n+]1[c-]n2ccccc2c1,-5.2355,-7.231289
CC(C)[C@@H](C(=O)N[C@@H](Cc1c[nH]c2ccccc12)C(=O)N1CCC[C@H]1C(=O)O)[n+]1[c-]n2ccccc2c1,-4.1217,-12.549007
CC(C)[C@@H](C(=O)N[C@@H](Cc1c[nH]c2ccccc12)C(=O)NCC(=O)O)[n+]1[c-]n2ccccc2c1,-6.9366,-6.5177794
CC(C)[C@@H](C(=O)N[C@@H](Cc1c[nH]c2ccccc12)C(=O)N[C@@H](CC(=O)O)C(=O)O)[n+]1[c-]n2ccccc2c1,-8.3221,-10.68141
CC(C)[C@@H](C(=O)N[C@@H](Cc1c[nH]c2ccccc12)C(=O)N[C@@H](CC(N)=O)C(=O)O)[n+]1[c-]n2ccccc2c1,-10.14,-10.888176
CC(C)[C@@H](C(=O)N[C@@H](Cc1c[nH]c2ccccc12)C(=O)N[C@@H](CCC(N)=O)C(=O)O)[n+]1[c-]n2ccccc2c1,-9.1283,-12.288508
CC(C)[C@@H](C(=O)N[C@@H](Cc1c[nH]c2ccccc12)C(=O)O)[n+]1[c-]n2ccccc2c1,-9.5372,-8.737881
CC(C)[C@@H](C(=O)N[C@@H](Cc1c[nH]cn1)C(=O)NCC(=O)O)[n+]1[c-]n2ccccc2c1,-5.0207,-5.7756987
CC(C)[C@@H](C(=O)N[C@@H](Cc1c[nH]cn1)C(=O)N[C@@H](C)C(=O)O)[n+]1[c-]n2ccccc2c1,-7.2848,-9.0547
CC(C)[C@@H](C(=O)N[C@@H](Cc1c[nH]cn1)C(=O)N[C@@H](CS)C(=O)O)[n+]1[c-]n2ccccc2c1,-0.551,-8.738372
CC(C)[C@@H](C(=O)N[C@@H](Cc1ccc(O)cc1)C(=O)N1CCC[C@H]1C(=O)O)[n+]1[c-]n2ccccc2c1,-7.6603,-8.000109
CC(C)[C@@H](C(=O)N[C@@H](Cc1ccc(O)cc1)C(=O)N[C@@H](CCC(=O)O)C(=O)O)[n+]1[c-]n2ccccc2c1,-13.7509,-6.489112
CC(C)[C@@H](C(=O)N[C@@H](Cc1ccc(O)cc1)C(=O)N[C@@H](CCC(N)=O)C(=O)O)[n+]1[c-]n2ccccc2c1,6.9007,-9.952877
CC(C)[C@@H](C(=O)N[C@@H](Cc1ccc(O)cc1)C(=O)N[C@H](C(=O)O)[C@@H](C)O)[n+]1[c-]n2ccccc2c1,-12.1087,-9.056592
CC(C)[C@@H](C(=O)N[C@@H](Cc1ccccc1)C(=O)N[C@@H](Cc1c[nH]c2ccccc12)C(=O)O)[n+]1[c-]n2ccccc2c1,-12.8956,-10.387857
CC(C)[C@@H](C(=O)N[C@@H](Cc1ccccc1)C(=O)N[C@@H](Cc1c[nH]cn1)C(=O)O)[n+]1[c-]n2ccccc2c1,-9.1567,-9.159179
CC(C)[C@@H](C(=O)N[C@H](C(=O)N[C@@H](CC(=O)O)C(=O)O)[C@@H](C)O)[n+]1[c-]n2ccccc2c1,-14.2128,-9.734874
CC(C)[C@@H](C(=O)N[C@H](C(=O)N[C@@H](Cc1c[nH]cn1)C(=O)O)[C@@H](C)O)[n+]1[c-]n2ccccc2c1,-5.1239,-7.4987516
CC(C)[C@H](NC(=O)CNC(=O)[C@H](CCC(N)=O)[n+]1[c-]n2ccccc2c1)C(=O)O,-10.1902,-7.9284325
CC(C)[C@H](NC(=O)CNC(=O)[C@H](CS)[n+]1[c-]n2ccccc2c1)C(=O)O,-9.1849,-8.851383
CC(C)[C@H](NC(=O)C[n+]1[c-]n2ccccc2c1)C(=O)N[C@@H](Cc1c[nH]c2ccccc12)C(=O)O,-14.4604,-13.343548
CC(C)[C@H](NC(=O)C[n+]1[c-]n2ccccc2c1)C(=O)N[C@H](C(=O)O)[C@@H](C)O,-8.0743,-11.101982
CC(C)[C@H](NC(=O)C[n+]1[c-]n2ccccc2c1)C(=O)O,-8.0962,-8.077183
CC(C)[C@H](NC(=O)[C@@H](NC(=O)[C@H](C(C)C)[n+]1[c-]n2ccccc2c1)[C@@H](C)O)C(=O)O,-4.0696,-5.846664
CC(C)[C@H](NC(=O)[C@@H](NC(=O)[C@H](CC(=O)O)[n+]1[c-]n2ccccc2c1)[C@@H](C)O)C(=O)O,-4.4951,-4.5958576
CC(C)[C@H](NC(=O)[C@@H](NC(=O)[C@H](CC(N)=O)[n+]1[c-]n2ccccc2c1)C(C)C)C(=O)O,-7.2123,-5.268977
CC(C)[C@H](NC(=O)[C@@H](NC(=O)[C@H](CS)[n+]1[c-]n2ccccc2c1)C(C)C)C(=O)O,-3.3382,-2.4971378
CC(C)[C@H](NC(=O)[C@@H](NC(=O)[C@H](Cc1c[nH]c2ccccc12)[n+]1[c-]n2ccccc2c1)C(C)C)C(=O)O,-2.8308,-5.83552
CC(C)[C@H](NC(=O)[C@@H]1CCCN1C(=O)[C@H](CC(=O)O)[n+]1[c-]n2ccccc2c1)C(=O)O,-1.2801,-3.935832
CC(C)[C@H](NC(=O)[C@@H]1CCCN1C(=O)[C@H](CC(N)=O)[n+]1[c-]n2ccccc2c1)C(=O)O,-1.6481,-5.3163457
CC(C)[C@H](NC(=O)[C@@H]1CCCN1C(=O)[C@H]([C@@H](C)O)[n+]1[c-]n2ccccc2c1)C(=O)O,-11.5969,-7.859353
CC(C)[C@H](NC(=O)[C@H](C(C)C)[n+]1[c-]n2ccccc2c1)C(=O)N[C@@H](CC(=O)O)C(=O)O,-3.9837,-4.066201
CC(C)[C@H](NC(=O)[C@H](C(C)C)[n+]1[c-]n2ccccc2c1)C(=O)N[C@@H](CCC(N)=O)C(=O)O,-9.9478,-7.4852295
CC(C)[C@H](NC(=O)[C@H](C(C)C)[n+]1[c-]n2ccccc2c1)C(=O)N[C@@H](CCCNC(=N)N)C(=O)O,-9.2284,-10.17037
CC(C)[C@H](NC(=O)[C@H](C(C)C)[n+]1[c-]n2ccccc2c1)C(=O)N[C@@H](CS)C(=O)O,-2.7696,-5.826912
CC(C)[C@H](NC(=O)[C@H](C(C)C)[n+]1[c-]n2ccccc2c1)C(=O)N[C@@H](Cc1ccc(O)cc1)C(=O)O,-7.4677,-5.900041
CC(C)[C@H](NC(=O)[C@H](C)NC(=O)[C@H](Cc1c[nH]cn1)[n+]1[c-]n2ccccc2c1)C(=O)O,-7.1473,-9.977993
CC(C)[C@H](NC(=O)[C@H](C)NC(=O)[C@H](Cc1ccc(O)cc1)[n+]1[c-]n2ccccc2c1)C(=O)O,-3.2142,-4.2542877
CC(C)[C@H](NC(=O)[C@H](C)[n+]1[c-]n2ccccc2c1)C(=O)N[C@@H](CC(N)=O)C(=O)O,-6.9007,-9.917929
CC(C)[C@H](NC(=O)[C@H](C)[n+]1[c-]n2ccccc2c1)C(=O)N[C@@H](CCC(N)=O)C(=O)O,-12.071,-3.7747722
CC(C)[C@H](NC(=O)[C@H](C)[n+]1[c-]n2ccccc2c1)C(=O)N[C@@H](CCCNC(=N)N)C(=O)O,-12.7308,-10.245132
CC(C)[C@H](NC(=O)[C@H](CC(=O)O)NC(=O)C[n+]1[c-]n2ccccc2c1)C(=O)O,-6.8672,-10.869694
CC(C)[C@H](NC(=O)[C@H](CC(=O)O)NC(=O)[C@H](CCC(=O)O)[n+]1[c-]n2ccccc2c1)C(=O)O,-7.136,-5.09354
CC(C)[C@H](NC(=O)[C@H](CC(=O)O)NC(=O)[C@H](CS)[n+]1[c-]n2ccccc2c1)C(=O)O,0.8249,-4.8675156
CC(C)[C@H](NC(=O)[C@H](CC(=O)O)[n+]1[c-]n2ccccc2c1)C(=O)NCC(=O)O,-3.6285,-6.657749
CC(C)[C@H](NC(=O)[C@H](CC(N)=O)NC(=O)[C@H](CCC(=O)O)[n+]1[c-]n2ccccc2c1)C(=O)O,-4.6566,-6.9275775
CC(C)[C@H](NC(=O)[C@H](CC(N)=O)NC(=O)[C@H](CS)[n+]1[c-]n2ccccc2c1)C(=O)O,1.6032,-4.0840335
CC(C)[C@H](NC(=O)[C@H](CC(N)=O)[n+]1[c-]n2ccccc2c1)C(=O)N[C@@H](Cc1c[nH]cn1)C(=O)O,-4.5612,-8.590555
CC(C)[C@H](NC(=O)[C@H](CC(N)=O)[n+]1[c-]n2ccccc2c1)C(=O)N[C@@H](Cc1ccc(O)cc1)C(=O)O,-12.0492,-9.438964
CC(C)[C@H](NC(=O)[C@H](CCC(=O)O)NC(=O)[C@H](CC(=O)O)[n+]1[c-]n2ccccc2c1)C(=O)O,-8.8084,-9.831479
CC(C)[C@H](NC(=O)[C@H](CCC(=O)O)NC(=O)[C@H](CC(N)=O)[n+]1[c-]n2ccccc2c1)C(=O)O,-4.616,-8.807503
CC(C)[C@H](NC(=O)[C@H](CCC(=O)O)[n+]1[c-]n2ccccc2c1)C(=O)N[C@@H](C)C(=O)O,-6.6558,-3.5125432
CC(C)[C@H](NC(=O)[C@H](CCC(=O)O)[n+]1[c-]n2ccccc2c1)C(=O)N[C@@H](CCC(=O)O)C(=O)O,-13.3595,-8.37409
CC(C)[C@H](NC(=O)[C@H](CCC(=O)O)[n+]1[c-]n2ccccc2c1)C(=O)N[C@@H](Cc1c[nH]c2ccccc12)C(=O)O,-9.8395,-10.034366
CC(C)[C@H](NC(=O)[C@H](CCC(=O)O)[n+]1[c-]n2ccccc2c1)C(=O)N[C@@H](Cc1ccccc1)C(=O)O,-7.0926,-7.06116
CC(C)[C@H](NC(=O)[C@H](CCC(N)=O)NC(=O)[C@H](CC(N)=O)[n+]1[c-]n2ccccc2c1)C(=O)O,-10.6317,-8.728851
CC(C)[C@H](NC(=O)[C@H](CCC(N)=O)NC(=O)[C@H](CCC(=O)O)[n+]1[c-]n2ccccc2c1)C(=O)O,-8.3284,-8.5512495
CC(C)[C@H](NC(=O)[C@H](CCC(N)=O)NC(=O)[C@H](CO)[n+]1[c-]n2ccccc2c1)C(=O)O,-14.8769,-9.473568
CC(C)[C@H](NC(=O)[C@H](CCC(N)=O)NC(=O)[C@H](CS)[n+]1[c-]n2ccccc2c1)C(=O)O,-5.8328,-9.9872265
CC(C)[C@H](NC(=O)[C@H](CCC(N)=O)NC(=O)[C@H](Cc1c[nH]cn1)[n+]1[c-]n2ccccc2c1)C(=O)O,-12.1463,-10.194974
CC(C)[C@H](NC(=O)[C@H](CCC(N)=O)[n+]1[c-]n2ccccc2c1)C(=O)N[C@@H](C)C(=O)O,0.4725,-4.7637215
CC(C)[C@H](NC(=O)[C@H](CCC(N)=O)[n+]1[c-]n2ccccc2c1)C(=O)N[C@@H](CCC(N)=O)C(=O)O,-21.381,-10.871316
CC(C)[C@H](NC(=O)[C@H](CCCNC(=N)N)NC(=O)[C@H](Cc1c[nH]c2ccccc12)[n+]1[c-]n2ccccc2c1)C(=O)O,0.5213,-9.672398
CC(C)[C@H](NC(=O)[C@H](CCCNC(=N)N)[n+]1[c-]n2ccccc2c1)C(=O)N[C@@H](CCCNC(=N)N)C(=O)O,-2.1963,-7.7689743
CC(C)[C@H](NC(=O)[C@H](CCCNC(=N)N)[n+]1[c-]n2ccccc2c1)C(=O)N[C@@H](CS)C(=O)O,-4.7499,-8.273051
CC(C)[C@H](NC(=O)[C@H](CCCNC(=N)N)[n+]1[c-]n2ccccc2c1)C(=O)N[C@@H](Cc1c[nH]cn1)C(=O)O,-10.5372,-9.55068
CC(C)[C@H](NC(=O)[C@H](CCCNC(=N)N)[n+]1[c-]n2ccccc2c1)C(=O)N[C@@H](Cc1ccccc1)C(=O)O,-8.382,-8.524996
CC(C)[C@H](NC(=O)[C@H](CO)NC(=O)[C@H](C(C)C)[n+]1[c-]n2ccccc2c1)C(=O)O,-1.6625,-4.35515
CC(C)[C@H](NC(=O)[C@H](CO)[n+]1[c-]n2ccccc2c1)C(=O)N[C@@H](C)C(=O)O,-4.1605,-4.0083036
CC(C)[C@H](NC(=O)[C@H](CO)[n+]1[c-]n2ccccc2c1)C(=O)N[C@@H](CCCNC(=N)N)C(=O)O,-6.8805,-9.728643
CC(C)[C@H](NC(=O)[C@H](CO)[n+]1[c-]n2ccccc2c1)C(=O)N[C@@H](Cc1c[nH]cn1)C(=O)O,-8.718,-5.3900104
CC(C)[C@H](NC(=O)[C@H](CO)[n+]1[c-]n2ccccc2c1)C(=O)N[C@@H](Cc1ccc(O)cc1)C(=O)O,-4.4389,-7.6850014
CC(C)[C@H](NC(=O)[C@H](CO)[n+]1[c-]n2ccccc2c1)C(=O)N[C@@H](Cc1ccccc1)C(=O)O,-6.4878,-7.913703
CC(C)[C@H](NC(=O)[C@H](CO)[n+]1[c-]n2ccccc2c1)C(=O)N[C@H](C(=O)O)[C@@H](C)O,-8.1781,-6.5898924
CC(C)[C@H](NC(=O)[C@H](CS)NC(=O)[C@H](CC(=O)O)[n+]1[c-]n2ccccc2c1)C(=O)O,-5.6747,-6.7401204
CC(C)[C@H](NC(=O)[C@H](CS)NC(=O)[C@H](CC(N)=O)[n+]1[c-]n2ccccc2c1)C(=O)O,-8.3093,-8.552145
CC(C)[C@H](NC(=O)[C@H](CS)NC(=O)[C@H](Cc1ccccc1)[n+]1[c-]n2ccccc2c1)C(=O)O,-4.7871,-10.146534
CC(C)[C@H](NC(=O)[C@H](CS)NC(=O)[C@H]([C@@H](C)O)[n+]1[c-]n2ccccc2c1)C(=O)O,-6.4368,-10.336086
CC(C)[C@H](NC(=O)[C@H](CS)[n+]1[c-]n2ccccc2c1)C(=O)N[C@@H](CCC(=O)O)C(=O)O,-4.2287,-6.8574286
CC(C)[C@H](NC(=O)[C@H](Cc1c[nH]c2ccccc12)NC(=O)[C@H](C(C)C)[n+]1[c-]n2ccccc2c1)C(=O)O,-5.3565,-7.2529297
CC(C)[C@H](NC(=O)[C@H](Cc1c[nH]c2ccccc12)NC(=O)[C@H](C)[n+]1[c-]n2ccccc2c1)C(=O)O,-9.9443,-9.230833
CC(C)[C@H](NC(=O)[C@H](Cc1c[nH]c2ccccc12)NC(=O)[C@H]([C@@H](C)O)[n+]1[c-]n2ccccc2c1)C(=O)O,-7.9728,-8.89223
CC(C)[C@H](NC(=O)[C@H](Cc1c[nH]c2ccccc12)[n+]1[c-]n2ccccc2c1)C(=O)N[C@@H](C)C(=O)O,-2.4305,-3.3596692
CC(C)[C@H](NC(=O)[C@H](Cc1c[nH]c2ccccc12)[n+]1[c-]n2ccccc2c1)C(=O)N[C@@H](CS)C(=O)O,-5.1011,-6.683318
CC(C)[C@H](NC(=O)[C@H](Cc1c[nH]c2ccccc12)[n+]1[c-]n2ccccc2c1)C(=O)N[C@@H](Cc1c[nH]c2ccccc12)C(=O)O,-12.4557,-11.463298
CC(C)[C@H](NC(=O)[C@H](Cc1c[nH]c2ccccc12)[n+]1[c-]n2ccccc2c1)C(=O)N[C@@H](Cc1ccccc1)C(=O)O,-5.7934,-3.8376083
CC(C)[C@H](NC(=O)[C@H](Cc1c[nH]cn1)NC(=O)[C@H](CCC(=O)O)[n+]1[c-]n2ccccc2c1)C(=O)O,-8.8204,-11.331146
CC(C)[C@H](NC(=O)[C@H](Cc1c[nH]cn1)[n+]1[c-]n2ccccc2c1)C(=O)N[C@@H](CCC(=O)O)C(=O)O,-0.3076,-7.0361753
CC(C)[C@H](NC(=O)[C@H](Cc1c[nH]cn1)[n+]1[c-]n2ccccc2c1)C(=O)N[C@@H](Cc1c[nH]c2ccccc12)C(=O)O,-4.3877,-5.4939427
CC(C)[C@H](NC(=O)[C@H](Cc1c[nH]cn1)[n+]1[c-]n2ccccc2c1)C(=O)N[C@@H](Cc1ccccc1)C(=O)O,-6.0988,-10.629993
CC(C)[C@H](NC(=O)[C@H](Cc1c[nH]cn1)[n+]1[c-]n2ccccc2c1)C(=O)N[C@H](C(=O)O)[C@@H](C)O,-8.8771,-8.183093
CC(C)[C@H](NC(=O)[C@H](Cc1ccc(O)cc1)NC(=O)[C@H](C)[n+]1[c-]n2ccccc2c1)C(=O)O,-5.0696,-6.293803
CC(C)[C@H](NC(=O)[C@H](Cc1ccc(O)cc1)NC(=O)[C@H](CCC(N)=O)[n+]1[c-]n2ccccc2c1)C(=O)O,-12.3239,-10.997881
CC(C)[C@H](NC(=O)[C@H](Cc1ccc(O)cc1)NC(=O)[C@H](CO)[n+]1[c-]n2ccccc2c1)C(=O)O,-4.7088,-9.037477
CC(C)[C@H](NC(=O)[C@H](Cc1ccccc1)NC(=O)[C@H](CCC(=O)O)[n+]1[c-]n2ccccc2c1)C(=O)O,-4.0946,-5.5085263
CC(C)[C@H](NC(=O)[C@H](Cc1ccccc1)[n+]1[c-]n2ccccc2c1)C(=O)N[C@@H](CO)C(=O)O,-10.1247,-6.328893
CC(C)[C@H](NC(=O)[C@H](Cc1ccccc1)[n+]1[c-]n2ccccc2c1)C(=O)N[C@@H](CS)C(=O)O,-5.4552,-4.2755184
CC(C)[C@H](NC(=O)[C@H](Cc1ccccc1)[n+]1[c-]n2ccccc2c1)C(=O)O,-6.5159,-3.6748157
CC(C)[C@H](NC(=O)[C@H]([C@@H](C)O)[n+]1[c-]n2ccccc2c1)C(=O)N[C@@H](C)C(=O)O,-7.9347,-6.092856
CC(C)[C@H](NC(=O)[C@H]([C@@H](C)O)[n+]1[c-]n2ccccc2c1)C(=O)N[C@@H](CC(=O)O)C(=O)O,-9.203,-6.5500793
CC(C)[C@H](NC(=O)[C@H]([C@@H](C)O)[n+]1[c-]n2ccccc2c1)C(=O)N[C@@H](CCC(=O)O)C(=O)O,-8.6289,-8.1635685
CC(C)[C@H](NC(=O)[C@H]([C@@H](C)O)[n+]1[c-]n2ccccc2c1)C(=O)N[C@@H](CO)C(=O)O,-7.9122,-7.7613907
CC(C)[C@H](NC(=O)[C@H]([C@@H](C)O)[n+]1[c-]n2ccccc2c1)C(=O)N[C@@H](Cc1c[nH]c2ccccc12)C(=O)O,-12.5802,-10.541176
CC(C)[C@H](NC(=O)[C@H]([C@@H](C)O)[n+]1[c-]n2ccccc2c1)C(=O)O,-7.0685,-7.260491
CC[C@H](C)[C@@H](C(=O)N1CCC[C@H]1C(=O)N[C@@H](CC(=O)O)C(=O)O)[n+]1[c-]n2ccccc2c1,-7.0286,-8.825367
CC[C@H](C)[C@@H](C(=O)N1CCC[C@H]1C(=O)N[C@@H](CCCNC(=N)N)C(=O)O)[n+]1[c-]n2ccccc2c1,-11.5924,-7.603384
CC[C@H](C)[C@@H](C(=O)N1CCC[C@H]1C(=O)N[C@@H](CO)C(=O)O)[n+]1[c-]n2ccccc2c1,-8.3136,-6.7977395
CC[C@H](C)[C@@H](C(=O)N1CCC[C@H]1C(=O)N[C@@H](Cc1ccc(O)cc1)C(=O)O)[n+]1[c-]n2ccccc2c1,-10.4079,-5.6897526
CC[C@H](C)[C@@H](C(=O)N1CCC[C@H]1C(=O)N[C@H](C(=O)O)[C@@H](C)O)[n+]1[c-]n2ccccc2c1,-12.1632,-8.072439
CC[C@H](C)[C@@H](C(=O)N1CCC[C@H]1C(=O)O)[n+]1[c-]n2ccccc2c1,-6.5014,-6.5910416
CC[C@H](C)[C@@H](C(=O)NCC(=O)N[C@@H](CCC(N)=O)C(=O)O)[n+]1[c-]n2ccccc2c1,-15.1738,-10.085181
CC[C@H](C)[C@@H](C(=O)NCC(=O)N[C@@H](Cc1c[nH]c2ccccc12)C(=O)O)[n+]1[c-]n2ccccc2c1,-11.2927,-8.718362
CC[C@H](C)[C@@H](C(=O)NCC(=O)N[C@@H](Cc1ccc(O)cc1)C(=O)O)[n+]1[c-]n2ccccc2c1,-14.7919,-12.1606245
CC[C@H](C)[C@@H](C(=O)NCC(=O)N[C@@H](Cc1ccccc1)C(=O)O)[n+]1[c-]n2ccccc2c1,-9.3935,-11.031471
CC[C@H](C)[C@@H](C(=O)NCC(=O)N[C@H](C(=O)O)[C@@H](C)O)[n+]1[c-]n2ccccc2c1,-8.4516,-6.5170755
CC[C@H](C)[C@@H](C(=O)N[C@@H](C)C(=O)N[C@@H](CC(N)=O)C(=O)O)[n+]1[c-]n2ccccc2c1,-14.3024,-8.038915
CC[C@H](C)[C@@H](C(=O)N[C@@H](C)C(=O)N[C@@H](CO)C(=O)O)[n+]1[c-]n2ccccc2c1,-2.2949,-5.549986
CC[C@H](C)[C@@H](C(=O)N[C@@H](C)C(=O)O)[n+]1[c-]n2ccccc2c1,-4.0559,-5.1035166
CC[C@H](C)[C@@H](C(=O)N[C@@H](CC(=O)O)C(=O)NCC(=O)O)[n+]1[c-]n2ccccc2c1,-7.683,-7.9666424
CC[C@H](C)[C@@H](C(=O)N[C@@H](CC(=O)O)C(=O)N[C@@H](CC(=O)O)C(=O)O)[n+]1[c-]n2ccccc2c1,-9.1267,-13.417765
CC[C@H](C)[C@@H](C(=O)N[C@@H](CC(=O)O)C(=O)N[C@@H](CCC(N)=O)C(=O)O)[n+]1[c-]n2ccccc2c1,-4.853,-8.88323
CC[C@H](C)[C@@H](C(=O)N[C@@H](CC(=O)O)C(=O)N[C@@H](Cc1c[nH]cn1)C(=O)O)[n+]1[c-]n2ccccc2c1,-3.7917,-5.918644
CC[C@H](C)[C@@H](C(=O)N[C@@H](CC(C)C)C(=O)N[C@@H](C)C(=O)O)[n+]1[c-]n2ccccc2c1,-4.6479,-4.386729
CC[C@H](C)[C@@H](C(=O)N[C@@H](CC(C)C)C(=O)N[C@@H](Cc1c[nH]c2ccccc12)C(=O)O)[n+]1[c-]n2ccccc2c1,-6.3088,-6.9797573
CC[C@H](C)[C@@H](C(=O)N[C@@H](CC(N)=O)C(=O)N1CCC[C@H]1C(=O)O)[n+]1[c-]n2ccccc2c1,-11.9675,-7.960337
CC[C@H](C)[C@@H](C(=O)N[C@@H](CC(N)=O)C(=O)NCC(=O)O)[n+]1[c-]n2ccccc2c1,-6.9343,-9.273567
CC[C@H](C)[C@@H](C(=O)N[C@@H](CC(N)=O)C(=O)N[C@@H](CS)C(=O)O)[n+]1[c-]n2ccccc2c1,-11.8984,-5.38522
CC[C@H](C)[C@@H](C(=O)N[C@@H](CC(N)=O)C(=O)N[C@@H](Cc1c[nH]c2ccccc12)C(=O)O)[n+]1[c-]n2ccccc2c1,-11.5685,-10.440778
CC[C@H](C)[C@@H](C(=O)N[C@@H](CCC(=O)O)C(=O)N1CCC[C@H]1C(=O)O)[n+]1[c-]n2ccccc2c1,-4.9593,-7.890463
CC[C@H](C)[C@@H](C(=O)N[C@@H](CCC(=O)O)C(=O)N[C@@H](CC(=O)O)C(=O)O)[n+]1[c-]n2ccccc2c1,-9.712,-9.650438
CC[C@H](C)[C@@H](C(=O)N[C@@H](CCC(=O)O)C(=O)N[C@@H](CC(N)=O)C(=O)O)[n+]1[c-]n2ccccc2c1,-9.6987,-8.93967
CC[C@H](C)[C@@H](C(=O)N[C@@H](CCC(=O)O)C(=O)N[C@@H](CCC(=O)O)C(=O)O)[n+]1[c-]n2ccccc2c1,-11.9012,-9.387753
CC[C@H](C)[C@@H](C(=O)N[C@@H](CCC(=O)O)C(=O)N[C@@H](CS)C(=O)O)[n+]1[c-]n2ccccc2c1,-8.0716,-8.81485
CC[C@H](C)[C@@H](C(=O)N[C@@H](CCC(=O)O)C(=O)N[C@@H](Cc1ccccc1)C(=O)O)[n+]1[c-]n2ccccc2c1,-23.3517,-8.608476
CC[C@H](C)[C@@H](C(=O)N[C@@H](CCC(=O)O)C(=O)N[C@H](C(=O)O)[C@@H](C)O)[n+]1[c-]n2ccccc2c1,-10.1075,-10.159269
CC[C@H](C)[C@@H](C(=O)N[C@@H](CCC(=O)O)C(=O)O)[n+]1[c-]n2ccccc2c1,-11.9663,-11.186632
CC[C@H](C)[C@@H](C(=O)N[C@@H](CCC(N)=O)C(=O)N1CCC[C@H]1C(=O)O)[n+]1[c-]n2ccccc2c1,-11.4671,-8.985079
CC[C@H](C)[C@@H](C(=O)N[C@@H](CCC(N)=O)C(=O)N[C@@H](CC(N)=O)C(=O)O)[n+]1[c-]n2ccccc2c1,-9.6228,-9.943218
CC[C@H](C)[C@@H](C(=O)N[C@@H](CCC(N)=O)C(=O)N[C@H](C(=O)O)[C@@H](C)O)[n+]1[c-]n2ccccc2c1,-11.4453,-10.697405
CC[C@H](C)[C@@H](C(=O)N[C@@H](CCC(N)=O)C(=O)O)[n+]1[c-]n2ccccc2c1,-12.4269,-12.202088
CC[C@H](C)[C@@H](C(=O)N[C@@H](CCCNC(=N)N)C(=O)N[C@@H](CC(=O)O)C(=O)O)[n+]1[c-]n2ccccc2c1,-3.2546,-8.426222
CC[C@H](C)[C@@H](C(=O)N[C@@H](CCCNC(=N)N)C(=O)N[C@@H](CS)C(=O)O)[n+]1[c-]n2ccccc2c1,-6.5742,-8.743786
CC[C@H](C)[C@@H](C(=O)N[C@@H](CCCNC(=N)N)C(=O)N[C@H](C(=O)O)C(C)C)[n+]1[c-]n2ccccc2c1,-7.5729,-6.658817
CC[C@H](C)[C@@H](C(=O)N[C@@H](CCSC)C(=O)N[C@@H](C)C(=O)O)[n+]1[c-]n2ccccc2c1,-4.1454,-5.5385876
CC[C@H](C)[C@@H](C(=O)N[C@@H](CCSC)C(=O)N[C@@H](CC(C)C)C(=O)O)[n+]1[c-]n2ccccc2c1,-4.4383,-7.229618
CC[C@H](C)[C@@H](C(=O)N[C@@H](CCSC)C(=O)N[C@@H](CO)C(=O)O)[n+]1[c-]n2ccccc2c1,-10.0513,-8.147413
CC[C@H](C)[C@@H](C(=O)N[C@@H](CCSC)C(=O)O)[n+]1[c-]n2ccccc2c1,-5.0213,-4.635237
CC[C@H](C)[C@@H](C(=O)N[C@@H](CO)C(=O)N[C@@H](CCSC)C(=O)O)[n+]1[c-]n2ccccc2c1,1.5493,-5.547506
CC[C@H](C)[C@@H](C(=O)N[C@@H](CO)C(=O)N[C@@H](Cc1ccc(O)cc1)C(=O)O)[n+]1[c-]n2ccccc2c1,-6.5486,-9.079819
CC[C@H](C)[C@@H](C(=O)N[C@@H](CO)C(=O)N[C@@H](Cc1ccccc1)C(=O)O)[n+]1[c-]n2ccccc2c1,-5.8575,-6.154752
CC[C@H](C)[C@@H](C(=O)N[C@@H](CS)C(=O)N[C@@H](CC(C)C)C(=O)O)[n+]1[c-]n2ccccc2c1,-11.5802,-6.6831465
CC[C@H](C)[C@@H](C(=O)N[C@@H](CS)C(=O)N[C@@H](CC(N)=O)C(=O)O)[n+]1[c-]n2ccccc2c1,-5.7517,-6.7273426
CC[C@H](C)[C@@H](C(=O)N[C@@H](Cc1c[nH]c2ccccc12)C(=O)NCC(=O)O)[n+]1[c-]n2ccccc2c1,-9.716,-6.5939407
CC[C@H](C)[C@@H](C(=O)N[C@@H](Cc1c[nH]c2ccccc12)C(=O)N[C@@H](CCC(=O)O)C(=O)O)[n+]1[c-]n2ccccc2c1,-3.5157,-12.241375
CC[C@H](C)[C@@H](C(=O)N[C@@H](Cc1c[nH]c2ccccc12)C(=O)N[C@@H](Cc1c[nH]cn1)C(=O)O)[n+]1[c-]n2ccccc2c1,-10.9186,-8.607855
CC[C@H](C)[C@@H](C(=O)N[C@@H](Cc1c[nH]c2ccccc12)C(=O)O)[n+]1[c-]n2ccccc2c1,-10.7381,-8.829215
CC[C@H](C)[C@@H](C(=O)N[C@@H](Cc1c[nH]cn1)C(=O)NCC(=O)O)[n+]1[c-]n2ccccc2c1,-3.0203,-9.694923
CC[C@H](C)[C@@H](C(=O)N[C@@H](Cc1c[nH]cn1)C(=O)N[C@@H](CC(C)C)C(=O)O)[n+]1[c-]n2ccccc2c1,-11.1053,-8.372741
CC[C@H](C)[C@@H](C(=O)N[C@@H](Cc1c[nH]cn1)C(=O)N[C@@H](CCC(=O)O)C(=O)O)[n+]1[c-]n2ccccc2c1,-17.108,-10.877605
CC[C@H](C)[C@@H](C(=O)N[C@@H](Cc1ccc(O)cc1)C(=O)N[C@@H](CCCNC(=N)N)C(=O)O)[n+]1[c-]n2ccccc2c1,-4.8788,-10.281889
CC[C@H](C)[C@@H](C(=O)N[C@@H](Cc1ccc(O)cc1)C(=O)N[C@@H](Cc1c[nH]c2ccccc12)C(=O)O)[n+]1[c-]n2ccccc2c1,-6.29,-8.968016
CC[C@H](C)[C@@H](C(=O)N[C@@H](Cc1ccc(O)cc1)C(=O)N[C@@H](Cc1ccc(O)cc1)C(=O)O)[n+]1[c-]n2ccccc2c1,-8.219,-10.070307
CC[C@H](C)[C@@H](C(=O)N[C@@H](Cc1ccc(O)cc1)C(=O)N[C@H](C(=O)O)C(C)C)[n+]1[c-]n2ccccc2c1,-10.759,-6.894965
CC[C@H](C)[C@@H](C(=O)N[C@@H](Cc1ccccc1)C(=O)N[C@@H](C)C(=O)O)[n+]1[c-]n2ccccc2c1,-7.3388,-7.6318007
CC[C@H](C)[C@@H](C(=O)N[C@@H](Cc1ccccc1)C(=O)N[C@@H](CC(C)C)C(=O)O)[n+]1[c-]n2ccccc2c1,-3.439,-5.4843726
CC[C@H](C)[C@@H](C(=O)N[C@@H](Cc1ccccc1)C(=O)N[C@@H](CCC(=O)O)C(=O)O)[n+]1[c-]n2ccccc2c1,-7.9025,-11.961428
CC[C@H](C)[C@@H](C(=O)N[C@@H](Cc1ccccc1)C(=O)N[C@@H](CCCNC(=N)N)C(=O)O)[n+]1[c-]n2ccccc2c1,-2.4254,-8.277613
CC[C@H](C)[C@@H](C(=O)N[C@@H](Cc1ccccc1)C(=O)N[C@@H](CCSC)C(=O)O)[n+]1[c-]n2ccccc2c1,-5.0584,-5.7418833
CC[C@H](C)[C@@H](C(=O)N[C@@H](Cc1ccccc1)C(=O)N[C@@H](CS)C(=O)O)[n+]1[c-]n2ccccc2c1,-5.0951,-7.874961
CC[C@H](C)[C@@H](C(=O)N[C@@H](Cc1ccccc1)C(=O)N[C@@H](Cc1c[nH]cn1)C(=O)O)[n+]1[c-]n2ccccc2c1,-7.6257,-9.630803
CC[C@H](C)[C@@H](C(=O)N[C@H](C(=O)NCC(=O)O)C(C)C)[n+]1[c-]n2ccccc2c1,-1.4083,-4.168394
CC[C@H](C)[C@@H](C(=O)N[C@H](C(=O)N[C@@H](CCC(=O)O)C(=O)O)[C@@H](C)O)[n+]1[c-]n2ccccc2c1,-17.2701,-10.054684
CC[C@H](C)[C@@H](C(=O)N[C@H](C(=O)N[C@@H](CCC(N)=O)C(=O)O)C(C)C)[n+]1[c-]n2ccccc2c1,-7.4637,-11.507205
CC[C@H](C)[C@@H](C(=O)N[C@H](C(=O)N[C@@H](Cc1c[nH]c2ccccc12)C(=O)O)C(C)C)[n+]1[c-]n2ccccc2c1,-7.858,-8.746737
CC[C@H](C)[C@@H](C(=O)N[C@H](C(=O)N[C@@H](Cc1c[nH]cn1)C(=O)O)C(C)C)[n+]1[c-]n2ccccc2c1,-1.5971,-3.803287
CC[C@H](C)[C@@H](C(=O)N[C@H](C(=O)N[C@@H](Cc1ccc(O)cc1)C(=O)O)[C@@H](C)O)[n+]1[c-]n2ccccc2c1,-8.0317,-7.918237
CC[C@H](C)[C@H](NC(=O)CNC(=O)[C@H](C(C)C)[n+]1[c-]n2ccccc2c1)C(=O)O,-8.0939,-6.5842457
CC[C@H](C)[C@H](NC(=O)CNC(=O)[C@H](CCC(N)=O)[n+]1[c-]n2ccccc2c1)C(=O)O,-5.7901,-4.725336
CC[C@H](C)[C@H](NC(=O)CNC(=O)[C@H](CS)[n+]1[c-]n2ccccc2c1)C(=O)O,-7.6116,-6.1163054
CC[C@H](C)[C@H](NC(=O)CNC(=O)[C@H](Cc1c[nH]c2ccccc12)[n+]1[c-]n2ccccc2c1)C(=O)O,-8.9048,-6.362587
CC[C@H](C)[C@H](NC(=O)CNC(=O)[C@H](Cc1c[nH]cn1)[n+]1[c-]n2ccccc2c1)C(=O)O,-10.0688,-10.009434
CC[C@H](C)[C@H](NC(=O)C[n+]1[c-]n2ccccc2c1)C(=O)N[C@@H](C)C(=O)O,-8.7303,-8.118425
CC[C@H](C)[C@H](NC(=O)C[n+]1[c-]n2ccccc2c1)C(=O)N[C@@H](CCCNC(=N)N)C(=O)O,-12.6728,-11.981713
CC[C@H](C)[C@H](NC(=O)C[n+]1[c-]n2ccccc2c1)C(=O)N[C@H](C(=O)O)C(C)C,-7.7669,-8.461952
CC[C@H](C)[C@H](NC(=O)C[n+]1[c-]n2ccccc2c1)C(=O)O,-6.8099,-8.074453
CC[C@H](C)[C@H](NC(=O)[C@@H](NC(=O)[C@H](C(C)C)[n+]1[c-]n2ccccc2c1)[C@@H](C)CC)C(=O)O,-3.6124,-3.855718
CC[C@H](C)[C@H](NC(=O)[C@@H](NC(=O)[C@H](C(C)C)[n+]1[c-]n2ccccc2c1)[C@@H](C)O)C(=O)O,-6.6992,-2.8637636
CC[C@H](C)[C@H](NC(=O)[C@@H](NC(=O)[C@H](CC(=O)O)[n+]1[c-]n2ccccc2c1)C(C)C)C(=O)O,-9.9881,-6.491228
CC[C@H](C)[C@H](NC(=O)[C@@H](NC(=O)[C@H](CC(N)=O)[n+]1[c-]n2ccccc2c1)[C@@H](C)CC)C(=O)O,-2.0424,-6.283019
CC[C@H](C)[C@H](NC(=O)[C@@H](NC(=O)[C@H](CCC(N)=O)[n+]1[c-]n2ccccc2c1)[C@@H](C)CC)C(=O)O,-2.7073,-5.766576
CC[C@H](C)[C@H](NC(=O)[C@@H](NC(=O)[C@H](CCC(N)=O)[n+]1[c-]n2ccccc2c1)[C@@H](C)O)C(=O)O,-3.9767,-4.9000883
CC[C@H](C)[C@H](NC(=O)[C@@H](NC(=O)[C@H](CCSC)[n+]1[c-]n2ccccc2c1)[C@@H](C)O)C(=O)O,0.1512,-4.042423
CC[C@H](C)[C@H](NC(=O)[C@@H](NC(=O)[C@H](CO)[n+]1[c-]n2ccccc2c1)[C@@H](C)O)C(=O)O,-3.8945,-6.27228
CC[C@H](C)[C@H](NC(=O)[C@@H](NC(=O)[C@H](CS)[n+]1[c-]n2ccccc2c1)[C@@H](C)O)C(=O)O,-0.1667,-3.9428425
CC[C@H](C)[C@H](NC(=O)[C@@H](NC(=O)[C@H](Cc1c[nH]cn1)[n+]1[c-]n2ccccc2c1)[C@@H](C)CC)C(=O)O,-3.1367,-6.750274
CC[C@H](C)[C@H](NC(=O)[C@@H](NC(=O)[C@H](Cc1ccc(O)cc1)[n+]1[c-]n2ccccc2c1)[C@@H](C)O)C(=O)O,-1.0692,-4.632229
CC[C@H](C)[C@H](NC(=O)[C@@H]1CCCN1C(=O)[C@H](CC(=O)O)[n+]1[c-]n2ccccc2c1)C(=O)O,-3.1543,-3.5688336
CC[C@H](C)[C@H](NC(=O)[C@@H]1CCCN1C(=O)[C@H](CCCNC(=N)N)[n+]1[c-]n2ccccc2c1)C(=O)O,-1.7481,-7.252368
CC[C@H](C)[C@H](NC(=O)[C@@H]1CCCN1C(=O)[C@H](CS)[n+]1[c-]n2ccccc2c1)C(=O)O,-5.7081,-4.8596144
CC[C@H](C)[C@H](NC(=O)[C@@H]1CCCN1C(=O)[C@H](Cc1c[nH]cn1)[n+]1[c-]n2ccccc2c1)C(=O)O,-8.0632,-6.379649
CC[C@H](C)[C@H](NC(=O)[C@@H]1CCCN1C(=O)[C@H](Cc1ccc(O)cc1)[n+]1[c-]n2ccccc2c1)C(=O)O,-8.8137,-5.773264
CC[C@H](C)[C@H](NC(=O)[C@H](C(C)C)[n+]1[c-]n2ccccc2c1)C(=O)N[C@@H](CCC(=O)O)C(=O)O,-10.3886,-8.252501
CC[C@H](C)[C@H](NC(=O)[C@H](C(C)C)[n+]1[c-]n2ccccc2c1)C(=O)N[C@@H](CS)C(=O)O,-5.2124,-5.7216535
CC[C@H](C)[C@H](NC(=O)[C@H](C(C)C)[n+]1[c-]n2ccccc2c1)C(=O)N[C@H](C(=O)O)[C@@H](C)O,-5.9349,-5.6519938
CC[C@H](C)[C@H](NC(=O)[C@H](C)NC(=O)[C@H](C(C)C)[n+]1[c-]n2ccccc2c1)C(=O)O,10.574,-2.9110951
CC[C@H](C)[C@H](NC(=O)[C@H](C)NC(=O)[C@H](CC(=O)O)[n+]1[c-]n2ccccc2c1)C(=O)O,-1.9938,-4.94596
CC[C@H](C)[C@H](NC(=O)[C@H](C)NC(=O)[C@H](CCC(=O)O)[n+]1[c-]n2ccccc2c1)C(=O)O,-3.4593,-4.0489855
CC[C@H](C)[C@H](NC(=O)[C@H](C)NC(=O)[C@H](CCSC)[n+]1[c-]n2ccccc2c1)C(=O)O,-1.3762,-4.771245
CC[C@H](C)[C@H](NC(=O)[C@H](C)[n+]1[c-]n2ccccc2c1)C(=O)N1CCC[C@H]1C(=O)O,-9.016,-7.8021836
CC[C@H](C)[C@H](NC(=O)[C@H](C)[n+]1[c-]n2ccccc2c1)C(=O)NCC(=O)O,-3.5027,-3.593759
CC[C@H](C)[C@H](NC(=O)[C@H](C)[n+]1[c-]n2ccccc2c1)C(=O)N[C@@H](CC(=O)O)C(=O)O,-2.8614,-4.257969
CC[C@H](C)[C@H](NC(=O)[C@H](C)[n+]1[c-]n2ccccc2c1)C(=O)N[C@@H](CC(C)C)C(=O)O,-11.5721,-9.627081
CC[C@H](C)[C@H](NC(=O)[C@H](C)[n+]1[c-]n2ccccc2c1)C(=O)N[C@@H](CO)C(=O)O,-4.9325,-4.2844667
CC[C@H](C)[C@H](NC(=O)[C@H](C)[n+]1[c-]n2ccccc2c1)C(=O)N[C@@H](Cc1c[nH]c2ccccc12)C(=O)O,-6.6176,-5.891528
CC[C@H](C)[C@H](NC(=O)[C@H](C)[n+]1[c-]n2ccccc2c1)C(=O)N[C@@H](Cc1c[nH]cn1)C(=O)O,-2.6789,-4.3951416
CC[C@H](C)[C@H](NC(=O)[C@H](C)[n+]1[c-]n2ccccc2c1)C(=O)N[C@@H](Cc1ccccc1)C(=O)O,-9.2105,-8.739337
CC[C@H](C)[C@H](NC(=O)[C@H](CC(=O)O)NC(=O)[C@H](CC(=O)O)[n+]1[c-]n2ccccc2c1)C(=O)O,-3.9967,-2.5196974
CC[C@H](C)[C@H](NC(=O)[C@H](CC(=O)O)NC(=O)[C@H](CO)[n+]1[c-]n2ccccc2c1)C(=O)O,-8.5095,-8.389475
CC[C@H](C)[C@H](NC(=O)[C@H](CC(=O)O)NC(=O)[C@H](Cc1ccccc1)[n+]1[c-]n2ccccc2c1)C(=O)O,-2.699,-6.7116213
CC[C@H](C)[C@H](NC(=O)[C@H](CC(=O)O)[n+]1[c-]n2ccccc2c1)C(=O)N[C@@H](C)C(=O)O,-3.9516,-5.685863
CC[C@H](C)[C@H](NC(=O)[C@H](CC(=O)O)[n+]1[c-]n2ccccc2c1)C(=O)N[C@@H](CCC(N)=O)C(=O)O,-10.3132,-10.1915865
CC[C@H](C)[C@H](NC(=O)[C@H](CC(=O)O)[n+]1[c-]n2ccccc2c1)C(=O)N[C@@H](Cc1c[nH]c2ccccc12)C(=O)O,-9.5949,-9.165595
CC[C@H](C)[C@H](NC(=O)[C@H](CC(=O)O)[n+]1[c-]n2ccccc2c1)C(=O)N[C@@H](Cc1ccccc1)C(=O)O,-2.1178,-6.309701
CC[C@H](C)[C@H](NC(=O)[C@H](CC(=O)O)[n+]1[c-]n2ccccc2c1)C(=O)N[C@H](C(=O)O)C(C)C,-1.6044,-5.133663
CC[C@H](C)[C@H](NC(=O)[C@H](CC(C)C)NC(=O)[C@H](CC(N)=O)[n+]1[c-]n2ccccc2c1)C(=O)O,-6.9849,-7.3733873
CC[C@H](C)[C@H](NC(=O)[C@H](CC(C)C)NC(=O)[C@H](CCC(N)=O)[n+]1[c-]n2ccccc2c1)C(=O)O,-4.7181,-7.3429275
CC[C@H](C)[C@H](NC(=O)[C@H](CC(C)C)NC(=O)[C@H](CCCNC(=N)N)[n+]1[c-]n2ccccc2c1)C(=O)O,-5.1836,-7.4222975
CC[C@H](C)[C@H](NC(=O)[C@H](CC(C)C)NC(=O)[C@H](CCSC)[n+]1[c-]n2ccccc2c1)C(=O)O,-0.6135,-4.629233
CC[C@H](C)[C@H](NC(=O)[C@H](CC(C)C)NC(=O)[C@H](CO)[n+]1[c-]n2ccccc2c1)C(=O)O,-3.5767,-4.150421
CC[C@H](C)[C@H](NC(=O)[C@H](CC(C)C)NC(=O)[C@H](Cc1c[nH]cn1)[n+]1[c-]n2ccccc2c1)C(=O)O,-8.3647,-7.3627434
CC[C@H](C)[C@H](NC(=O)[C@H](CC(C)C)[n+]1[c-]n2ccccc2c1)C(=O)N[C@@H](C)C(=O)O,-3.6412,-4.002867
CC[C@H](C)[C@H](NC(=O)[C@H](CC(C)C)[n+]1[c-]n2ccccc2c1)C(=O)N[C@@H](CC(=O)O)C(=O)O,-3.4738,-6.3584976
CC[C@H](C)[C@H](NC(=O)[C@H](CC(C)C)[n+]1[c-]n2ccccc2c1)C(=O)N[C@@H](Cc1ccccc1)C(=O)O,-3.6443,-5.827244
CC[C@H](C)[C@H](NC(=O)[C@H](CC(N)=O)NC(=O)[C@H](CC(N)=O)[n+]1[c-]n2ccccc2c1)C(=O)O,-10.1913,-7.335128
CC[C@H](C)[C@H](NC(=O)[C@H](CC(N)=O)NC(=O)[C@H](Cc1ccccc1)[n+]1[c-]n2ccccc2c1)C(=O)O,-7.4653,-8.603948
CC[C@H](C)[C@H](NC(=O)[C@H](CC(N)=O)[n+]1[c-]n2ccccc2c1)C(=O)NCC(=O)O,-0.4101,-3.9774566
CC[C@H](C)[C@H](NC(=O)[C@H](CC(N)=O)[n+]1[c-]n2ccccc2c1)C(=O)N[C@@H](CC(=O)O)C(=O)O,2.3724,-6.278405
CC[C@H](C)[C@H](NC(=O)[C@H](CC(N)=O)[n+]1[c-]n2ccccc2c1)C(=O)N[C@@H](CC(C)C)C(=O)O,-4.297,-5.1441565
CC[C@H](C)[C@H](NC(=O)[C@H](CC(N)=O)[n+]1[c-]n2ccccc2c1)C(=O)N[C@@H](CC(N)=O)C(=O)O,-15.4008,-8.098727
CC[C@H](C)[C@H](NC(=O)[C@H](CC(N)=O)[n+]1[c-]n2ccccc2c1)C(=O)N[C@@H](Cc1c[nH]cn1)C(=O)O,0.6849,-4.255047
CC[C@H](C)[C@H](NC(=O)[C@H](CCC(=O)O)NC(=O)[C@H](CCC(=O)O)[n+]1[c-]n2ccccc2c1)C(=O)O,-9.353,-6.929351
CC[C@H](C)[C@H](NC(=O)[C@H](CCC(=O)O)NC(=O)[C@H](CCSC)[n+]1[c-]n2ccccc2c1)C(=O)O,-11.2216,-5.307295
CC[C@H](C)[C@H](NC(=O)[C@H](CCC(=O)O)NC(=O)[C@H](CO)[n+]1[c-]n2ccccc2c1)C(=O)O,-10.4256,-9.641542
CC[C@H](C)[C@H](NC(=O)[C@H](CCC(=O)O)[n+]1[c-]n2ccccc2c1)C(=O)N[C@@H](C)C(=O)O,-6.3443,-4.2268486
CC[C@H](C)[C@H](NC(=O)[C@H](CCC(=O)O)[n+]1[c-]n2ccccc2c1)C(=O)N[C@@H](CC(C)C)C(=O)O,0.2604,-3.5265174
CC[C@H](C)[C@H](NC(=O)[C@H](CCC(=O)O)[n+]1[c-]n2ccccc2c1)C(=O)N[C@@H](CCC(=O)O)C(=O)O,-9.4835,-5.6926966
CC[C@H](C)[C@H](NC(=O)[C@H](CCC(=O)O)[n+]1[c-]n2ccccc2c1)C(=O)N[C@@H](CCSC)C(=O)O,-2.9801,-7.6048946
CC[C@H](C)[C@H](NC(=O)[C@H](CCC(=O)O)[n+]1[c-]n2ccccc2c1)C(=O)N[C@@H](CO)C(=O)O,-2.4477,-5.2595577
CC[C@H](C)[C@H](NC(=O)[C@H](CCC(=O)O)[n+]1[c-]n2ccccc2c1)C(=O)N[C@@H](Cc1ccccc1)C(=O)O,-4.4777,-4.2902327
CC[C@H](C)[C@H](NC(=O)[C@H](CCC(N)=O)NC(=O)[C@H](C(C)C)[n+]1[c-]n2ccccc2c1)C(=O)O,-12.0022,-9.325386
CC[C@H](C)[C@H](NC(=O)[C@H](CCC(N)=O)NC(=O)[C@H](CCCNC(=N)N)[n+]1[c-]n2ccccc2c1)C(=O)O,-6.1534,-8.502704
CC[C@H](C)[C@H](NC(=O)[C@H](CCC(N)=O)NC(=O)[C@H](CCSC)[n+]1[c-]n2ccccc2c1)C(=O)O,-9.2054,-7.900914
CC[C@H](C)[C@H](NC(=O)[C@H](CCC(N)=O)[n+]1[c-]n2ccccc2c1)C(=O)NCC(=O)O,-1.3701,-5.808815
CC[C@H](C)[C@H](NC(=O)[C@H](CCC(N)=O)[n+]1[c-]n2ccccc2c1)C(=O)N[C@@H](CC(=O)O)C(=O)O,-15.2405,-8.322624
CC[C@H](C)[C@H](NC(=O)[C@H](CCCNC(=N)N)NC(=O)[C@H](CS)[n+]1[c-]n2ccccc2c1)C(=O)O,-0.1438,-6.281274
CC[C@H](C)[C@H](NC(=O)[C@H](CCCNC(=N)N)NC(=O)[C@H](Cc1c[nH]c2ccccc12)[n+]1[c-]n2ccccc2c1)C(=O)O,-13.2332,-8.789005
CC[C@H](C)[C@H](NC(=O)[C@H](CCCNC(=N)N)NC(=O)[C@H](Cc1c[nH]cn1)[n+]1[c-]n2ccccc2c1)C(=O)O,-6.5786,-8.987451
CC[C@H](C)[C@H](NC(=O)[C@H](CCCNC(=N)N)NC(=O)[C@H](Cc1ccc(O)cc1)[n+]1[c-]n2ccccc2c1)C(=O)O,-11.7869,-13.717493
CC[C@H](C)[C@H](NC(=O)[C@H](CCCNC(=N)N)[n+]1[c-]n2ccccc2c1)C(=O)N1CCC[C@H]1C(=O)O,0.0611,-5.084782
CC[C@H](C)[C@H](NC(=O)[C@H](CCCNC(=N)N)[n+]1[c-]n2ccccc2c1)C(=O)N[C@@H](C)C(=O)O,-1.5104,-8.204878
CC[C@H](C)[C@H](NC(=O)[C@H](CCCNC(=N)N)[n+]1[c-]n2ccccc2c1)C(=O)N[C@@H](CC(=O)O)C(=O)O,-1.2819,-9.137769
CC[C@H](C)[C@H](NC(=O)[C@H](CCCNC(=N)N)[n+]1[c-]n2ccccc2c1)C(=O)N[C@@H](Cc1c[nH]c2ccccc12)C(=O)O,-5.7141,-7.682075
CC[C@H](C)[C@H](NC(=O)[C@H](CCCNC(=N)N)[n+]1[c-]n2ccccc2c1)C(=O)N[C@@H](Cc1c[nH]cn1)C(=O)O,-5.8187,-13.059671
CC[C@H](C)[C@H](NC(=O)[C@H](CCCNC(=N)N)[n+]1[c-]n2ccccc2c1)C(=O)N[C@@H](Cc1ccccc1)C(=O)O,-9.9106,-6.9225993
CC[C@H](C)[C@H](NC(=O)[C@H](CCCNC(=N)N)[n+]1[c-]n2ccccc2c1)C(=O)O,-10.1295,-8.723021
CC[C@H](C)[C@H](NC(=O)[C@H](CCSC)NC(=O)[C@H](CC(C)C)[n+]1[c-]n2ccccc2c1)C(=O)O,-1.9969,-7.648489
CC[C@H](C)[C@H](NC(=O)[C@H](CCSC)NC(=O)[C@H](Cc1c[nH]cn1)[n+]1[c-]n2ccccc2c1)C(=O)O,-10.5634,-7.7356825
CC[C@H](C)[C@H](NC(=O)[C@H](CCSC)[n+]1[c-]n2ccccc2c1)C(=O)N1CCC[C@H]1C(=O)O,-4.0713,-6.027239
CC[C@H](C)[C@H](NC(=O)[C@H](CCSC)[n+]1[c-]n2ccccc2c1)C(=O)NCC(=O)O,-4.1662,-3.815256
CC[C@H](C)[C@H](NC(=O)[C@H](CCSC)[n+]1[c-]n2ccccc2c1)C(=O)N[C@@H](CO)C(=O)O,0.1563,-6.858311
CC[C@H](C)[C@H](NC(=O)[C@H](CCSC)[n+]1[c-]n2ccccc2c1)C(=O)N[C@H](C(=O)O)[C@@H](C)O,-5.8976,-6.6401453
CC[C@H](C)[C@H](NC(=O)[C@H](CO)NC(=O)C[n+]1[c-]n2ccccc2c1)C(=O)O,-5.9886,-9.3972845
CC[C@H](C)[C@H](NC(=O)[C@H](CO)NC(=O)[C@H](CC(N)=O)[n+]1[c-]n2ccccc2c1)C(=O)O,-2.8419,-6.0017023
CC[C@H](C)[C@H](NC(=O)[C@H](CO)NC(=O)[C@H](CCC(N)=O)[n+]1[c-]n2ccccc2c1)C(=O)O,6.4594,-3.830473
CC[C@H](C)[C@H](NC(=O)[C@H](CO)[n+]1[c-]n2ccccc2c1)C(=O)N[C@@H](CC(C)C)C(=O)O,-8.9159,-6.6882935
CC[C@H](C)[C@H](NC(=O)[C@H](CO)[n+]1[c-]n2ccccc2c1)C(=O)N[C@@H](CCCNC(=N)N)C(=O)O,-7.956,-8.366558
CC[C@H](C)[C@H](NC(=O)[C@H](CO)[n+]1[c-]n2ccccc2c1)C(=O)O,-4.0419,-6.873659
CC[C@H](C)[C@H](NC(=O)[C@H](CS)NC(=O)C[n+]1[c-]n2ccccc2c1)C(=O)O,-14.3716,-9.843079
CC[C@H](C)[C@H](NC(=O)[C@H](CS)NC(=O)[C@H](CO)[n+]1[c-]n2ccccc2c1)C(=O)O,-10.0444,-8.86221
CC[C@H](C)[C@H](NC(=O)[C@H](CS)NC(=O)[C@H](Cc1ccccc1)[n+]1[c-]n2ccccc2c1)C(=O)O,-11.201,-10.363392
CC[C@H](C)[C@H](NC(=O)[C@H](CS)[n+]1[c-]n2ccccc2c1)C(=O)NCC(=O)O,-4.8665,-6.3478746
CC[C@H](C)[C@H](NC(=O)[C@H](CS)[n+]1[c-]n2ccccc2c1)C(=O)N[C@@H](CCC(=O)O)C(=O)O,-15.8139,-8.025424
CC[C@H](C)[C@H](NC(=O)[C@H](CS)[n+]1[c-]n2ccccc2c1)C(=O)N[C@@H](CO)C(=O)O,-4.9573,-6.094617
CC[C@H](C)[C@H](NC(=O)[C@H](CS)[n+]1[c-]n2ccccc2c1)C(=O)N[C@@H](Cc1ccc(O)cc1)C(=O)O,-13.513,-11.126381
CC[C@H](C)[C@H](NC(=O)[C@H](Cc1c[nH]c2ccccc12)NC(=O)[C@H](C(C)C)[n+]1[c-]n2ccccc2c1)C(=O)O,-5.7367,-6.381632
CC[C@H](C)[C@H](NC(=O)[C@H](Cc1c[nH]c2ccccc12)NC(=O)[C@H](CC(C)C)[n+]1[c-]n2ccccc2c1)C(=O)O,-10.2535,-7.507501
CC[C@H](C)[C@H](NC(=O)[C@H](Cc1c[nH]c2ccccc12)NC(=O)[C@H](CCC(N)=O)[n+]1[c-]n2ccccc2c1)C(=O)O,-3.1342,-8.088992
CC[C@H](C)[C@H](NC(=O)[C@H](Cc1c[nH]c2ccccc12)NC(=O)[C@H](CCCNC(=N)N)[n+]1[c-]n2ccccc2c1)C(=O)O,-1.9046,-6.052764
CC[C@H](C)[C@H](NC(=O)[C@H](Cc1c[nH]c2ccccc12)[n+]1[c-]n2ccccc2c1)C(=O)NCC(=O)O,-1.0702,-4.237603
CC[C@H](C)[C@H](NC(=O)[C@H](Cc1c[nH]c2ccccc12)[n+]1[c-]n2ccccc2c1)C(=O)N[C@@H](C)C(=O)O,-4.4076,-2.8779233
CC[C@H](C)[C@H](NC(=O)[C@H](Cc1c[nH]c2ccccc12)[n+]1[c-]n2ccccc2c1)C(=O)N[C@@H](CCC(N)=O)C(=O)O,-9.638,-8.003309
CC[C@H](C)[C@H](NC(=O)[C@H](Cc1c[nH]c2ccccc12)[n+]1[c-]n2ccccc2c1)C(=O)N[C@@H](CS)C(=O)O,-7.9025,-8.528134
CC[C@H](C)[C@H](NC(=O)[C@H](Cc1c[nH]c2ccccc12)[n+]1[c-]n2ccccc2c1)C(=O)N[C@@H](Cc1c[nH]c2ccccc12)C(=O)O,-4.9474,-7.6631813
CC[C@H](C)[C@H](NC(=O)[C@H](Cc1c[nH]c2ccccc12)[n+]1[c-]n2ccccc2c1)C(=O)N[C@H](C(=O)O)C(C)C,-6.4013,-2.7145963
CC[C@H](C)[C@H](NC(=O)[C@H](Cc1c[nH]cn1)NC(=O)[C@H](CS)[n+]1[c-]n2ccccc2c1)C(=O)O,-8.4763,-6.73032
CC[C@H](C)[C@H](NC(=O)[C@H](Cc1c[nH]cn1)NC(=O)[C@H](Cc1ccccc1)[n+]1[c-]n2ccccc2c1)C(=O)O,-8.0241,-7.891518
CC[C@H](C)[C@H](NC(=O)[C@H](Cc1c[nH]cn1)[n+]1[c-]n2ccccc2c1)C(=O)NCC(=O)O,-4.6207,-6.4043937
CC[C@H](C)[C@H](NC(=O)[C@H](Cc1c[nH]cn1)[n+]1[c-]n2ccccc2c1)C(=O)N[C@@H](CS)C(=O)O,-10.7911,-9.637036
CC[C@H](C)[C@H](NC(=O)[C@H](Cc1c[nH]cn1)[n+]1[c-]n2ccccc2c1)C(=O)N[C@H](C(=O)O)C(C)C,-5.6869,-5.0669966
CC[C@H](C)[C@H](NC(=O)[C@H](Cc1ccc(O)cc1)NC(=O)[C@H](C)[n+]1[c-]n2ccccc2c1)C(=O)O,-3.2814,-3.6232848
CC[C@H](C)[C@H](NC(=O)[C@H](Cc1ccc(O)cc1)NC(=O)[C@H](CC(N)=O)[n+]1[c-]n2ccccc2c1)C(=O)O,-8.3531,-9.685549
CC[C@H](C)[C@H](NC(=O)[C@H](Cc1ccc(O)cc1)NC(=O)[C@H](CCC(=O)O)[n+]1[c-]n2ccccc2c1)C(=O)O,-2.4409,-4.8997674
CC[C@H](C)[C@H](NC(=O)[C@H](Cc1ccc(O)cc1)NC(=O)[C@H](CCCNC(=N)N)[n+]1[c-]n2ccccc2c1)C(=O)O,-5.4551,-5.6107507
CC[C@H](C)[C@H](NC(=O)[C@H](Cc1ccc(O)cc1)NC(=O)[C@H](Cc1ccc(O)cc1)[n+]1[c-]n2ccccc2c1)C(=O)O,-5.4317,-9.438283
CC[C@H](C)[C@H](NC(=O)[C@H](Cc1ccc(O)cc1)[n+]1[c-]n2ccccc2c1)C(=O)N[C@@H](CCC(=O)O)C(=O)O,-5.0986,-8.403759
CC[C@H](C)[C@H](NC(=O)[C@H](Cc1ccc(O)cc1)[n+]1[c-]n2ccccc2c1)C(=O)N[C@@H](Cc1ccccc1)C(=O)O,-3.208,-7.3169165
CC[C@H](C)[C@H](NC(=O)[C@H](Cc1ccccc1)NC(=O)[C@H](CC(N)=O)[n+]1[c-]n2ccccc2c1)C(=O)O,-5.4002,-6.668128
CC[C@H](C)[C@H](NC(=O)[C@H](Cc1ccccc1)NC(=O)[C@H](Cc1c[nH]c2ccccc12)[n+]1[c-]n2ccccc2c1)C(=O)O,-12.0485,-7.4136324
CC[C@H](C)[C@H](NC(=O)[C@H](Cc1ccccc1)NC(=O)[C@H](Cc1c[nH]cn1)[n+]1[c-]n2ccccc2c1)C(=O)O,-9.8351,-7.408386
CC[C@H](C)[C@H](NC(=O)[C@H](Cc1ccccc1)NC(=O)[C@H]([C@@H](C)O)[n+]1[c-]n2ccccc2c1)C(=O)O,-7.9301,-8.139563
CC[C@H](C)[C@H](NC(=O)[C@H](Cc1ccccc1)[n+]1[c-]n2ccccc2c1)C(=O)N[C@@H](CO)C(=O)O,-4.204,-4.4512944
CC[C@H](C)[C@H](NC(=O)[C@H](Cc1ccccc1)[n+]1[c-]n2ccccc2c1)C(=O)N[C@@H](Cc1c[nH]c2ccccc12)C(=O)O,-9.93,-10.759119
CC[C@H](C)[C@H](NC(=O)[C@H]([C@@H](C)CC)[n+]1[c-]n2ccccc2c1)C(=O)N[C@@H](C)C(=O)O,-3.7984,-4.195998
CC[C@H](C)[C@H](NC(=O)[C@H]([C@@H](C)CC)[n+]1[c-]n2ccccc2c1)C(=O)N[C@@H](CC(C)C)C(=O)O,-3.5835,-5.7204
CC[C@H](C)[C@H](NC(=O)[C@H]([C@@H](C)CC)[n+]1[c-]n2ccccc2c1)C(=O)N[C@@H](CCC(=O)O)C(=O)O,-15.288,-10.638165
CC[C@H](C)[C@H](NC(=O)[C@H]([C@@H](C)CC)[n+]1[c-]n2ccccc2c1)C(=O)N[C@@H](CCSC)C(=O)O,-2.5716,-5.237133
CC[C@H](C)[C@H](NC(=O)[C@H]([C@@H](C)CC)[n+]1[c-]n2ccccc2c1)C(=O)N[C@@H](CO)C(=O)O,-5.983,-4.826777
CC[C@H](C)[C@H](NC(=O)[C@H]([C@@H](C)O)[n+]1[c-]n2ccccc2c1)C(=O)NCC(=O)O,-3.4498,-4.726486
CC[C@H](C)[C@H](NC(=O)[C@H]([C@@H](C)O)[n+]1[c-]n2ccccc2c1)C(=O)N[C@@H](CC(N)=O)C(=O)O,-12.2603,-8.988734
CC[C@H](C)[C@H](NC(=O)[C@H]([C@@H](C)O)[n+]1[c-]n2ccccc2c1)C(=O)N[C@@H](CCC(N)=O)C(=O)O,-9.5581,-6.6364365
CC[C@H](C)[C@H](NC(=O)[C@H]([C@@H](C)O)[n+]1[c-]n2ccccc2c1)C(=O)N[C@@H](CCSC)C(=O)O,-2.6369,-9.692356
CC[C@H](C)[C@H](NC(=O)[C@H]([C@@H](C)O)[n+]1[c-]n2ccccc2c1)C(=O)N[C@@H](Cc1ccccc1)C(=O)O,-12.0662,-7.613309
CSCC[C@@H](C(=O)N1CCC[C@H]1C(=O)N1CCC[C@H]1C(=O)O)[n+]1[c-]n2ccccc2c1,-10.4762,-7.0918407
CSCC[C@@H](C(=O)N1CCC[C@H]1C(=O)N[C@@H](CC(N)=O)C(=O)O)[n+]1[c-]n2ccccc2c1,-7.388,-8.465179
CSCC[C@@H](C(=O)N1CCC[C@H]1C(=O)N[C@@H](CCC(N)=O)C(=O)O)[n+]1[c-]n2ccccc2c1,-10.4968,-7.9905
CSCC[C@@H](C(=O)N1CCC[C@H]1C(=O)N[C@@H](CCCNC(=N)N)C(=O)O)[n+]1[c-]n2ccccc2c1,-0.6944,-7.8380365
CSCC[C@@H](C(=O)N1CCC[C@H]1C(=O)N[C@@H](CO)C(=O)O)[n+]1[c-]n2ccccc2c1,-9.5317,-6.41906
CSCC[C@@H](C(=O)N1CCC[C@H]1C(=O)N[C@H](C(=O)O)C(C)C)[n+]1[c-]n2ccccc2c1,-7.2762,-5.171446
CSCC[C@@H](C(=O)N1CCC[C@H]1C(=O)N[C@H](C(=O)O)[C@@H](C)O)[n+]1[c-]n2ccccc2c1,-9.3884,-6.1788163
CSCC[C@@H](C(=O)N1CCC[C@H]1C(=O)O)[n+]1[c-]n2ccccc2c1,-7.6913,-6.005136
CSCC[C@@H](C(=O)NCC(=O)N[C@@H](CC(=O)O)C(=O)O)[n+]1[c-]n2ccccc2c1,7.2158,-11.51291
CSCC[C@@H](C(=O)NCC(=O)N[C@@H](CC(C)C)C(=O)O)[n+]1[c-]n2ccccc2c1,-10.6906,-5.312504
CSCC[C@@H](C(=O)NCC(=O)N[C@@H](CC(N)=O)C(=O)O)[n+]1[c-]n2ccccc2c1,-9.5366,-10.546233
CSCC[C@@H](C(=O)N[C@@H](C)C(=O)NCC(=O)O)[n+]1[c-]n2ccccc2c1,-0.594,-4.6297693
CSCC[C@@H](C(=O)N[C@@H](C)C(=O)N[C@@H](C)C(=O)O)[n+]1[c-]n2ccccc2c1,-1.8944,-4.6940017
CSCC[C@@H](C(=O)N[C@@H](C)C(=O)N[C@@H](Cc1c[nH]cn1)C(=O)O)[n+]1[c-]n2ccccc2c1,-8.3747,-8.057132
CSCC[C@@H](C(=O)N[C@@H](CC(=O)O)C(=O)N[C@@H](C)C(=O)O)[n+]1[c-]n2ccccc2c1,-6.2941,-4.487693
CSCC[C@@H](C(=O)N[C@@H](CC(=O)O)C(=O)N[C@@H](CC(C)C)C(=O)O)[n+]1[c-]n2ccccc2c1,-3.4547,-5.8291993
CSCC[C@@H](C(=O)N[C@@H](CC(C)C)C(=O)N1CCC[C@H]1C(=O)O)[n+]1[c-]n2ccccc2c1,-8.0061,-5.1620393
CSCC[C@@H](C(=O)N[C@@H](CC(C)C)C(=O)N[C@@H](CC(N)=O)C(=O)O)[n+]1[c-]n2ccccc2c1,-5.2731,-9.3131695
CSCC[C@@H](C(=O)N[C@@H](CC(C)C)C(=O)N[C@@H](CCC(=O)O)C(=O)O)[n+]1[c-]n2ccccc2c1,-8.7197,-10.543461
CSCC[C@@H](C(=O)N[C@@H](CC(C)C)C(=O)N[C@@H](CCCNC(=N)N)C(=O)O)[n+]1[c-]n2ccccc2c1,-7.9002,-8.922867
CSCC[C@@H](C(=O)N[C@@H](CC(C)C)C(=O)N[C@@H](CO)C(=O)O)[n+]1[c-]n2ccccc2c1,-4.6237,-8.418385
CSCC[C@@H](C(=O)N[C@@H](CC(C)C)C(=O)N[C@@H](Cc1c[nH]cn1)C(=O)O)[n+]1[c-]n2ccccc2c1,-7.8943,-6.989156
CSCC[C@@H](C(=O)N[C@@H](CC(C)C)C(=O)N[C@H](C(=O)O)C(C)C)[n+]1[c-]n2ccccc2c1,-3.1043,-5.349489
CSCC[C@@H](C(=O)N[C@@H](CC(C)C)C(=O)O)[n+]1[c-]n2ccccc2c1,-3.68,-4.853589
CSCC[C@@H](C(=O)N[C@@H](CC(N)=O)C(=O)N[C@@H](C)C(=O)O)[n+]1[c-]n2ccccc2c1,-6.9851,-5.2565365
CSCC[C@@H](C(=O)N[C@@H](CC(N)=O)C(=O)N[C@@H](CC(C)C)C(=O)O)[n+]1[c-]n2ccccc2c1,-5.8267,-4.658219
CSCC[C@@H](C(=O)N[C@@H](CC(N)=O)C(=O)O)[n+]1[c-]n2ccccc2c1,-10.443,-8.849037
CSCC[C@@H](C(=O)N[C@@H](CCC(=O)O)C(=O)NCC(=O)O)[n+]1[c-]n2ccccc2c1,-7.4434,-7.255041
CSCC[C@@H](C(=O)N[C@@H](CCC(=O)O)C(=O)N[C@@H](Cc1c[nH]c2ccccc12)C(=O)O)[n+]1[c-]n2ccccc2c1,-13.0478,-10.198624
CSCC[C@@H](C(=O)N[C@@H](CCC(N)=O)C(=O)N1CCC[C@H]1C(=O)O)[n+]1[c-]n2ccccc2c1,-13.0664,-8.929829
CSCC[C@@H](C(=O)N[C@@H](CCC(N)=O)C(=O)N[C@@H](CCC(N)=O)C(=O)O)[n+]1[c-]n2ccccc2c1,-23.3334,-15.329863
CSCC[C@@H](C(=O)N[C@@H](CCC(N)=O)C(=O)N[C@@H](Cc1c[nH]cn1)C(=O)O)[n+]1[c-]n2ccccc2c1,-7.9803,-9.254901
CSCC[C@@H](C(=O)N[C@@H](CCC(N)=O)C(=O)N[C@H](C(=O)O)[C@@H](C)O)[n+]1[c-]n2ccccc2c1,-13.6723,-10.584358
CSCC[C@@H](C(=O)N[C@@H](CCCNC(=N)N)C(=O)N1CCC[C@H]1C(=O)O)[n+]1[c-]n2ccccc2c1,-3.1581,-6.887542
CSCC[C@@H](C(=O)N[C@@H](CCCNC(=N)N)C(=O)NCC(=O)O)[n+]1[c-]n2ccccc2c1,-14.1278,-9.163496
CSCC[C@@H](C(=O)N[C@@H](CCCNC(=N)N)C(=O)N[C@@H](CO)C(=O)O)[n+]1[c-]n2ccccc2c1,-9.5055,-7.459445
CSCC[C@@H](C(=O)N[C@@H](CCCNC(=N)N)C(=O)N[C@@H](Cc1c[nH]cn1)C(=O)O)[n+]1[c-]n2ccccc2c1,-14.0593,-7.678261
CSCC[C@@H](C(=O)N[C@@H](CO)C(=O)NCC(=O)O)[n+]1[c-]n2ccccc2c1,-7.4792,-6.5809097
CSCC[C@@H](C(=O)N[C@@H](CO)C(=O)N[C@@H](CC(=O)O)C(=O)O)[n+]1[c-]n2ccccc2c1,-11.6792,-8.71541
CSCC[C@@H](C(=O)N[C@@H](CO)C(=O)N[C@@H](CO)C(=O)O)[n+]1[c-]n2ccccc2c1,-8.4306,-5.058211
CSCC[C@@H](C(=O)N[C@@H](CS)C(=O)N[C@@H](CO)C(=O)O)[n+]1[c-]n2ccccc2c1,-10.1614,-6.977979
CSCC[C@@H](C(=O)N[C@@H](CS)C(=O)N[C@@H](CS)C(=O)O)[n+]1[c-]n2ccccc2c1,-10.7713,-6.8414774
CSCC[C@@H](C(=O)N[C@@H](CS)C(=O)N[C@@H](Cc1c[nH]c2ccccc12)C(=O)O)[n+]1[c-]n2ccccc2c1,-10.8887,-9.261143
CSCC[C@@H](C(=O)N[C@@H](CS)C(=O)N[C@@H](Cc1ccc(O)cc1)C(=O)O)[n+]1[c-]n2ccccc2c1,-4.1387,-7.5893645
CSCC[C@@H](C(=O)N[C@@H](CS)C(=O)N[C@H](C(=O)O)[C@@H](C)O)[n+]1[c-]n2ccccc2c1,-9.7423,-5.65671
CSCC[C@@H](C(=O)N[C@@H](Cc1c[nH]c2ccccc12)C(=O)N[C@@H](CC(=O)O)C(=O)O)[n+]1[c-]n2ccccc2c1,-15.8652,-9.424039
CSCC[C@@H](C(=O)N[C@@H](Cc1c[nH]c2ccccc12)C(=O)N[C@@H](CCC(N)=O)C(=O)O)[n+]1[c-]n2ccccc2c1,-10.498,-7.054806
CSCC[C@@H](C(=O)N[C@@H](Cc1c[nH]c2ccccc12)C(=O)N[C@@H](CCCNC(=N)N)C(=O)O)[n+]1[c-]n2ccccc2c1,-7.8175,-11.015767
CSCC[C@@H](C(=O)N[C@@H](Cc1c[nH]c2ccccc12)C(=O)N[C@@H](Cc1ccc(O)cc1)C(=O)O)[n+]1[c-]n2ccccc2c1,-13.5986,-14.487384
CSCC[C@@H](C(=O)N[C@@H](Cc1c[nH]c2ccccc12)C(=O)N[C@H](C(=O)O)[C@@H](C)O)[n+]1[c-]n2ccccc2c1,-6.2383,-7.8328824
CSCC[C@@H](C(=O)N[C@@H](Cc1c[nH]cn1)C(=O)N[C@@H](CC(C)C)C(=O)O)[n+]1[c-]n2ccccc2c1,-5.8456,-6.036606
CSCC[C@@H](C(=O)N[C@@H](Cc1c[nH]cn1)C(=O)N[C@@H](CCC(=O)O)C(=O)O)[n+]1[c-]n2ccccc2c1,-12.8312,-10.58786
CSCC[C@@H](C(=O)N[C@@H](Cc1c[nH]cn1)C(=O)N[C@H](C(=O)O)C(C)C)[n+]1[c-]n2ccccc2c1,-6.8399,-7.8894315
CSCC[C@@H](C(=O)N[C@@H](Cc1c[nH]cn1)C(=O)O)[n+]1[c-]n2ccccc2c1,-8.131,-8.446677
CSCC[C@@H](C(=O)N[C@@H](Cc1ccc(O)cc1)C(=O)NCC(=O)O)[n+]1[c-]n2ccccc2c1,-7.2216,-4.6671405
CSCC[C@@H](C(=O)N[C@@H](Cc1ccc(O)cc1)C(=O)N[C@@H](CC(=O)O)C(=O)O)[n+]1[c-]n2ccccc2c1,-9.1663,-5.45957
CSCC[C@@H](C(=O)N[C@@H](Cc1ccc(O)cc1)C(=O)N[C@@H](CO)C(=O)O)[n+]1[c-]n2ccccc2c1,-3.5246,-6.031272
CSCC[C@@H](C(=O)N[C@@H](Cc1ccc(O)cc1)C(=O)N[C@@H](CS)C(=O)O)[n+]1[c-]n2ccccc2c1,-12.581,-8.597652
CSCC[C@@H](C(=O)N[C@@H](Cc1ccccc1)C(=O)NCC(=O)O)[n+]1[c-]n2ccccc2c1,-4.6426,-9.604523
CSCC[C@@H](C(=O)N[C@@H](Cc1ccccc1)C(=O)N[C@@H](CC(C)C)C(=O)O)[n+]1[c-]n2ccccc2c1,-3.9804,-4.98254
CSCC[C@@H](C(=O)N[C@@H](Cc1ccccc1)C(=O)N[C@@H](CC(N)=O)C(=O)O)[n+]1[c-]n2ccccc2c1,-8.2494,-8.323577
CSCC[C@@H](C(=O)N[C@@H](Cc1ccccc1)C(=O)N[C@@H](CS)C(=O)O)[n+]1[c-]n2ccccc2c1,-2.5894,-5.0346413
CSCC[C@@H](C(=O)N[C@@H](Cc1ccccc1)C(=O)N[C@@H](Cc1ccccc1)C(=O)O)[n+]1[c-]n2ccccc2c1,-1.065,-6.095873
CSCC[C@@H](C(=O)N[C@@H](Cc1ccccc1)C(=O)N[C@H](C(=O)O)C(C)C)[n+]1[c-]n2ccccc2c1,-2.7526,-4.9585357
CSCC[C@@H](C(=O)N[C@@H](Cc1ccccc1)C(=O)N[C@H](C(=O)O)[C@@H](C)O)[n+]1[c-]n2ccccc2c1,-8.7081,-4.5146327
CSCC[C@@H](C(=O)N[C@H](C(=O)N[C@@H](CC(N)=O)C(=O)O)[C@@H](C)O)[n+]1[c-]n2ccccc2c1,-13.229,-7.405346
CSCC[C@@H](C(=O)N[C@H](C(=O)N[C@@H](CCC(N)=O)C(=O)O)C(C)C)[n+]1[c-]n2ccccc2c1,-8.8685,-11.211845
CSCC[C@@H](C(=O)N[C@H](C(=O)N[C@@H](CCCNC(=N)N)C(=O)O)[C@@H](C)O)[n+]1[c-]n2ccccc2c1,-2.8215,-10.777458
CSCC[C@@H](C(=O)O)[n+]1[c-]n2ccccc2c1,-3.6226,-4.1526456
CSCC[C@H](NC(=O)CNC(=O)[C@H](CCC(=O)O)[n+]1[c-]n2ccccc2c1)C(=O)O,-9.3558,-6.8168526
CSCC[C@H](NC(=O)CNC(=O)[C@H](CCSC)[n+]1[c-]n2ccccc2c1)C(=O)O,-10.9629,-6.3730884
CSCC[C@H](NC(=O)C[n+]1[c-]n2ccccc2c1)C(=O)N[C@@H](CCC(N)=O)C(=O)O,-15.0027,-12.561408
CSCC[C@H](NC(=O)C[n+]1[c-]n2ccccc2c1)C(=O)N[C@@H](Cc1ccc(O)cc1)C(=O)O,-10.868,-12.944441
CSCC[C@H](NC(=O)C[n+]1[c-]n2ccccc2c1)C(=O)N[C@@H](Cc1ccccc1)C(=O)O,-11.8521,-11.909542
CSCC[C@H](NC(=O)[C@@H](NC(=O)[C@H](CCC(N)=O)[n+]1[c-]n2ccccc2c1)C(C)C)C(=O)O,-4.4377,-7.216874
CSCC[C@H](NC(=O)[C@@H](NC(=O)[C@H](CCCNC(=N)N)[n+]1[c-]n2ccccc2c1)[C@@H](C)O)C(=O)O,-13.5721,-10.415225
CSCC[C@H](NC(=O)[C@@H](NC(=O)[C@H](CO)[n+]1[c-]n2ccccc2c1)C(C)C)C(=O)O,-6.6513,-9.1244545
CSCC[C@H](NC(=O)[C@@H](NC(=O)[C@H](Cc1c[nH]cn1)[n+]1[c-]n2ccccc2c1)C(C)C)C(=O)O,-5.8904,-11.92426
CSCC[C@H](NC(=O)[C@@H](NC(=O)[C@H](Cc1ccc(O)cc1)[n+]1[c-]n2ccccc2c1)C(C)C)C(=O)O,1.7413,-5.5368967
CSCC[C@H](NC(=O)[C@@H](NC(=O)[C@H](Cc1ccccc1)[n+]1[c-]n2ccccc2c1)C(C)C)C(=O)O,-6.3978,-6.4763703
CSCC[C@H](NC(=O)[C@@H](NC(=O)[C@H]([C@@H](C)O)[n+]1[c-]n2ccccc2c1)[C@@H](C)O)C(=O)O,-6.4196,-9.126701
CSCC[C@H](NC(=O)[C@@H]1CCCN1C(=O)[C@H](CC(N)=O)[n+]1[c-]n2ccccc2c1)C(=O)O,-3.6705,-5.122507
CSCC[C@H](NC(=O)[C@@H]1CCCN1C(=O)[C@H](Cc1c[nH]c2ccccc12)[n+]1[c-]n2ccccc2c1)C(=O)O,21.2101,-7.493843
CSCC[C@H](NC(=O)[C@H](C(C)C)[n+]1[c-]n2ccccc2c1)C(=O)NCC(=O)O,-9.1373,-7.6270566
CSCC[C@H](NC(=O)[C@H](C(C)C)[n+]1[c-]n2ccccc2c1)C(=O)N[C@@H](CC(C)C)C(=O)O,-7.1514,-7.7350454
CSCC[C@H](NC(=O)[C@H](C(C)C)[n+]1[c-]n2ccccc2c1)C(=O)N[C@@H](CC(N)=O)C(=O)O,-7.0786,-8.759323
CSCC[C@H](NC(=O)[C@H](C(C)C)[n+]1[c-]n2ccccc2c1)C(=O)N[C@@H](Cc1c[nH]cn1)C(=O)O,-10.204,-6.4269524
CSCC[C@H](NC(=O)[C@H](C(C)C)[n+]1[c-]n2ccccc2c1)C(=O)N[C@@H](Cc1ccc(O)cc1)C(=O)O,-8.8666,-6.009671
CSCC[C@H](NC(=O)[C@H](C)NC(=O)[C@H](CCCNC(=N)N)[n+]1[c-]n2ccccc2c1)C(=O)O,-6.8239,-7.0569363
CSCC[C@H](NC(=O)[C@H](C)NC(=O)[C@H](Cc1c[nH]c2ccccc12)[n+]1[c-]n2ccccc2c1)C(=O)O,-9.3671,-6.6984725
CSCC[C@H](NC(=O)[C@H](C)[n+]1[c-]n2ccccc2c1)C(=O)N[C@@H](CC(N)=O)C(=O)O,-8.782,-4.757786
CSCC[C@H](NC(=O)[C@H](C)[n+]1[c-]n2ccccc2c1)C(=O)N[C@@H](CO)C(=O)O,-6.9188,-7.8215218
CSCC[C@H](NC(=O)[C@H](CC(=O)O)NC(=O)[C@H](C)[n+]1[c-]n2ccccc2c1)C(=O)O,-6.0302,-6.6877065
CSCC[C@H](NC(=O)[C@H](CC(=O)O)NC(=O)[C@H](CC(=O)O)[n+]1[c-]n2ccccc2c1)C(=O)O,-10.5173,-9.673326
CSCC[C@H](NC(=O)[C@H](CC(=O)O)NC(=O)[C@H](CCC(=O)O)[n+]1[c-]n2ccccc2c1)C(=O)O,-4.4719,-5.7106905
CSCC[C@H](NC(=O)[C@H](CC(=O)O)NC(=O)[C@H](CCC(N)=O)[n+]1[c-]n2ccccc2c1)C(=O)O,2.1756,-6.144418
CSCC[C@H](NC(=O)[C@H](CC(=O)O)NC(=O)[C@H](Cc1ccc(O)cc1)[n+]1[c-]n2ccccc2c1)C(=O)O,-0.5702,-9.611008
CSCC[C@H](NC(=O)[C@H](CC(=O)O)[n+]1[c-]n2ccccc2c1)C(=O)NCC(=O)O,-9.737,-8.753381
CSCC[C@H](NC(=O)[C@H](CC(=O)O)[n+]1[c-]n2ccccc2c1)C(=O)N[C@@H](CC(=O)O)C(=O)O,-12.3998,-8.685436
CSCC[C@H](NC(=O)[C@H](CC(=O)O)[n+]1[c-]n2ccccc2c1)C(=O)N[C@@H](Cc1ccc(O)cc1)C(=O)O,-10.0866,-8.099449
CSCC[C@H](NC(=O)[C@H](CC(=O)O)[n+]1[c-]n2ccccc2c1)C(=O)N[C@H](C(=O)O)C(C)C,-11.4508,-5.899522
CSCC[C@H](NC(=O)[C@H](CC(C)C)NC(=O)[C@H](CC(C)C)[n+]1[c-]n2ccccc2c1)C(=O)O,-4.7307,-5.4642
CSCC[C@H](NC(=O)[C@H](CC(C)C)NC(=O)[C@H](CCSC)[n+]1[c-]n2ccccc2c1)C(=O)O,-4.3831,-5.7382245
CSCC[C@H](NC(=O)[C@H](CC(C)C)NC(=O)[C@H](Cc1c[nH]c2ccccc12)[n+]1[c-]n2ccccc2c1)C(=O)O,-1.7435,-5.9353886
CSCC[C@H](NC(=O)[C@H](CC(C)C)NC(=O)[C@H](Cc1c[nH]cn1)[n+]1[c-]n2ccccc2c1)C(=O)O,-4.3543,-8.92473
CSCC[C@H](NC(=O)[C@H](CC(C)C)[n+]1[c-]n2ccccc2c1)C(=O)NCC(=O)O,-7.9751,-6.558179
CSCC[C@H](NC(=O)[C@H](CC(C)C)[n+]1[c-]n2ccccc2c1)C(=O)N[C@@H](CCC(=O)O)C(=O)O,-9.8938,-10.618264
CSCC[C@H](NC(=O)[C@H](CC(C)C)[n+]1[c-]n2ccccc2c1)C(=O)N[C@@H](Cc1c[nH]cn1)C(=O)O,-3.6507,-8.41036
CSCC[C@H](NC(=O)[C@H](CC(C)C)[n+]1[c-]n2ccccc2c1)C(=O)N[C@@H](Cc1ccccc1)C(=O)O,-5.2951,-5.0748296
CSCC[C@H](NC(=O)[C@H](CC(C)C)[n+]1[c-]n2ccccc2c1)C(=O)N[C@H](C(=O)O)C(C)C,-2.2438,-4.0217743
CSCC[C@H](NC(=O)[C@H](CC(N)=O)NC(=O)[C@H](CC(C)C)[n+]1[c-]n2ccccc2c1)C(=O)O,-10.3599,-8.011421
CSCC[C@H](NC(=O)[C@H](CC(N)=O)NC(=O)[C@H](CCSC)[n+]1[c-]n2ccccc2c1)C(=O)O,-9.2858,-7.6732426
CSCC[C@H](NC(=O)[C@H](CC(N)=O)NC(=O)[C@H](CS)[n+]1[c-]n2ccccc2c1)C(=O)O,-10.9643,-5.5748825
CSCC[C@H](NC(=O)[C@H](CC(N)=O)NC(=O)[C@H](Cc1ccccc1)[n+]1[c-]n2ccccc2c1)C(=O)O,-12.5426,-9.739805
CSCC[C@H](NC(=O)[C@H](CC(N)=O)[n+]1[c-]n2ccccc2c1)C(=O)N[C@@H](CC(N)=O)C(=O)O,-13.6387,-9.229612
CSCC[C@H](NC(=O)[C@H](CC(N)=O)[n+]1[c-]n2ccccc2c1)C(=O)N[C@@H](CCC(N)=O)C(=O)O,-12.0503,-11.077923
CSCC[C@H](NC(=O)[C@H](CC(N)=O)[n+]1[c-]n2ccccc2c1)C(=O)N[C@@H](CS)C(=O)O,-10.5738,-9.631627
CSCC[C@H](NC(=O)[C@H](CCC(=O)O)NC(=O)[C@H](C(C)C)[n+]1[c-]n2ccccc2c1)C(=O)O,-7.2946,-6.688174
CSCC[C@H](NC(=O)[C@H](CCC(=O)O)NC(=O)[C@H](CC(N)=O)[n+]1[c-]n2ccccc2c1)C(=O)O,-9.058,-7.482066
CSCC[C@H](NC(=O)[C@H](CCC(=O)O)NC(=O)[C@H](CCC(N)=O)[n+]1[c-]n2ccccc2c1)C(=O)O,-9.8103,-5.715554
CSCC[C@H](NC(=O)[C@H](CCC(=O)O)[n+]1[c-]n2ccccc2c1)C(=O)N[C@@H](C)C(=O)O,-6.7254,-9.5312
CSCC[C@H](NC(=O)[C@H](CCC(=O)O)[n+]1[c-]n2ccccc2c1)C(=O)N[C@@H](CC(=O)O)C(=O)O,-11.1493,-11.146586
CSCC[C@H](NC(=O)[C@H](CCC(=O)O)[n+]1[c-]n2ccccc2c1)C(=O)N[C@@H](Cc1c[nH]c2ccccc12)C(=O)O,-8.8966,-4.5672593
CSCC[C@H](NC(=O)[C@H](CCC(N)=O)NC(=O)C[n+]1[c-]n2ccccc2c1)C(=O)O,-11.0469,-11.4917755
CSCC[C@H](NC(=O)[C@H](CCC(N)=O)NC(=O)[C@H](CCC(N)=O)[n+]1[c-]n2ccccc2c1)C(=O)O,-8.6138,-9.62639
CSCC[C@H](NC(=O)[C@H](CCC(N)=O)[n+]1[c-]n2ccccc2c1)C(=O)N1CCC[C@H]1C(=O)O,-10.2692,-9.599191
CSCC[C@H](NC(=O)[C@H](CCC(N)=O)[n+]1[c-]n2ccccc2c1)C(=O)N[C@@H](CC(=O)O)C(=O)O,-6.1719,-10.941109
CSCC[C@H](NC(=O)[C@H](CCC(N)=O)[n+]1[c-]n2ccccc2c1)C(=O)N[C@@H](Cc1c[nH]cn1)C(=O)O,-14.0793,-15.050856
CSCC[C@H](NC(=O)[C@H](CCC(N)=O)[n+]1[c-]n2ccccc2c1)C(=O)N[C@H](C(=O)O)[C@@H](C)O,-9.5335,-8.144016
CSCC[C@H](NC(=O)[C@H](CCCNC(=N)N)NC(=O)[C@H](Cc1c[nH]c2ccccc12)[n+]1[c-]n2ccccc2c1)C(=O)O,-13.5245,-14.20168
CSCC[C@H](NC(=O)[C@H](CCCNC(=N)N)[n+]1[c-]n2ccccc2c1)C(=O)N[C@@H](CCCNC(=N)N)C(=O)O,-8.5463,-7.634381
CSCC[C@H](NC(=O)[C@H](CCCNC(=N)N)[n+]1[c-]n2ccccc2c1)C(=O)N[C@@H](CS)C(=O)O,-2.6532,-6.5510783
CSCC[C@H](NC(=O)[C@H](CCCNC(=N)N)[n+]1[c-]n2ccccc2c1)C(=O)N[C@@H](Cc1ccccc1)C(=O)O,-15.516,-15.640348
CSCC[C@H](NC(=O)[C@H](CCSC)NC(=O)[C@H](CC(=O)O)[n+]1[c-]n2ccccc2c1)C(=O)O,-2.3077,-7.047173
CSCC[C@H](NC(=O)[C@H](CCSC)NC(=O)[C@H](CCCNC(=N)N)[n+]1[c-]n2ccccc2c1)C(=O)O,-6.352,-8.388502
CSCC[C@H](NC(=O)[C@H](CCSC)[n+]1[c-]n2ccccc2c1)C(=O)N1CCC[C@H]1C(=O)O,-8.671,-7.1328382
CSCC[C@H](NC(=O)[C@H](CCSC)[n+]1[c-]n2ccccc2c1)C(=O)N[C@@H](CCC(=O)O)C(=O)O,-14.9715,-6.5459576
CSCC[C@H](NC(=O)[C@H](CO)NC(=O)[C@H](CCSC)[n+]1[c-]n2ccccc2c1)C(=O)O,0.4898,-8.679672
CSCC[C@H](NC(=O)[C@H](CO)NC(=O)[C@H](CO)[n+]1[c-]n2ccccc2c1)C(=O)O,-8.7672,-9.037002
CSCC[C@H](NC(=O)[C@H](CO)NC(=O)[C@H](Cc1ccc(O)cc1)[n+]1[c-]n2ccccc2c1)C(=O)O,-4.0427,-7.0816216
CSCC[C@H](NC(=O)[C@H](CO)[n+]1[c-]n2ccccc2c1)C(=O)N1CCC[C@H]1C(=O)O,-9.0799,-9.52843
CSCC[C@H](NC(=O)[C@H](CO)[n+]1[c-]n2ccccc2c1)C(=O)N[C@@H](CCCNC(=N)N)C(=O)O,-4.503,-11.420791
CSCC[C@H](NC(=O)[C@H](CS)NC(=O)[C@H](CCC(N)=O)[n+]1[c-]n2ccccc2c1)C(=O)O,-6.1509,-8.41846
CSCC[C@H](NC(=O)[C@H](CS)NC(=O)[C@H](CCSC)[n+]1[c-]n2ccccc2c1)C(=O)O,-2.6155,-7.053832
CSCC[C@H](NC(=O)[C@H](CS)[n+]1[c-]n2ccccc2c1)C(=O)N1CCC[C@H]1C(=O)O,-8.5799,-6.8950977
CSCC[C@H](NC(=O)[C@H](CS)[n+]1[c-]n2ccccc2c1)C(=O)N[C@@H](CC(=O)O)C(=O)O,-7.9275,-6.994035
CSCC[C@H](NC(=O)[C@H](CS)[n+]1[c-]n2ccccc2c1)C(=O)N[C@@H](CCCNC(=N)N)C(=O)O,-9.9284,-9.028524
CSCC[C@H](NC(=O)[C@H](CS)[n+]1[c-]n2ccccc2c1)C(=O)N[C@@H](Cc1c[nH]c2ccccc12)C(=O)O,-10.6257,-13.072845
CSCC[C@H](NC(=O)[C@H](Cc1c[nH]c2ccccc12)NC(=O)[C@H](CC(N)=O)[n+]1[c-]n2ccccc2c1)C(=O)O,-14.4094,-10.403194
CSCC[C@H](NC(=O)[C@H](Cc1c[nH]c2ccccc12)[n+]1[c-]n2ccccc2c1)C(=O)N[C@@H](CO)C(=O)O,-6.4346,-9.423639
CSCC[C@H](NC(=O)[C@H](Cc1c[nH]c2ccccc12)[n+]1[c-]n2ccccc2c1)C(=O)N[C@@H](Cc1ccc(O)cc1)C(=O)O,-12.9426,-9.420757
CSCC[C@H](NC(=O)[C@H](Cc1c[nH]c2ccccc12)[n+]1[c-]n2ccccc2c1)C(=O)N[C@H](C(=O)O)C(C)C,-0.0173,-5.1447606
CSCC[C@H](NC(=O)[C@H](Cc1c[nH]cn1)NC(=O)C[n+]1[c-]n2ccccc2c1)C(=O)O,-12.5738,-10.95237
CSCC[C@H](NC(=O)[C@H](Cc1c[nH]cn1)NC(=O)[C@H](C)[n+]1[c-]n2ccccc2c1)C(=O)O,-9.7697,-8.236208
CSCC[C@H](NC(=O)[C@H](Cc1c[nH]cn1)NC(=O)[C@H](CCCNC(=N)N)[n+]1[c-]n2ccccc2c1)C(=O)O,-12.484,-9.684418
CSCC[C@H](NC(=O)[C@H](Cc1c[nH]cn1)NC(=O)[C@H](CO)[n+]1[c-]n2ccccc2c1)C(=O)O,-7.8436,-6.7693305
CSCC[C@H](NC(=O)[C@H](Cc1c[nH]cn1)[n+]1[c-]n2ccccc2c1)C(=O)N1CCC[C@H]1C(=O)O,-11.3663,-7.334178
CSCC[C@H](NC(=O)[C@H](Cc1c[nH]cn1)[n+]1[c-]n2ccccc2c1)C(=O)N[C@@H](CC(C)C)C(=O)O,-8.3353,-9.315601
CSCC[C@H](NC(=O)[C@H](Cc1c[nH]cn1)[n+]1[c-]n2ccccc2c1)C(=O)N[C@@H](CC(N)=O)C(=O)O,-13.3354,-10.394673
CSCC[C@H](NC(=O)[C@H](Cc1c[nH]cn1)[n+]1[c-]n2ccccc2c1)C(=O)N[C@@H](CCC(=O)O)C(=O)O,-8.5179,-12.000328
CSCC[C@H](NC(=O)[C@H](Cc1c[nH]cn1)[n+]1[c-]n2ccccc2c1)C(=O)N[C@@H](CCC(N)=O)C(=O)O,-9.6517,-7.7278547
CSCC[C@H](NC(=O)[C@H](Cc1c[nH]cn1)[n+]1[c-]n2ccccc2c1)C(=O)N[C@@H](Cc1ccccc1)C(=O)O,-7.5006,-11.225377
CSCC[C@H](NC(=O)[C@H](Cc1c[nH]cn1)[n+]1[c-]n2ccccc2c1)C(=O)O,-7.4731,-7.599134
CSCC[C@H](NC(=O)[C@H](Cc1ccc(O)cc1)NC(=O)[C@H](CO)[n+]1[c-]n2ccccc2c1)C(=O)O,-9.4526,-6.6764345
CSCC[C@H](NC(=O)[C@H](Cc1ccc(O)cc1)[n+]1[c-]n2ccccc2c1)C(=O)N[C@@H](CCCNC(=N)N)C(=O)O,-10.7398,-9.741301
CSCC[C@H](NC(=O)[C@H](Cc1ccc(O)cc1)[n+]1[c-]n2ccccc2c1)C(=O)N[C@H](C(=O)O)C(C)C,-3.1515,-7.2720065
CSCC[C@H](NC(=O)[C@H](Cc1ccc(O)cc1)[n+]1[c-]n2ccccc2c1)C(=O)N[C@H](C(=O)O)[C@@H](C)O,-9.5272,-6.8511076
CSCC[C@H](NC(=O)[C@H](Cc1ccc(O)cc1)[n+]1[c-]n2ccccc2c1)C(=O)O,-5.9164,-5.531824
CSCC[C@H](NC(=O)[C@H](Cc1ccccc1)NC(=O)C[n+]1[c-]n2ccccc2c1)C(=O)O,-10.308,-10.825971
CSCC[C@H](NC(=O)[C@H](Cc1ccccc1)NC(=O)[C@H](CC(N)=O)[n+]1[c-]n2ccccc2c1)C(=O)O,-8.1549,-6.5680385
CSCC[C@H](NC(=O)[C@H](Cc1ccccc1)NC(=O)[C@H](Cc1c[nH]cn1)[n+]1[c-]n2ccccc2c1)C(=O)O,-5.4209,-6.81355
CSCC[C@H](NC(=O)[C@H](Cc1ccccc1)[n+]1[c-]n2ccccc2c1)C(=O)N[C@@H](CC(=O)O)C(=O)O,-14.8531,-7.5497565
CSCC[C@H](NC(=O)[C@H](Cc1ccccc1)[n+]1[c-]n2ccccc2c1)C(=O)N[C@@H](CC(C)C)C(=O)O,-3.5734,-6.6960273
CSCC[C@H](NC(=O)[C@H](Cc1ccccc1)[n+]1[c-]n2ccccc2c1)C(=O)N[C@@H](CCC(=O)O)C(=O)O,-15.3442,-11.678081
CSCC[C@H](NC(=O)[C@H](Cc1ccccc1)[n+]1[c-]n2ccccc2c1)C(=O)N[C@H](C(=O)O)[C@@H](C)O,-11.8516,-8.926576
CSCC[C@H](NC(=O)[C@H](Cc1ccccc1)[n+]1[c-]n2ccccc2c1)C(=O)O,-7.1198,-9.79191
CSCC[C@H](NC(=O)[C@H]([C@@H](C)O)[n+]1[c-]n2ccccc2c1)C(=O)N[C@@H](CO)C(=O)O,-9.5935,-8.815092
CSCC[C@H](NC(=O)[C@H]([C@@H](C)O)[n+]1[c-]n2ccccc2c1)C(=O)N[C@@H](Cc1c[nH]cn1)C(=O)O,-5.777,-9.576286
CSCC[C@H](NC(=O)[C@H]([C@@H](C)O)[n+]1[c-]n2ccccc2c1)C(=O)N[C@@H](Cc1ccccc1)C(=O)O,-1.3535,-9.691675
C[C@@H](C(=O)NCC(=O)N[C@@H](CCC(=O)O)C(=O)O)[n+]1[c-]n2ccccc2c1,-11.9846,-8.950272
C[C@@H](C(=O)NCC(=O)N[C@@H](CO)C(=O)O)[n+]1[c-]n2ccccc2c1,-6.2094,-8.153709
C[C@@H](C(=O)NCC(=O)N[C@@H](Cc1c[nH]c2ccccc12)C(=O)O)[n+]1[c-]n2ccccc2c1,-12.9808,-9.960577
C[C@@H](C(=O)NCC(=O)O)[n+]1[c-]n2ccccc2c1,-6.5397,-3.0596824
C[C@@H](C(=O)N[C@@H](CC(=O)O)C(=O)N[C@@H](CCC(=O)O)C(=O)O)[n+]1[c-]n2ccccc2c1,-12.9386,-12.1098995
C[C@@H](C(=O)N[C@@H](CC(=O)O)C(=O)N[C@@H](Cc1c[nH]c2ccccc12)C(=O)O)[n+]1[c-]n2ccccc2c1,-8.4196,-10.406507
C[C@@H](C(=O)N[C@@H](CC(=O)O)C(=O)N[C@@H](Cc1ccccc1)C(=O)O)[n+]1[c-]n2ccccc2c1,-7.6793,-7.244503
C[C@@H](C(=O)N[C@@H](CC(N)=O)C(=O)N1CCC[C@H]1C(=O)O)[n+]1[c-]n2ccccc2c1,-15.3467,-7.809123
C[C@@H](C(=O)N[C@@H](CC(N)=O)C(=O)NCC(=O)O)[n+]1[c-]n2ccccc2c1,-7.2021,-9.749762
C[C@@H](C(=O)N[C@@H](CC(N)=O)C(=O)N[C@@H](CCC(=O)O)C(=O)O)[n+]1[c-]n2ccccc2c1,-14.1912,-13.069565
C[C@@H](C(=O)N[C@@H](CC(N)=O)C(=O)N[C@@H](CCCNC(=N)N)C(=O)O)[n+]1[c-]n2ccccc2c1,-16.6927,-15.500093
C[C@@H](C(=O)N[C@@H](CC(N)=O)C(=O)O)[n+]1[c-]n2ccccc2c1,-9.4031,-9.356539
C[C@@H](C(=O)N[C@@H](CCC(=O)O)C(=O)NCC(=O)O)[n+]1[c-]n2ccccc2c1,-17.2962,-12.036003
C[C@@H](C(=O)N[C@@H](CCC(=O)O)C(=O)N[C@@H](CC(=O)O)C(=O)O)[n+]1[c-]n2ccccc2c1,-8.9677,-8.232748
C[C@@H](C(=O)N[C@@H](CCC(=O)O)C(=O)N[C@@H](Cc1ccccc1)C(=O)O)[n+]1[c-]n2ccccc2c1,-12.9686,-8.843331
C[C@@H](C(=O)N[C@@H](CCC(N)=O)C(=O)NCC(=O)O)[n+]1[c-]n2ccccc2c1,-11.2469,-11.38724
C[C@@H](C(=O)N[C@@H](CCC(N)=O)C(=O)N[C@@H](CC(=O)O)C(=O)O)[n+]1[c-]n2ccccc2c1,-18.795,-10.159867
C[C@@H](C(=O)N[C@@H](CCC(N)=O)C(=O)N[C@@H](Cc1c[nH]c2ccccc12)C(=O)O)[n+]1[c-]n2ccccc2c1,-14.4973,-13.761285
C[C@@H](C(=O)N[C@@H](CCC(N)=O)C(=O)N[C@@H](Cc1ccc(O)cc1)C(=O)O)[n+]1[c-]n2ccccc2c1,-16.6285,-10.798163
C[C@@H](C(=O)N[C@@H](CCCNC(=N)N)C(=O)N1CCC[C@H]1C(=O)O)[n+]1[c-]n2ccccc2c1,-0.7561,-7.88238
C[C@@H](C(=O)N[C@@H](CCCNC(=N)N)C(=O)N[C@@H](CO)C(=O)O)[n+]1[c-]n2ccccc2c1,-6.1252,-8.208595
C[C@@H](C(=O)N[C@@H](CCCNC(=N)N)C(=O)N[C@@H](Cc1c[nH]c2ccccc12)C(=O)O)[n+]1[c-]n2ccccc2c1,-6.4881,-7.6165433
C[C@@H](C(=O)N[C@@H](CO)C(=O)NCC(=O)O)[n+]1[c-]n2ccccc2c1,-5.9495,-7.464328
C[C@@H](C(=O)N[C@@H](CO)C(=O)N[C@@H](CC(=O)O)C(=O)O)[n+]1[c-]n2ccccc2c1,-8.0551,-8.45509
C[C@@H](C(=O)N[C@@H](CO)C(=O)N[C@@H](CCC(N)=O)C(=O)O)[n+]1[c-]n2ccccc2c1,-11.5646,-8.039462
C[C@@H](C(=O)N[C@@H](CO)C(=O)N[C@@H](CO)C(=O)O)[n+]1[c-]n2ccccc2c1,-5.1226,-7.506407
C[C@@H](C(=O)N[C@@H](CS)C(=O)N[C@@H](CCCNC(=N)N)C(=O)O)[n+]1[c-]n2ccccc2c1,-6.7667,-8.767462
C[C@@H](C(=O)N[C@@H](CS)C(=O)O)[n+]1[c-]n2ccccc2c1,-4.5973,-4.692772
C[C@@H](C(=O)N[C@@H](Cc1c[nH]c2ccccc12)C(=O)N1CCC[C@H]1C(=O)O)[n+]1[c-]n2ccccc2c1,-8.0081,-12.071221
C[C@@H](C(=O)N[C@@H](Cc1c[nH]c2ccccc12)C(=O)N[C@@H](CC(=O)O)C(=O)O)[n+]1[c-]n2ccccc2c1,-5.2716,-13.1324215
C[C@@H](C(=O)N[C@@H](Cc1c[nH]c2ccccc12)C(=O)N[C@@H](CC(N)=O)C(=O)O)[n+]1[c-]n2ccccc2c1,-10.6299,-8.943171
C[C@@H](C(=O)N[C@@H](Cc1c[nH]c2ccccc12)C(=O)N[C@@H](CS)C(=O)O)[n+]1[c-]n2ccccc2c1,-10.7619,-10.303406
C[C@@H](C(=O)N[C@@H](Cc1c[nH]c2ccccc12)C(=O)N[C@@H](Cc1c[nH]cn1)C(=O)O)[n+]1[c-]n2ccccc2c1,-12.1349,-13.608843
C[C@@H](C(=O)N[C@@H](Cc1c[nH]c2ccccc12)C(=O)N[C@@H](Cc1ccc(O)cc1)C(=O)O)[n+]1[c-]n2ccccc2c1,-10.9176,-13.277317
C[C@@H](C(=O)N[C@@H](Cc1c[nH]c2ccccc12)C(=O)O)[n+]1[c-]n2ccccc2c1,-9.3364,-7.288956
C[C@@H](C(=O)N[C@@H](Cc1ccc(O)cc1)C(=O)N[C@@H](CC(N)=O)C(=O)O)[n+]1[c-]n2ccccc2c1,-11.26,-11.114598
C[C@@H](C(=O)N[C@@H](Cc1ccc(O)cc1)C(=O)N[C@@H](CCC(=O)O)C(=O)O)[n+]1[c-]n2ccccc2c1,-9.1848,-9.296871
C[C@@H](C(=O)N[C@@H](Cc1ccc(O)cc1)C(=O)N[C@@H](Cc1ccc(O)cc1)C(=O)O)[n+]1[c-]n2ccccc2c1,-6.4702,-7.884446
C[C@@H](C(=O)N[C@@H](Cc1ccc(O)cc1)C(=O)N[C@@H](Cc1ccccc1)C(=O)O)[n+]1[c-]n2ccccc2c1,-7.7735,-8.753117
C[C@@H](C(=O)N[C@@H](Cc1ccccc1)C(=O)N1CCC[C@H]1C(=O)O)[n+]1[c-]n2ccccc2c1,-10.4058,-8.999691
C[C@@H](C(=O)N[C@@H](Cc1ccccc1)C(=O)N[C@@H](CC(N)=O)C(=O)O)[n+]1[c-]n2ccccc2c1,-17.0529,-11.846285
C[C@@H](C(=O)N[C@@H](Cc1ccccc1)C(=O)N[C@@H](CCCNC(=N)N)C(=O)O)[n+]1[c-]n2ccccc2c1,-6.5521,-11.557919
C[C@@H](C(=O)N[C@@H](Cc1ccccc1)C(=O)N[C@@H](Cc1c[nH]c2ccccc12)C(=O)O)[n+]1[c-]n2ccccc2c1,-14.392,-12.794649
C[C@@H](C(=O)N[C@@H](Cc1ccccc1)C(=O)N[C@@H](Cc1c[nH]cn1)C(=O)O)[n+]1[c-]n2ccccc2c1,-7.8988,-7.7386885
C[C@@H](C(=O)N[C@@H](Cc1ccccc1)C(=O)N[C@@H](Cc1ccccc1)C(=O)O)[n+]1[c-]n2ccccc2c1,-4.3135,-10.709134
C[C@@H](C(=O)O)[n+]1[c-]n2ccccc2c1,-5.9318,-9.281707
C[C@@H](O)[C@@H](C(=O)N1CCC[C@H]1C(=O)N[C@@H](CS)C(=O)O)[n+]1[c-]n2ccccc2c1,-10.325,-8.079712
C[C@@H](O)[C@@H](C(=O)N1CCC[C@H]1C(=O)N[C@@H](Cc1c[nH]cn1)C(=O)O)[n+]1[c-]n2ccccc2c1,-5.0764,-7.150201
C[C@@H](O)[C@@H](C(=O)NCC(=O)N[C@@H](CC(N)=O)C(=O)O)[n+]1[c-]n2ccccc2c1,-14.171,-8.036381
C[C@@H](O)[C@@H](C(=O)NCC(=O)N[C@@H](CCC(=O)O)C(=O)O)[n+]1[c-]n2ccccc2c1,-16.3023,-7.9732428
C[C@@H](O)[C@@H](C(=O)NCC(=O)N[C@@H](Cc1ccccc1)C(=O)O)[n+]1[c-]n2ccccc2c1,-6.6481,-10.5913105
C[C@@H](O)[C@@H](C(=O)NCC(=O)O)[n+]1[c-]n2ccccc2c1,-8.1866,-5.915624
C[C@@H](O)[C@@H](C(=O)N[C@@H](CC(=O)O)C(=O)N[C@@H](CC(=O)O)C(=O)O)[n+]1[c-]n2ccccc2c1,-4.6067,-11.535009
C[C@@H](O)[C@@H](C(=O)N[C@@H](CC(=O)O)C(=O)N[C@@H](CC(N)=O)C(=O)O)[n+]1[c-]n2ccccc2c1,-9.8459,-10.052973
C[C@@H](O)[C@@H](C(=O)N[C@@H](CC(=O)O)C(=O)N[C@@H](CO)C(=O)O)[n+]1[c-]n2ccccc2c1,-8.4486,-10.313965
C[C@@H](O)[C@@H](C(=O)N[C@@H](CC(=O)O)C(=O)N[C@@H](Cc1c[nH]c2ccccc12)C(=O)O)[n+]1[c-]n2ccccc2c1,-10.7751,-11.66687
C[C@@H](O)[C@@H](C(=O)N[C@@H](CC(=O)O)C(=O)N[C@@H](Cc1c[nH]cn1)C(=O)O)[n+]1[c-]n2ccccc2c1,-12.3383,-10.629202
C[C@@H](O)[C@@H](C(=O)N[C@@H](CC(N)=O)C(=O)N1CCC[C@H]1C(=O)O)[n+]1[c-]n2ccccc2c1,-13.8338,-8.495619
C[C@@H](O)[C@@H](C(=O)N[C@@H](CC(N)=O)C(=O)N[C@@H](CCC(N)=O)C(=O)O)[n+]1[c-]n2ccccc2c1,-9.693,-8.574773
C[C@@H](O)[C@@H](C(=O)N[C@@H](CC(N)=O)C(=O)N[C@@H](Cc1c[nH]c2ccccc12)C(=O)O)[n+]1[c-]n2ccccc2c1,-11.7596,-9.505514
C[C@@H](O)[C@@H](C(=O)N[C@@H](CCC(=O)O)C(=O)N[C@@H](CCC(=O)O)C(=O)O)[n+]1[c-]n2ccccc2c1,-19.9501,-18.682669
C[C@@H](O)[C@@H](C(=O)N[C@@H](CCC(=O)O)C(=O)N[C@@H](Cc1ccccc1)C(=O)O)[n+]1[c-]n2ccccc2c1,-15.5841,-8.44928
C[C@@H](O)[C@@H](C(=O)N[C@@H](CCC(N)=O)C(=O)N[C@@H](CC(=O)O)C(=O)O)[n+]1[c-]n2ccccc2c1,-11.8639,-11.014041
C[C@@H](O)[C@@H](C(=O)N[C@@H](CCC(N)=O)C(=O)N[C@@H](CC(N)=O)C(=O)O)[n+]1[c-]n2ccccc2c1,-3.9592,-10.254183
C[C@@H](O)[C@@H](C(=O)N[C@@H](CCC(N)=O)C(=O)N[C@@H](CCCNC(=N)N)C(=O)O)[n+]1[c-]n2ccccc2c1,-11.2059,-9.352701
C[C@@H](O)[C@@H](C(=O)N[C@@H](CCC(N)=O)C(=O)N[C@@H](CO)C(=O)O)[n+]1[c-]n2ccccc2c1,-15.681,-11.011456
C[C@@H](O)[C@@H](C(=O)N[C@@H](CCCNC(=N)N)C(=O)N[C@@H](CCCNC(=N)N)C(=O)O)[n+]1[c-]n2ccccc2c1,-12.9813,-10.484783
C[C@@H](O)[C@@H](C(=O)N[C@@H](CCCNC(=N)N)C(=O)N[C@@H](Cc1c[nH]c2ccccc12)C(=O)O)[n+]1[c-]n2ccccc2c1,-9.075,-10.959782
C[C@@H](O)[C@@H](C(=O)N[C@@H](CO)C(=O)N1CCC[C@H]1C(=O)O)[n+]1[c-]n2ccccc2c1,-12.4574,-7.79169
C[C@@H](O)[C@@H](C(=O)N[C@@H](CO)C(=O)N[C@@H](Cc1c[nH]cn1)C(=O)O)[n+]1[c-]n2ccccc2c1,-8.2073,-10.20162
C[C@@H](O)[C@@H](C(=O)N[C@@H](CS)C(=O)N[C@@H](CC(=O)O)C(=O)O)[n+]1[c-]n2ccccc2c1,-10.3165,-7.8543277
C[C@@H](O)[C@@H](C(=O)N[C@@H](Cc1c[nH]c2ccccc12)C(=O)N1CCC[C@H]1C(=O)O)[n+]1[c-]n2ccccc2c1,-10.5051,-10.261053
C[C@@H](O)[C@@H](C(=O)N[C@@H](Cc1c[nH]cn1)C(=O)NCC(=O)O)[n+]1[c-]n2ccccc2c1,-3.296,-8.067815
C[C@@H](O)[C@@H](C(=O)N[C@@H](Cc1c[nH]cn1)C(=O)N[C@@H](CCC(=O)O)C(=O)O)[n+]1[c-]n2ccccc2c1,-10.1015,-9.998772
C[C@@H](O)[C@@H](C(=O)N[C@@H](Cc1c[nH]cn1)C(=O)N[C@@H](Cc1c[nH]c2ccccc12)C(=O)O)[n+]1[c-]n2ccccc2c1,-3.0052,-9.741787
C[C@@H](O)[C@@H](C(=O)N[C@@H](Cc1ccc(O)cc1)C(=O)N[C@@H](CCC(N)=O)C(=O)O)[n+]1[c-]n2ccccc2c1,-9.3001,-8.5794735
C[C@@H](O)[C@@H](C(=O)N[C@@H](Cc1ccc(O)cc1)C(=O)N[C@@H](CCCNC(=N)N)C(=O)O)[n+]1[c-]n2ccccc2c1,-12.262,-9.819312
C[C@@H](O)[C@@H](C(=O)N[C@@H](Cc1ccc(O)cc1)C(=O)N[C@@H](Cc1ccc(O)cc1)C(=O)O)[n+]1[c-]n2ccccc2c1,-6.8899,-9.749468
C[C@@H](O)[C@@H](C(=O)N[C@@H](Cc1ccccc1)C(=O)N[C@@H](CC(=O)O)C(=O)O)[n+]1[c-]n2ccccc2c1,-7.6714,-10.316664
C[C@@H](O)[C@@H](C(=O)N[C@@H](Cc1ccccc1)C(=O)N[C@@H](CCC(N)=O)C(=O)O)[n+]1[c-]n2ccccc2c1,-14.8627,-13.474911
C[C@@H](O)[C@@H](C(=O)N[C@@H](Cc1ccccc1)C(=O)O)[n+]1[c-]n2ccccc2c1,-9.872,-8.034104
C[C@@H](O)[C@H](NC(=O)CNC(=O)[C@H](C)[n+]1[c-]n2ccccc2c1)C(=O)O,-8.7511,-8.024957
C[C@@H](O)[C@H](NC(=O)CNC(=O)[C@H](Cc1c[nH]c2ccccc12)[n+]1[c-]n2ccccc2c1)C(=O)O,-7.6769,-8.369526
C[C@@H](O)[C@H](NC(=O)C[n+]1[c-]n2ccccc2c1)C(=O)NCC(=O)O,-36.3135,-24.088829
C[C@@H](O)[C@H](NC(=O)C[n+]1[c-]n2ccccc2c1)C(=O)N[C@@H](CCC(N)=O)C(=O)O,-11.9158,-11.66712
C[C@@H](O)[C@H](NC(=O)C[n+]1[c-]n2ccccc2c1)C(=O)N[C@@H](Cc1c[nH]cn1)C(=O)O,-13.3069,-11.162394
C[C@@H](O)[C@H](NC(=O)C[n+]1[c-]n2ccccc2c1)C(=O)N[C@@H](Cc1ccccc1)C(=O)O,-11.4478,-10.608631
C[C@@H](O)[C@H](NC(=O)[C@@H](NC(=O)[C@H](Cc1c[nH]c2ccccc12)[n+]1[c-]n2ccccc2c1)[C@@H](C)O)C(=O)O,-4.7892,-7.0069675
C[C@@H](O)[C@H](NC(=O)[C@@H](NC(=O)[C@H](Cc1c[nH]cn1)[n+]1[c-]n2ccccc2c1)[C@@H](C)O)C(=O)O,-6.3282,-8.175692
C[C@@H](O)[C@H](NC(=O)[C@@H]1CCCN1C(=O)C[n+]1[c-]n2ccccc2c1)C(=O)O,-13.6874,-10.15095
C[C@@H](O)[C@H](NC(=O)[C@@H]1CCCN1C(=O)[C@H](CCCNC(=N)N)[n+]1[c-]n2ccccc2c1)C(=O)O,-10.7489,-4.3560376
C[C@@H](O)[C@H](NC(=O)[C@@H]1CCCN1C(=O)[C@H](CO)[n+]1[c-]n2ccccc2c1)C(=O)O,-9.93,-8.794011
C[C@@H](O)[C@H](NC(=O)[C@@H]1CCCN1C(=O)[C@H](CS)[n+]1[c-]n2ccccc2c1)C(=O)O,-11.4716,-6.4509406
C[C@@H](O)[C@H](NC(=O)[C@H](C)[n+]1[c-]n2ccccc2c1)C(=O)NCC(=O)O,-1.7162,-4.4857183
C[C@@H](O)[C@H](NC(=O)[C@H](C)[n+]1[c-]n2ccccc2c1)C(=O)N[C@@H](CC(=O)O)C(=O)O,-0.8421,-8.798182
C[C@@H](O)[C@H](NC(=O)[C@H](C)[n+]1[c-]n2ccccc2c1)C(=O)N[C@@H](CO)C(=O)O,-10.1972,-4.7381463
C[C@@H](O)[C@H](NC(=O)[C@H](C)[n+]1[c-]n2ccccc2c1)C(=O)N[C@@H](CS)C(=O)O,-7.5784,-8.028545
C[C@@H](O)[C@H](NC(=O)[C@H](C)[n+]1[c-]n2ccccc2c1)C(=O)N[C@@H](Cc1ccccc1)C(=O)O,-0.089,-3.224032
C[C@@H](O)[C@H](NC(=O)[C@H](CC(=O)O)NC(=O)C[n+]1[c-]n2ccccc2c1)C(=O)O,-12.7903,-12.885423
C[C@@H](O)[C@H](NC(=O)[C@H](CC(=O)O)NC(=O)[C@H](C)[n+]1[c-]n2ccccc2c1)C(=O)O,-8.6705,-4.3234816
C[C@@H](O)[C@H](NC(=O)[C@H](CC(=O)O)NC(=O)[C@H](CCC(N)=O)[n+]1[c-]n2ccccc2c1)C(=O)O,-9.2599,-8.02853
C[C@@H](O)[C@H](NC(=O)[C@H](CC(=O)O)NC(=O)[C@H](CS)[n+]1[c-]n2ccccc2c1)C(=O)O,2.0388,-6.20995
C[C@@H](O)[C@H](NC(=O)[C@H](CC(=O)O)NC(=O)[C@H](Cc1c[nH]c2ccccc12)[n+]1[c-]n2ccccc2c1)C(=O)O,-3.307,-6.6885443
C[C@@H](O)[C@H](NC(=O)[C@H](CC(=O)O)[n+]1[c-]n2ccccc2c1)C(=O)N[C@@H](CC(=O)O)C(=O)O,-5.5518,-8.321531
C[C@@H](O)[C@H](NC(=O)[C@H](CC(=O)O)[n+]1[c-]n2ccccc2c1)C(=O)N[C@@H](CCC(N)=O)C(=O)O,-21.7336,-17.906212
C[C@@H](O)[C@H](NC(=O)[C@H](CC(=O)O)[n+]1[c-]n2ccccc2c1)C(=O)N[C@@H](CCCNC(=N)N)C(=O)O,7.6538,-6.9834933
C[C@@H](O)[C@H](NC(=O)[C@H](CC(=O)O)[n+]1[c-]n2ccccc2c1)C(=O)N[C@@H](Cc1c[nH]c2ccccc12)C(=O)O,-7.6788,-10.38991
C[C@@H](O)[C@H](NC(=O)[C@H](CC(=O)O)[n+]1[c-]n2ccccc2c1)C(=O)N[C@@H](Cc1ccc(O)cc1)C(=O)O,-9.0335,-11.477438
C[C@@H](O)[C@H](NC(=O)[C@H](CC(=O)O)[n+]1[c-]n2ccccc2c1)C(=O)O,-1.3506,-4.8474364
C[C@@H](O)[C@H](NC(=O)[C@H](CC(N)=O)NC(=O)C[n+]1[c-]n2ccccc2c1)C(=O)O,-13.6817,-10.251694
C[C@@H](O)[C@H](NC(=O)[C@H](CC(N)=O)NC(=O)[C@H](CCC(N)=O)[n+]1[c-]n2ccccc2c1)C(=O)O,-11.9003,-11.464579
C[C@@H](O)[C@H](NC(=O)[C@H](CC(N)=O)NC(=O)[C@H](CO)[n+]1[c-]n2ccccc2c1)C(=O)O,-11.0757,-9.293917
C[C@@H](O)[C@H](NC(=O)[C@H](CC(N)=O)NC(=O)[C@H]([C@@H](C)O)[n+]1[c-]n2ccccc2c1)C(=O)O,-2.7322,-8.485731
C[C@@H](O)[C@H](NC(=O)[C@H](CC(N)=O)[n+]1[c-]n2ccccc2c1)C(=O)N[C@@H](CCCNC(=N)N)C(=O)O,-8.6897,-5.1274934
C[C@@H](O)[C@H](NC(=O)[C@H](CCC(=O)O)NC(=O)[C@H](CC(=O)O)[n+]1[c-]n2ccccc2c1)C(=O)O,-10.4101,-13.832851
C[C@@H](O)[C@H](NC(=O)[C@H](CCC(=O)O)NC(=O)[C@H](CCC(=O)O)[n+]1[c-]n2ccccc2c1)C(=O)O,-13.7133,-9.129396
C[C@@H](O)[C@H](NC(=O)[C@H](CCC(=O)O)NC(=O)[C@H](Cc1c[nH]c2ccccc12)[n+]1[c-]n2ccccc2c1)C(=O)O,-13.0014,-11.042568
C[C@@H](O)[C@H](NC(=O)[C@H](CCC(=O)O)[n+]1[c-]n2ccccc2c1)C(=O)N[C@@H](CC(N)=O)C(=O)O,-10.3804,-9.221998
C[C@@H](O)[C@H](NC(=O)[C@H](CCC(N)=O)NC(=O)[C@H]([C@@H](C)O)[n+]1[c-]n2ccccc2c1)C(=O)O,-14.3407,-11.512737
C[C@@H](O)[C@H](NC(=O)[C@H](CCCNC(=N)N)NC(=O)[C@H](C)[n+]1[c-]n2ccccc2c1)C(=O)O,-5.8845,-8.283351
C[C@@H](O)[C@H](NC(=O)[C@H](CCCNC(=N)N)NC(=O)[C@H](CC(=O)O)[n+]1[c-]n2ccccc2c1)C(=O)O,-11.6803,-17.41312
C[C@@H](O)[C@H](NC(=O)[C@H](CCCNC(=N)N)NC(=O)[C@H](CCC(N)=O)[n+]1[c-]n2ccccc2c1)C(=O)O,-12.137,-8.145443
C[C@@H](O)[C@H](NC(=O)[C@H](CCCNC(=N)N)NC(=O)[C@H](CO)[n+]1[c-]n2ccccc2c1)C(=O)O,-12.2744,-11.158968
C[C@@H](O)[C@H](NC(=O)[C@H](CCCNC(=N)N)NC(=O)[C@H](CS)[n+]1[c-]n2ccccc2c1)C(=O)O,-11.4366,-16.183586
C[C@@H](O)[C@H](NC(=O)[C@H](CCCNC(=N)N)NC(=O)[C@H](Cc1c[nH]c2ccccc12)[n+]1[c-]n2ccccc2c1)C(=O)O,-8.6919,-12.035524
C[C@@H](O)[C@H](NC(=O)[C@H](CCCNC(=N)N)[n+]1[c-]n2ccccc2c1)C(=O)N[C@@H](CC(N)=O)C(=O)O,0.7316,-9.675813
C[C@@H](O)[C@H](NC(=O)[C@H](CCCNC(=N)N)[n+]1[c-]n2ccccc2c1)C(=O)N[C@@H](CCC(=O)O)C(=O)O,-6.1652,-7.31332
C[C@@H](O)[C@H](NC(=O)[C@H](CCCNC(=N)N)[n+]1[c-]n2ccccc2c1)C(=O)O,-5.2297,-6.5429564
C[C@@H](O)[C@H](NC(=O)[C@H](CO)NC(=O)C[n+]1[c-]n2ccccc2c1)C(=O)O,-12.4192,-9.767782
C[C@@H](O)[C@H](NC(=O)[C@H](CO)NC(=O)[C@H](CS)[n+]1[c-]n2ccccc2c1)C(=O)O,-13.3233,-8.766086
C[C@@H](O)[C@H](NC(=O)[C@H](CO)NC(=O)[C@H](Cc1ccccc1)[n+]1[c-]n2ccccc2c1)C(=O)O,-11.5685,-8.309327
C[C@@H](O)[C@H](NC(=O)[C@H](CO)[n+]1[c-]n2ccccc2c1)C(=O)N[C@@H](CCCNC(=N)N)C(=O)O,-7.187,-8.56595
C[C@@H](O)[C@H](NC(=O)[C@H](CO)[n+]1[c-]n2ccccc2c1)C(=O)O,-7.3716,-6.39669
C[C@@H](O)[C@H](NC(=O)[C@H](CS)NC(=O)C[n+]1[c-]n2ccccc2c1)C(=O)O,-10.4408,-11.886943
C[C@@H](O)[C@H](NC(=O)[C@H](CS)NC(=O)[C@H](C)[n+]1[c-]n2ccccc2c1)C(=O)O,-12.31,-5.4409933
C[C@@H](O)[C@H](NC(=O)[C@H](CS)NC(=O)[C@H](CCC(=O)O)[n+]1[c-]n2ccccc2c1)C(=O)O,-4.9347,-4.8900585
C[C@@H](O)[C@H](NC(=O)[C@H](CS)NC(=O)[C@H]([C@@H](C)O)[n+]1[c-]n2ccccc2c1)C(=O)O,-15.9488,-9.472755
C[C@@H](O)[C@H](NC(=O)[C@H](CS)[n+]1[c-]n2ccccc2c1)C(=O)N[C@@H](CS)C(=O)O,-3.6214,-7.554059
C[C@@H](O)[C@H](NC(=O)[C@H](Cc1c[nH]c2ccccc12)NC(=O)[C@H](CC(N)=O)[n+]1[c-]n2ccccc2c1)C(=O)O,-12.5016,-13.111798
C[C@@H](O)[C@H](NC(=O)[C@H](Cc1c[nH]c2ccccc12)NC(=O)[C@H](CCCNC(=N)N)[n+]1[c-]n2ccccc2c1)C(=O)O,-2.5616,-8.178544
C[C@@H](O)[C@H](NC(=O)[C@H](Cc1c[nH]c2ccccc12)NC(=O)[C@H](Cc1c[nH]c2ccccc12)[n+]1[c-]n2ccccc2c1)C(=O)O,-9.228,-8.685872
C[C@@H](O)[C@H](NC(=O)[C@H](Cc1c[nH]c2ccccc12)[n+]1[c-]n2ccccc2c1)C(=O)N1CCC[C@H]1C(=O)O,-6.4791,-9.72573
C[C@@H](O)[C@H](NC(=O)[C@H](Cc1c[nH]c2ccccc12)[n+]1[c-]n2ccccc2c1)C(=O)NCC(=O)O,-3.4409,-11.886425
C[C@@H](O)[C@H](NC(=O)[C@H](Cc1c[nH]c2ccccc12)[n+]1[c-]n2ccccc2c1)C(=O)N[C@@H](CCC(=O)O)C(=O)O,-18.3502,-11.518332
C[C@@H](O)[C@H](NC(=O)[C@H](Cc1c[nH]c2ccccc12)[n+]1[c-]n2ccccc2c1)C(=O)N[C@@H](CCCNC(=N)N)C(=O)O,1.1711,-9.944375
C[C@@H](O)[C@H](NC(=O)[C@H](Cc1c[nH]c2ccccc12)[n+]1[c-]n2ccccc2c1)C(=O)N[C@@H](CO)C(=O)O,-9.4538,-9.558985
C[C@@H](O)[C@H](NC(=O)[C@H](Cc1c[nH]c2ccccc12)[n+]1[c-]n2ccccc2c1)C(=O)N[C@@H](Cc1c[nH]cn1)C(=O)O,-0.882,-6.796441
C[C@@H](O)[C@H](NC(=O)[C@H](Cc1c[nH]cn1)NC(=O)[C@H](CCCNC(=N)N)[n+]1[c-]n2ccccc2c1)C(=O)O,-5.8828,-7.2887793
C[C@@H](O)[C@H](NC(=O)[C@H](Cc1c[nH]cn1)NC(=O)[C@H](CS)[n+]1[c-]n2ccccc2c1)C(=O)O,-10.4946,-7.570618
C[C@@H](O)[C@H](NC(=O)[C@H](Cc1c[nH]cn1)NC(=O)[C@H]([C@@H](C)O)[n+]1[c-]n2ccccc2c1)C(=O)O,-13.6143,-9.659761
C[C@@H](O)[C@H](NC(=O)[C@H](Cc1c[nH]cn1)[n+]1[c-]n2ccccc2c1)C(=O)N[C@@H](CS)C(=O)O,-9.5497,-9.894712
C[C@@H](O)[C@H](NC(=O)[C@H](Cc1c[nH]cn1)[n+]1[c-]n2ccccc2c1)C(=O)N[C@@H](Cc1ccc(O)cc1)C(=O)O,-8.8382,-5.963383
C[C@@H](O)[C@H](NC(=O)[C@H](Cc1ccc(O)cc1)NC(=O)[C@H](CO)[n+]1[c-]n2ccccc2c1)C(=O)O,-5.2017,-9.639758
C[C@@H](O)[C@H](NC(=O)[C@H](Cc1ccc(O)cc1)NC(=O)[C@H](Cc1ccc(O)cc1)[n+]1[c-]n2ccccc2c1)C(=O)O,-10.5972,-8.006209
C[C@@H](O)[C@H](NC(=O)[C@H](Cc1ccc(O)cc1)[n+]1[c-]n2ccccc2c1)C(=O)NCC(=O)O,1.29,-6.168047
C[C@@H](O)[C@H](NC(=O)[C@H](Cc1ccccc1)NC(=O)[C@H](CCCNC(=N)N)[n+]1[c-]n2ccccc2c1)C(=O)O,-5.6761,-7.138432
C[C@@H](O)[C@H](NC(=O)[C@H](Cc1ccccc1)NC(=O)[C@H](CO)[n+]1[c-]n2ccccc2c1)C(=O)O,-13.8014,-7.9161677
C[C@@H](O)[C@H](NC(=O)[C@H](Cc1ccccc1)[n+]1[c-]n2ccccc2c1)C(=O)N[C@@H](CC(N)=O)C(=O)O,-10.3198,-7.64205
C[C@@H](O)[C@H](NC(=O)[C@H](Cc1ccccc1)[n+]1[c-]n2ccccc2c1)C(=O)N[C@@H](CS)C(=O)O,-9.1061,-6.627867
C[C@@H](O)[C@H](NC(=O)[C@H]([C@@H](C)O)[n+]1[c-]n2ccccc2c1)C(=O)NCC(=O)O,-4.7059,-7.0503263
C[C@@H](O)[C@H](NC(=O)[C@H]([C@@H](C)O)[n+]1[c-]n2ccccc2c1)C(=O)N[C@@H](CO)C(=O)O,-9.292,-7.7794147
C[C@@H](O)[C@H](NC(=O)[C@H]([C@@H](C)O)[n+]1[c-]n2ccccc2c1)C(=O)N[C@@H](Cc1c[nH]c2ccccc12)C(=O)O,-8.5169,-9.548222
C[C@@H](O)[C@H](NC(=O)[C@H]([C@@H](C)O)[n+]1[c-]n2ccccc2c1)C(=O)N[C@@H](Cc1c[nH]cn1)C(=O)O,-6.4353,-8.825508
C[C@H](NC(=O)CNC(=O)[C@H](CCCNC(=N)N)[n+]1[c-]n2ccccc2c1)C(=O)O,-5.1088,-7.945554
C[C@H](NC(=O)C[n+]1[c-]n2ccccc2c1)C(=O)N1CCC[C@H]1C(=O)O,-10.681,-10.453142
C[C@H](NC(=O)C[n+]1[c-]n2ccccc2c1)C(=O)N[C@@H](CCC(N)=O)C(=O)O,-18.8755,-13.24592
C[C@H](NC(=O)C[n+]1[c-]n2ccccc2c1)C(=O)N[C@H](C(=O)O)[C@@H](C)O,-10.1402,-11.581103
C[C@H](NC(=O)C[n+]1[c-]n2ccccc2c1)C(=O)O,-20.2992,-17.853634
C[C@H](NC(=O)[C@@H](NC(=O)[C@H](Cc1c[nH]c2ccccc12)[n+]1[c-]n2ccccc2c1)[C@@H](C)O)C(=O)O,-3.0548,-6.5734425
C[C@H](NC(=O)[C@@H]1CCCN1C(=O)[C@H](C)[n+]1[c-]n2ccccc2c1)C(=O)O,-8.8814,-7.9393663
C[C@H](NC(=O)[C@@H]1CCCN1C(=O)[C@H](CCC(=O)O)[n+]1[c-]n2ccccc2c1)C(=O)O,-13.1762,-14.258015
C[C@H](NC(=O)[C@@H]1CCCN1C(=O)[C@H](CO)[n+]1[c-]n2ccccc2c1)C(=O)O,-10.3746,-6.1173306
C[C@H](NC(=O)[C@H](C)NC(=O)[C@H](CCCNC(=N)N)[n+]1[c-]n2ccccc2c1)C(=O)O,-3.7151,-5.1558046
C[C@H](NC(=O)[C@H](C)NC(=O)[C@H](Cc1ccccc1)[n+]1[c-]n2ccccc2c1)C(=O)O,-5.9942,-8.123371
C[C@H](NC(=O)[C@H](C)NC(=O)[C@H]([C@@H](C)O)[n+]1[c-]n2ccccc2c1)C(=O)O,-5.6942,-7.8650007
C[C@H](NC(=O)[C@H](C)[n+]1[c-]n2ccccc2c1)C(=O)NCC(=O)O,-3.5411,-4.6512985
C[C@H](NC(=O)[C@H](C)[n+]1[c-]n2ccccc2c1)C(=O)N[C@@H](CC(=O)O)C(=O)O,-8.5543,-6.226007
C[C@H](NC(=O)[C@H](C)[n+]1[c-]n2ccccc2c1)C(=O)N[C@@H](CC(N)=O)C(=O)O,-7.8889,-10.068527
C[C@H](NC(=O)[C@H](C)[n+]1[c-]n2ccccc2c1)C(=O)N[C@@H](Cc1ccc(O)cc1)C(=O)O,-13.0098,-10.447945
C[C@H](NC(=O)[C@H](C)[n+]1[c-]n2ccccc2c1)C(=O)N[C@H](C(=O)O)[C@@H](C)O,-5.9647,-3.9267147
C[C@H](NC(=O)[C@H](CC(=O)O)NC(=O)C[n+]1[c-]n2ccccc2c1)C(=O)O,-8.766,-10.132662
C[C@H](NC(=O)[C@H](CC(=O)O)NC(=O)[C@H](C)[n+]1[c-]n2ccccc2c1)C(=O)O,-4.8117,-3.2366557
C[C@H](NC(=O)[C@H](CC(=O)O)NC(=O)[C@H](CCC(=O)O)[n+]1[c-]n2ccccc2c1)C(=O)O,0.9698,-5.148551
C[C@H](NC(=O)[C@H](CC(=O)O)NC(=O)[C@H](Cc1ccccc1)[n+]1[c-]n2ccccc2c1)C(=O)O,-7.572,-8.149054
C[C@H](NC(=O)[C@H](CC(=O)O)NC(=O)[C@H]([C@@H](C)O)[n+]1[c-]n2ccccc2c1)C(=O)O,-1.2455,-8.865569
C[C@H](NC(=O)[C@H](CC(=O)O)[n+]1[c-]n2ccccc2c1)C(=O)N[C@@H](CO)C(=O)O,-5.6123,-5.125771
C[C@H](NC(=O)[C@H](CC(N)=O)NC(=O)[C@H](CC(=O)O)[n+]1[c-]n2ccccc2c1)C(=O)O,-2.9866,-10.060676
C[C@H](NC(=O)[C@H](CC(N)=O)NC(=O)[C@H](CCC(N)=O)[n+]1[c-]n2ccccc2c1)C(=O)O,-5.6928,-5.4866004
C[C@H](NC(=O)[C@H](CCC(=O)O)NC(=O)[C@H](C)[n+]1[c-]n2ccccc2c1)C(=O)O,-8.3451,-6.8251524
C[C@H](NC(=O)[C@H](CCC(=O)O)NC(=O)[C@H](CCC(N)=O)[n+]1[c-]n2ccccc2c1)C(=O)O,-8.4661,-7.92908
C[C@H](NC(=O)[C@H](CCC(=O)O)NC(=O)[C@H](Cc1c[nH]c2ccccc12)[n+]1[c-]n2ccccc2c1)C(=O)O,-12.8976,-9.618825
C[C@H](NC(=O)[C@H](CCC(=O)O)[n+]1[c-]n2ccccc2c1)C(=O)N1CCC[C@H]1C(=O)O,-11.3888,-7.7195396
C[C@H](NC(=O)[C@H](CCC(=O)O)[n+]1[c-]n2ccccc2c1)C(=O)N[C@H](C(=O)O)[C@@H](C)O,-2.8673,-4.7230825
C[C@H](NC(=O)[C@H](CCC(N)=O)NC(=O)[C@H](C)[n+]1[c-]n2ccccc2c1)C(=O)O,-10.9827,-7.326898
C[C@H](NC(=O)[C@H](CCC(N)=O)NC(=O)[C@H](CC(N)=O)[n+]1[c-]n2ccccc2c1)C(=O)O,-10.2947,-8.137604
C[C@H](NC(=O)[C@H](CCC(N)=O)NC(=O)[C@H](CCCNC(=N)N)[n+]1[c-]n2ccccc2c1)C(=O)O,-13.1174,-9.363698
C[C@H](NC(=O)[C@H](CCC(N)=O)NC(=O)[C@H](CS)[n+]1[c-]n2ccccc2c1)C(=O)O,-7.0046,-7.168936
C[C@H](NC(=O)[C@H](CCC(N)=O)[n+]1[c-]n2ccccc2c1)C(=O)N[C@@H](Cc1c[nH]cn1)C(=O)O,-8.0374,-8.286303
C[C@H](NC(=O)[C@H](CCCNC(=N)N)NC(=O)[C@H](CC(=O)O)[n+]1[c-]n2ccccc2c1)C(=O)O,-11.5698,-10.009615
C[C@H](NC(=O)[C@H](CCCNC(=N)N)NC(=O)[C@H](CC(N)=O)[n+]1[c-]n2ccccc2c1)C(=O)O,-12.9431,-12.1196575
C[C@H](NC(=O)[C@H](CCCNC(=N)N)NC(=O)[C@H](CCC(=O)O)[n+]1[c-]n2ccccc2c1)C(=O)O,-1.2274,-6.327778
C[C@H](NC(=O)[C@H](CCCNC(=N)N)NC(=O)[C@H](Cc1c[nH]cn1)[n+]1[c-]n2ccccc2c1)C(=O)O,-15.8651,-11.713144
C[C@H](NC(=O)[C@H](CCCNC(=N)N)[n+]1[c-]n2ccccc2c1)C(=O)N[C@@H](CCC(=O)O)C(=O)O,-7.7155,-8.393247
C[C@H](NC(=O)[C@H](CCCNC(=N)N)[n+]1[c-]n2ccccc2c1)C(=O)N[C@@H](CCC(N)=O)C(=O)O,-8.6564,-8.230024
C[C@H](NC(=O)[C@H](CCCNC(=N)N)[n+]1[c-]n2ccccc2c1)C(=O)N[C@@H](Cc1c[nH]c2ccccc12)C(=O)O,-13.028,-9.75535
C[C@H](NC(=O)[C@H](CCCNC(=N)N)[n+]1[c-]n2ccccc2c1)C(=O)N[C@@H](Cc1ccccc1)C(=O)O,-0.404,-6.1523275
C[C@H](NC(=O)[C@H](CO)NC(=O)[C@H](CCCNC(=N)N)[n+]1[c-]n2ccccc2c1)C(=O)O,0.7083,-4.3497834
C[C@H](NC(=O)[C@H](CO)NC(=O)[C@H](CO)[n+]1[c-]n2ccccc2c1)C(=O)O,-9.507,-6.820525
C[C@H](NC(=O)[C@H](CO)NC(=O)[C@H](CS)[n+]1[c-]n2ccccc2c1)C(=O)O,-3.4275,-3.499503
C[C@H](NC(=O)[C@H](CO)NC(=O)[C@H](Cc1c[nH]c2ccccc12)[n+]1[c-]n2ccccc2c1)C(=O)O,-2.7716,-8.492069
C[C@H](NC(=O)[C@H](CO)NC(=O)[C@H](Cc1ccc(O)cc1)[n+]1[c-]n2ccccc2c1)C(=O)O,-0.3916,-5.3265343
C[C@H](NC(=O)[C@H](CO)[n+]1[c-]n2ccccc2c1)C(=O)N[C@@H](CCC(N)=O)C(=O)O,-13.229,-6.617796
C[C@H](NC(=O)[C@H](CS)NC(=O)[C@H](Cc1c[nH]c2ccccc12)[n+]1[c-]n2ccccc2c1)C(=O)O,-5.1097,-6.6898155
C[C@H](NC(=O)[C@H](CS)NC(=O)[C@H](Cc1c[nH]cn1)[n+]1[c-]n2ccccc2c1)C(=O)O,-0.8697,-7.241398
C[C@H](NC(=O)[C@H](CS)[n+]1[c-]n2ccccc2c1)C(=O)N1CCC[C@H]1C(=O)O,-7.416,-3.942487
C[C@H](NC(=O)[C@H](CS)[n+]1[c-]n2ccccc2c1)C(=O)N[C@@H](CO)C(=O)O,-11.6346,-8.593855
C[C@H](NC(=O)[C@H](CS)[n+]1[c-]n2ccccc2c1)C(=O)N[C@@H](Cc1c[nH]cn1)C(=O)O,-3.3936,-5.527461
C[C@H](NC(=O)[C@H](CS)[n+]1[c-]n2ccccc2c1)C(=O)N[C@@H](Cc1ccc(O)cc1)C(=O)O,-11.8403,-11.025614
C[C@H](NC(=O)[C@H](CS)[n+]1[c-]n2ccccc2c1)C(=O)N[C@@H](Cc1ccccc1)C(=O)O,-5.5043,-4.899461
C[C@H](NC(=O)[C@H](Cc1c[nH]c2ccccc12)NC(=O)[C@H](CCCNC(=N)N)[n+]1[c-]n2ccccc2c1)C(=O)O,-8.044,-11.987711
C[C@H](NC(=O)[C@H](Cc1c[nH]c2ccccc12)NC(=O)[C@H](CO)[n+]1[c-]n2ccccc2c1)C(=O)O,-6.7009,-8.283454
C[C@H](NC(=O)[C@H](Cc1c[nH]c2ccccc12)[n+]1[c-]n2ccccc2c1)C(=O)N[C@@H](CC(=O)O)C(=O)O,-0.989,-6.275483
C[C@H](NC(=O)[C@H](Cc1c[nH]c2ccccc12)[n+]1[c-]n2ccccc2c1)C(=O)N[C@@H](CC(N)=O)C(=O)O,-5.6906,-7.7520647
C[C@H](NC(=O)[C@H](Cc1c[nH]c2ccccc12)[n+]1[c-]n2ccccc2c1)C(=O)N[C@@H](Cc1c[nH]cn1)C(=O)O,-8.7459,-4.8390627
C[C@H](NC(=O)[C@H](Cc1c[nH]cn1)NC(=O)[C@H](CCC(=O)O)[n+]1[c-]n2ccccc2c1)C(=O)O,-7.7841,-7.321924
C[C@H](NC(=O)[C@H](Cc1c[nH]cn1)NC(=O)[C@H](CCCNC(=N)N)[n+]1[c-]n2ccccc2c1)C(=O)O,-4.0341,-8.5753975
C[C@H](NC(=O)[C@H](Cc1c[nH]cn1)[n+]1[c-]n2ccccc2c1)C(=O)NCC(=O)O,-4.651,-6.3950005
C[C@H](NC(=O)[C@H](Cc1c[nH]cn1)[n+]1[c-]n2ccccc2c1)C(=O)N[C@@H](CC(N)=O)C(=O)O,-10.3098,-8.567278
C[C@H](NC(=O)[C@H](Cc1c[nH]cn1)[n+]1[c-]n2ccccc2c1)C(=O)N[C@@H](CS)C(=O)O,-10.5168,-9.051687
C[C@H](NC(=O)[C@H](Cc1c[nH]cn1)[n+]1[c-]n2ccccc2c1)C(=O)N[C@@H](Cc1c[nH]cn1)C(=O)O,2.2287,-5.2748733
C[C@H](NC(=O)[C@H](Cc1c[nH]cn1)[n+]1[c-]n2ccccc2c1)C(=O)N[C@H](C(=O)O)[C@@H](C)O,-5.9835,-7.5134892
C[C@H](NC(=O)[C@H](Cc1ccc(O)cc1)NC(=O)[C@H](CS)[n+]1[c-]n2ccccc2c1)C(=O)O,-2.7128,-4.058239
C[C@H](NC(=O)[C@H](Cc1ccc(O)cc1)[n+]1[c-]n2ccccc2c1)C(=O)N[C@@H](CCCNC(=N)N)C(=O)O,-6.7853,-8.159809
C[C@H](NC(=O)[C@H](Cc1ccc(O)cc1)[n+]1[c-]n2ccccc2c1)C(=O)N[C@@H](CS)C(=O)O,-7.9598,-7.2641234
C[C@H](NC(=O)[C@H](Cc1ccc(O)cc1)[n+]1[c-]n2ccccc2c1)C(=O)N[C@@H](Cc1ccc(O)cc1)C(=O)O,-5.9915,-6.852731
C[C@H](NC(=O)[C@H](Cc1ccc(O)cc1)[n+]1[c-]n2ccccc2c1)C(=O)N[C@@H](Cc1ccccc1)C(=O)O,0.2418,-5.532399
C[C@H](NC(=O)[C@H](Cc1ccccc1)NC(=O)C[n+]1[c-]n2ccccc2c1)C(=O)O,-10.8097,-9.797311
C[C@H](NC(=O)[C@H](Cc1ccccc1)NC(=O)[C@H](C)[n+]1[c-]n2ccccc2c1)C(=O)O,-2.809,-4.2113857
C[C@H](NC(=O)[C@H](Cc1ccccc1)NC(=O)[C@H](CCC(=O)O)[n+]1[c-]n2ccccc2c1)C(=O)O,-7.023,-7.8728056
C[C@H](NC(=O)[C@H](Cc1ccccc1)NC(=O)[C@H]([C@@H](C)O)[n+]1[c-]n2ccccc2c1)C(=O)O,-8.0149,-7.170831
C[C@H](NC(=O)[C@H](Cc1ccccc1)[n+]1[c-]n2ccccc2c1)C(=O)N[C@@H](CCCNC(=N)N)C(=O)O,-11.0845,-9.938801
C[C@H](NC(=O)[C@H](Cc1ccccc1)[n+]1[c-]n2ccccc2c1)C(=O)N[C@@H](CO)C(=O)O,-9.3786,-8.825079
C[C@H](NC(=O)[C@H](Cc1ccccc1)[n+]1[c-]n2ccccc2c1)C(=O)N[C@@H](Cc1c[nH]cn1)C(=O)O,-4.4279,-6.747473
C[C@H](NC(=O)[C@H]([C@@H](C)O)[n+]1[c-]n2ccccc2c1)C(=O)N[C@@H](CC(=O)O)C(=O)O,-7.2332,-9.542963
C[C@H](NC(=O)[C@H]([C@@H](C)O)[n+]1[c-]n2ccccc2c1)C(=O)O,-7.5033,-6.354559
N=C(N)NCCC[C@@H](C(=O)N1CCC[C@H]1C(=O)N[C@@H](CC(=O)O)C(=O)O)[n+]1[c-]n2ccccc2c1,-3.9076,-6.0403404
N=C(N)NCCC[C@@H](C(=O)N1CCC[C@H]1C(=O)N[C@@H](CCC(=O)O)C(=O)O)[n+]1[c-]n2ccccc2c1,-2.5553,-6.1970186
N=C(N)NCCC[C@@H](C(=O)N1CCC[C@H]1C(=O)N[C@@H](CCC(N)=O)C(=O)O)[n+]1[c-]n2ccccc2c1,1.0564,-5.683429
N=C(N)NCCC[C@@H](C(=O)N1CCC[C@H]1C(=O)N[C@@H](Cc1c[nH]c2ccccc12)C(=O)O)[n+]1[c-]n2ccccc2c1,-2.9369,-9.4550705
N=C(N)NCCC[C@@H](C(=O)NCC(=O)N1CCC[C@H]1C(=O)O)[n+]1[c-]n2ccccc2c1,-15.3779,-9.229032
N=C(N)NCCC[C@@H](C(=O)NCC(=O)N[C@@H](CCC(N)=O)C(=O)O)[n+]1[c-]n2ccccc2c1,-6.2696,-7.1599383
N=C(N)NCCC[C@@H](C(=O)NCC(=O)N[C@@H](CO)C(=O)O)[n+]1[c-]n2ccccc2c1,-6.3553,-10.2500725
N=C(N)NCCC[C@@H](C(=O)NCC(=O)N[C@@H](Cc1c[nH]c2ccccc12)C(=O)O)[n+]1[c-]n2ccccc2c1,-1.4088,-8.662529
N=C(N)NCCC[C@@H](C(=O)NCC(=O)N[C@@H](Cc1ccccc1)C(=O)O)[n+]1[c-]n2ccccc2c1,-5.5577,-9.296993
N=C(N)NCCC[C@@H](C(=O)N[C@@H](CC(N)=O)C(=O)N[C@@H](CCC(N)=O)C(=O)O)[n+]1[c-]n2ccccc2c1,-8.1869,-6.282071
N=C(N)NCCC[C@@H](C(=O)N[C@@H](CC(N)=O)C(=O)N[C@@H](Cc1ccccc1)C(=O)O)[n+]1[c-]n2ccccc2c1,-7.7569,-8.328506
N=C(N)NCCC[C@@H](C(=O)N[C@@H](CCC(=O)O)C(=O)N[C@@H](CC(=O)O)C(=O)O)[n+]1[c-]n2ccccc2c1,-9.5501,-8.8295965
N=C(N)NCCC[C@@H](C(=O)N[C@@H](CCC(=O)O)C(=O)N[C@@H](CCC(N)=O)C(=O)O)[n+]1[c-]n2ccccc2c1,-24.4745,-15.6491165
N=C(N)NCCC[C@@H](C(=O)N[C@@H](CCC(N)=O)C(=O)N[C@@H](CC(N)=O)C(=O)O)[n+]1[c-]n2ccccc2c1,-8.5001,-9.739319
N=C(N)NCCC[C@@H](C(=O)N[C@@H](CCC(N)=O)C(=O)N[C@@H](Cc1c[nH]cn1)C(=O)O)[n+]1[c-]n2ccccc2c1,-9.3633,-8.830593
N=C(N)NCCC[C@@H](C(=O)N[C@@H](CO)C(=O)N[C@@H](Cc1c[nH]c2ccccc12)C(=O)O)[n+]1[c-]n2ccccc2c1,-6.3248,-10.0998745
N=C(N)NCCC[C@@H](C(=O)N[C@@H](CO)C(=O)O)[n+]1[c-]n2ccccc2c1,-11.8849,-8.940671
N=C(N)NCCC[C@@H](C(=O)N[C@@H](CS)C(=O)N[C@@H](CCC(N)=O)C(=O)O)[n+]1[c-]n2ccccc2c1,-6.7097,-5.9326916
N=C(N)NCCC[C@@H](C(=O)N[C@@H](CS)C(=O)N[C@@H](Cc1c[nH]cn1)C(=O)O)[n+]1[c-]n2ccccc2c1,-6.4178,-6.767891
N=C(N)NCCC[C@@H](C(=O)N[C@@H](Cc1c[nH]c2ccccc12)C(=O)N[C@@H](CO)C(=O)O)[n+]1[c-]n2ccccc2c1,-7.3323,-7.884196
N=C(N)NCCC[C@@H](C(=O)N[C@@H](Cc1c[nH]cn1)C(=O)N1CCC[C@H]1C(=O)O)[n+]1[c-]n2ccccc2c1,3.9745,-10.922851
N=C(N)NCCC[C@@H](C(=O)N[C@@H](Cc1c[nH]cn1)C(=O)N[C@@H](CCC(=O)O)C(=O)O)[n+]1[c-]n2ccccc2c1,-5.013,-8.31536
N=C(N)NCCC[C@@H](C(=O)N[C@@H](Cc1c[nH]cn1)C(=O)N[C@@H](CO)C(=O)O)[n+]1[c-]n2ccccc2c1,-4.3436,-7.7081366
N=C(N)NCCC[C@@H](C(=O)N[C@@H](Cc1ccc(O)cc1)C(=O)N[C@@H](CS)C(=O)O)[n+]1[c-]n2ccccc2c1,-9.0142,-9.597921
N=C(N)NCCC[C@@H](C(=O)N[C@@H](Cc1ccc(O)cc1)C(=O)N[C@@H](Cc1c[nH]cn1)C(=O)O)[n+]1[c-]n2ccccc2c1,-11.0378,-8.643381
N=C(N)NCCC[C@@H](C(=O)N[C@@H](Cc1ccccc1)C(=O)N[C@@H](CC(=O)O)C(=O)O)[n+]1[c-]n2ccccc2c1,-12.6015,-9.240591
N=C(N)NCCC[C@@H](C(=O)N[C@@H](Cc1ccccc1)C(=O)N[C@@H](CCC(N)=O)C(=O)O)[n+]1[c-]n2ccccc2c1,21.0537,-11.698868
N=C(N)NCCC[C@H](NC(=O)CNC(=O)[C@H](CC(N)=O)[n+]1[c-]n2ccccc2c1)C(=O)O,-14.0365,-10.326312
N=C(N)NCCC[C@H](NC(=O)CNC(=O)[C@H](CCC(N)=O)[n+]1[c-]n2ccccc2c1)C(=O)O,-10.7271,-10.320567
N=C(N)NCCC[C@H](NC(=O)CNC(=O)[C@H](Cc1c[nH]c2ccccc12)[n+]1[c-]n2ccccc2c1)C(=O)O,-20.325,-13.13374
N=C(N)NCCC[C@H](NC(=O)[C@@H]1CCCN1C(=O)C[n+]1[c-]n2ccccc2c1)C(=O)O,-12.5408,-7.528257
N=C(N)NCCC[C@H](NC(=O)[C@@H]1CCCN1C(=O)[C@H](CCC(N)=O)[n+]1[c-]n2ccccc2c1)C(=O)O,-8.263,-9.149042
N=C(N)NCCC[C@H](NC(=O)[C@@H]1CCCN1C(=O)[C@H](Cc1ccc(O)cc1)[n+]1[c-]n2ccccc2c1)C(=O)O,-5.6198,-10.310991
N=C(N)NCCC[C@H](NC(=O)[C@H](CC(=O)O)NC(=O)[C@H](CCC(=O)O)[n+]1[c-]n2ccccc2c1)C(=O)O,-19.6855,-20.959377
N=C(N)NCCC[C@H](NC(=O)[C@H](CC(=O)O)[n+]1[c-]n2ccccc2c1)C(=O)N[C@@H](CO)C(=O)O,-5.8788,-6.66502
N=C(N)NCCC[C@H](NC(=O)[C@H](CC(N)=O)NC(=O)C[n+]1[c-]n2ccccc2c1)C(=O)O,-13.2992,-12.396496
N=C(N)NCCC[C@H](NC(=O)[C@H](CC(N)=O)NC(=O)[C@H](CCCNC(=N)N)[n+]1[c-]n2ccccc2c1)C(=O)O,-8.6212,-11.368023
N=C(N)NCCC[C@H](NC(=O)[C@H](CC(N)=O)NC(=O)[C@H](CO)[n+]1[c-]n2ccccc2c1)C(=O)O,-10.3772,-11.223936
N=C(N)NCCC[C@H](NC(=O)[C@H](CC(N)=O)NC(=O)[C@H](Cc1c[nH]cn1)[n+]1[c-]n2ccccc2c1)C(=O)O,-19.7257,-18.147554
N=C(N)NCCC[C@H](NC(=O)[C@H](CC(N)=O)NC(=O)[C@H](Cc1ccccc1)[n+]1[c-]n2ccccc2c1)C(=O)O,-7.7269,-9.617938
N=C(N)NCCC[C@H](NC(=O)[C@H](CC(N)=O)[n+]1[c-]n2ccccc2c1)C(=O)N1CCC[C@H]1C(=O)O,-8.4709,-10.329163
N=C(N)NCCC[C@H](NC(=O)[C@H](CC(N)=O)[n+]1[c-]n2ccccc2c1)C(=O)N[C@@H](CC(N)=O)C(=O)O,-18.3304,-10.607935
N=C(N)NCCC[C@H](NC(=O)[C@H](CC(N)=O)[n+]1[c-]n2ccccc2c1)C(=O)N[C@@H](CCC(=O)O)C(=O)O,-20.7703,-18.469717
N=C(N)NCCC[C@H](NC(=O)[C@H](CCC(=O)O)NC(=O)[C@H](CC(=O)O)[n+]1[c-]n2ccccc2c1)C(=O)O,-18.1782,-19.396353
N=C(N)NCCC[C@H](NC(=O)[C@H](CCC(=O)O)NC(=O)[C@H](CC(N)=O)[n+]1[c-]n2ccccc2c1)C(=O)O,-13.0807,-13.101349
N=C(N)NCCC[C@H](NC(=O)[C@H](CCC(=O)O)NC(=O)[C@H](CCCNC(=N)N)[n+]1[c-]n2ccccc2c1)C(=O)O,-11.1105,-10.450649
N=C(N)NCCC[C@H](NC(=O)[C@H](CCC(=O)O)NC(=O)[C@H](CS)[n+]1[c-]n2ccccc2c1)C(=O)O,-18.6506,-9.496584
N=C(N)NCCC[C@H](NC(=O)[C@H](CCC(=O)O)[n+]1[c-]n2ccccc2c1)C(=O)N[C@@H](CS)C(=O)O,-0.5213,-8.674192
N=C(N)NCCC[C@H](NC(=O)[C@H](CCC(=O)O)[n+]1[c-]n2ccccc2c1)C(=O)N[C@@H](Cc1c[nH]c2ccccc12)C(=O)O,-13.5108,-10.796012
N=C(N)NCCC[C@H](NC(=O)[C@H](CCC(=O)O)[n+]1[c-]n2ccccc2c1)C(=O)N[C@@H](Cc1c[nH]cn1)C(=O)O,-10.8422,-9.568872
N=C(N)NCCC[C@H](NC(=O)[C@H](CCC(N)=O)NC(=O)[C@H](CCC(N)=O)[n+]1[c-]n2ccccc2c1)C(=O)O,-18.1505,-18.235523
N=C(N)NCCC[C@H](NC(=O)[C@H](CCC(N)=O)NC(=O)[C@H](Cc1c[nH]c2ccccc12)[n+]1[c-]n2ccccc2c1)C(=O)O,-10.9208,-8.830561
N=C(N)NCCC[C@H](NC(=O)[C@H](CCC(N)=O)NC(=O)[C@H](Cc1ccc(O)cc1)[n+]1[c-]n2ccccc2c1)C(=O)O,-12.3857,-11.1754
N=C(N)NCCC[C@H](NC(=O)[C@H](CCC(N)=O)[n+]1[c-]n2ccccc2c1)C(=O)N[C@@H](CC(=O)O)C(=O)O,-9.7487,-16.738138
N=C(N)NCCC[C@H](NC(=O)[C@H](CCC(N)=O)[n+]1[c-]n2ccccc2c1)C(=O)N[C@@H](Cc1c[nH]cn1)C(=O)O,-5.7612,-12.230037
N=C(N)NCCC[C@H](NC(=O)[C@H](CCCNC(=N)N)NC(=O)[C@H](CS)[n+]1[c-]n2ccccc2c1)C(=O)O,-5.0149,-6.618813
N=C(N)NCCC[C@H](NC(=O)[C@H](CCCNC(=N)N)NC(=O)[C@H](Cc1c[nH]c2ccccc12)[n+]1[c-]n2ccccc2c1)C(=O)O,-2.4089,-12.182091
N=C(N)NCCC[C@H](NC(=O)[C@H](CCCNC(=N)N)NC(=O)[C@H](Cc1ccccc1)[n+]1[c-]n2ccccc2c1)C(=O)O,-18.2851,-10.54896
N=C(N)NCCC[C@H](NC(=O)[C@H](CCCNC(=N)N)[n+]1[c-]n2ccccc2c1)C(=O)N[C@@H](CC(N)=O)C(=O)O,-4.0814,-9.791672
N=C(N)NCCC[C@H](NC(=O)[C@H](CCCNC(=N)N)[n+]1[c-]n2ccccc2c1)C(=O)N[C@@H](Cc1ccccc1)C(=O)O,4.1842,-9.100096
N=C(N)NCCC[C@H](NC(=O)[C@H](CCCNC(=N)N)[n+]1[c-]n2ccccc2c1)C(=O)O,-10.6542,-6.778726
N=C(N)NCCC[C@H](NC(=O)[C@H](CO)NC(=O)C[n+]1[c-]n2ccccc2c1)C(=O)O,-14.7521,-12.229115
N=C(N)NCCC[C@H](NC(=O)[C@H](CO)NC(=O)[C@H](CC(N)=O)[n+]1[c-]n2ccccc2c1)C(=O)O,-17.3802,-10.839924
N=C(N)NCCC[C@H](NC(=O)[C@H](CO)[n+]1[c-]n2ccccc2c1)C(=O)NCC(=O)O,-5.6616,-9.562256
N=C(N)NCCC[C@H](NC(=O)[C@H](CO)[n+]1[c-]n2ccccc2c1)C(=O)N[C@@H](Cc1c[nH]c2ccccc12)C(=O)O,-10.9761,-12.347855
N=C(N)NCCC[C@H](NC(=O)[C@H](CS)NC(=O)C[n+]1[c-]n2ccccc2c1)C(=O)O,-14.8235,-16.17795
N=C(N)NCCC[C@H](NC(=O)[C@H](CS)[n+]1[c-]n2ccccc2c1)C(=O)N[C@@H](CCC(N)=O)C(=O)O,-8.0122,-8.17627
N=C(N)NCCC[C@H](NC(=O)[C@H](CS)[n+]1[c-]n2ccccc2c1)C(=O)N[C@@H](Cc1c[nH]c2ccccc12)C(=O)O,-11.9074,-10.710384
N=C(N)NCCC[C@H](NC(=O)[C@H](CS)[n+]1[c-]n2ccccc2c1)C(=O)O,-13.3504,-7.307069
N=C(N)NCCC[C@H](NC(=O)[C@H](Cc1c[nH]c2ccccc12)NC(=O)[C@H](CO)[n+]1[c-]n2ccccc2c1)C(=O)O,-3.9656,-8.629751
N=C(N)NCCC[C@H](NC(=O)[C@H](Cc1c[nH]c2ccccc12)NC(=O)[C@H](Cc1c[nH]c2ccccc12)[n+]1[c-]n2ccccc2c1)C(=O)O,-0.7449,-11.884991
N=C(N)NCCC[C@H](NC(=O)[C@H](Cc1c[nH]c2ccccc12)NC(=O)[C@H](Cc1c[nH]cn1)[n+]1[c-]n2ccccc2c1)C(=O)O,-9.2998,-13.602978
N=C(N)NCCC[C@H](NC(=O)[C@H](Cc1c[nH]c2ccccc12)NC(=O)[C@H](Cc1ccc(O)cc1)[n+]1[c-]n2ccccc2c1)C(=O)O,-15.3066,-12.435855
N=C(N)NCCC[C@H](NC(=O)[C@H](Cc1c[nH]c2ccccc12)[n+]1[c-]n2ccccc2c1)C(=O)N[C@@H](CC(N)=O)C(=O)O,-12.0909,-12.775095
N=C(N)NCCC[C@H](NC(=O)[C@H](Cc1c[nH]cn1)[n+]1[c-]n2ccccc2c1)C(=O)N[C@@H](CC(=O)O)C(=O)O,-7.4111,-14.025378
N=C(N)NCCC[C@H](NC(=O)[C@H](Cc1c[nH]cn1)[n+]1[c-]n2ccccc2c1)C(=O)N[C@@H](Cc1c[nH]c2ccccc12)C(=O)O,-12.0598,-12.44293
N=C(N)NCCC[C@H](NC(=O)[C@H](Cc1ccc(O)cc1)NC(=O)[C@H](CC(=O)O)[n+]1[c-]n2ccccc2c1)C(=O)O,-6.9742,-14.386123
N=C(N)NCCC[C@H](NC(=O)[C@H](Cc1ccc(O)cc1)NC(=O)[C@H](CCCNC(=N)N)[n+]1[c-]n2ccccc2c1)C(=O)O,-11.7354,-17.565948
N=C(N)NCCC[C@H](NC(=O)[C@H](Cc1ccc(O)cc1)[n+]1[c-]n2ccccc2c1)C(=O)N[C@@H](CCC(N)=O)C(=O)O,-7.4177,-9.8862295
N=C(N)NCCC[C@H](NC(=O)[C@H](Cc1ccccc1)NC(=O)[C@H](CC(N)=O)[n+]1[c-]n2ccccc2c1)C(=O)O,-6.4704,-5.741215
N=C(N)NCCC[C@H](NC(=O)[C@H](Cc1ccccc1)NC(=O)[C@H](Cc1c[nH]cn1)[n+]1[c-]n2ccccc2c1)C(=O)O,-3.9248,-9.953225
N=C(N)NCCC[C@H](NC(=O)[C@H](Cc1ccccc1)[n+]1[c-]n2ccccc2c1)C(=O)N1CCC[C@H]1C(=O)O,-7.9468,-5.73005
N=C(N)NCCC[C@H](NC(=O)[C@H](Cc1ccccc1)[n+]1[c-]n2ccccc2c1)C(=O)N[C@@H](CC(N)=O)C(=O)O,-13.8075,-14.110732
N=C(N)NCCC[C@H](NC(=O)[C@H](Cc1ccccc1)[n+]1[c-]n2ccccc2c1)C(=O)N[C@@H](Cc1ccc(O)cc1)C(=O)O,-9.0414,-10.620099
N=C(N)NCCC[C@H](NC(=O)[C@H](Cc1ccccc1)[n+]1[c-]n2ccccc2c1)C(=O)O,-10.9923,-9.961689
NC(=O)CC[C@@H](C(=O)N1CCC[C@H]1C(=O)N[C@@H](CC(=O)O)C(=O)O)[n+]1[c-]n2ccccc2c1,-6.0767,-7.8827558
NC(=O)CC[C@@H](C(=O)N1CCC[C@H]1C(=O)N[C@@H](CCC(=O)O)C(=O)O)[n+]1[c-]n2ccccc2c1,-9.6731,-6.4462824
NC(=O)CC[C@@H](C(=O)NCC(=O)N[C@@H](CC(N)=O)C(=O)O)[n+]1[c-]n2ccccc2c1,-11.4219,-11.930487
NC(=O)CC[C@@H](C(=O)NCC(=O)N[C@@H](CCC(=O)O)C(=O)O)[n+]1[c-]n2ccccc2c1,-12.9154,-8.186415
NC(=O)CC[C@@H](C(=O)NCC(=O)O)[n+]1[c-]n2ccccc2c1,-2.6645,-5.398473
NC(=O)CC[C@@H](C(=O)N[C@@H](CC(=O)O)C(=O)N1CCC[C@H]1C(=O)O)[n+]1[c-]n2ccccc2c1,-10.954,-10.478389
NC(=O)CC[C@@H](C(=O)N[C@@H](CC(=O)O)C(=O)N[C@@H](CC(N)=O)C(=O)O)[n+]1[c-]n2ccccc2c1,-9.2844,-11.554344
NC(=O)CC[C@@H](C(=O)N[C@@H](CC(=O)O)C(=O)N[C@@H](CO)C(=O)O)[n+]1[c-]n2ccccc2c1,-6.7087,-9.125648
NC(=O)CC[C@@H](C(=O)N[C@@H](CC(=O)O)C(=O)N[C@@H](Cc1ccccc1)C(=O)O)[n+]1[c-]n2ccccc2c1,-9.2271,-8.261782
NC(=O)CC[C@@H](C(=O)N[C@@H](CC(N)=O)C(=O)N[C@@H](CCC(=O)O)C(=O)O)[n+]1[c-]n2ccccc2c1,-18.2392,-16.765991
NC(=O)CC[C@@H](C(=O)N[C@@H](CC(N)=O)C(=O)N[C@@H](Cc1ccc(O)cc1)C(=O)O)[n+]1[c-]n2ccccc2c1,-22.4747,-19.605911
NC(=O)CC[C@@H](C(=O)N[C@@H](CC(N)=O)C(=O)N[C@@H](Cc1ccccc1)C(=O)O)[n+]1[c-]n2ccccc2c1,-19.5151,-19.867748
NC(=O)CC[C@@H](C(=O)N[C@@H](CCC(=O)O)C(=O)NCC(=O)O)[n+]1[c-]n2ccccc2c1,-10.9575,-9.555655
NC(=O)CC[C@@H](C(=O)N[C@@H](CCC(=O)O)C(=O)N[C@@H](CS)C(=O)O)[n+]1[c-]n2ccccc2c1,-19.4554,-13.409911
NC(=O)CC[C@@H](C(=O)N[C@@H](CCC(=O)O)C(=O)N[C@@H](Cc1c[nH]c2ccccc12)C(=O)O)[n+]1[c-]n2ccccc2c1,-10.9081,-10.231512
NC(=O)CC[C@@H](C(=O)N[C@@H](CO)C(=O)N[C@@H](Cc1c[nH]c2ccccc12)C(=O)O)[n+]1[c-]n2ccccc2c1,-3.3475,-11.207285
NC(=O)CC[C@@H](C(=O)N[C@@H](CO)C(=O)N[C@@H](Cc1c[nH]cn1)C(=O)O)[n+]1[c-]n2ccccc2c1,-8.1873,-9.596855
NC(=O)CC[C@@H](C(=O)N[C@@H](CO)C(=O)N[C@@H](Cc1ccccc1)C(=O)O)[n+]1[c-]n2ccccc2c1,-7.0674,-7.071247
NC(=O)CC[C@@H](C(=O)N[C@@H](CS)C(=O)NCC(=O)O)[n+]1[c-]n2ccccc2c1,-8.0636,-8.025366
NC(=O)CC[C@@H](C(=O)N[C@@H](Cc1c[nH]c2ccccc12)C(=O)N[C@@H](CC(N)=O)C(=O)O)[n+]1[c-]n2ccccc2c1,-20.7365,-14.647144
NC(=O)CC[C@@H](C(=O)N[C@@H](Cc1c[nH]c2ccccc12)C(=O)N[C@@H](Cc1ccccc1)C(=O)O)[n+]1[c-]n2ccccc2c1,-0.5452,-10.041032
NC(=O)CC[C@@H](C(=O)N[C@@H](Cc1c[nH]cn1)C(=O)NCC(=O)O)[n+]1[c-]n2ccccc2c1,-3.8157,-8.204978
NC(=O)CC[C@@H](C(=O)N[C@@H](Cc1c[nH]cn1)C(=O)N[C@@H](CC(N)=O)C(=O)O)[n+]1[c-]n2ccccc2c1,-17.4856,-12.490791
NC(=O)CC[C@@H](C(=O)N[C@@H](Cc1c[nH]cn1)C(=O)N[C@@H](CO)C(=O)O)[n+]1[c-]n2ccccc2c1,-11.8731,-10.126655
NC(=O)CC[C@@H](C(=O)N[C@@H](Cc1ccc(O)cc1)C(=O)N[C@@H](Cc1ccc(O)cc1)C(=O)O)[n+]1[c-]n2ccccc2c1,-14.9549,-11.232164
NC(=O)CC[C@@H](C(=O)N[C@@H](Cc1ccccc1)C(=O)N1CCC[C@H]1C(=O)O)[n+]1[c-]n2ccccc2c1,-1.3235,-11.103651
NC(=O)CC[C@@H](C(=O)N[C@@H](Cc1ccccc1)C(=O)N[C@@H](CC(=O)O)C(=O)O)[n+]1[c-]n2ccccc2c1,-5.4077,-7.8607306
NC(=O)CC[C@@H](C(=O)N[C@@H](Cc1ccccc1)C(=O)N[C@@H](Cc1ccccc1)C(=O)O)[n+]1[c-]n2ccccc2c1,-15.9649,-13.167618
NC(=O)CC[C@@H](C(=O)O)[n+]1[c-]n2ccccc2c1,-5.5774,-4.7683353
NC(=O)CC[C@H](NC(=O)CNC(=O)[C@H](CCC(=O)O)[n+]1[c-]n2ccccc2c1)C(=O)O,-13.2371,-8.55329
NC(=O)CC[C@H](NC(=O)CNC(=O)[C@H](CS)[n+]1[c-]n2ccccc2c1)C(=O)O,-10.188,-8.558447
NC(=O)CC[C@H](NC(=O)CNC(=O)[C@H](Cc1ccc(O)cc1)[n+]1[c-]n2ccccc2c1)C(=O)O,-10.6358,-9.3436775
NC(=O)CC[C@H](NC(=O)C[n+]1[c-]n2ccccc2c1)C(=O)N[C@@H](CC(N)=O)C(=O)O,-13.8397,-14.248667
NC(=O)CC[C@H](NC(=O)[C@@H]1CCCN1C(=O)C[n+]1[c-]n2ccccc2c1)C(=O)O,-13.1606,-11.514235
NC(=O)CC[C@H](NC(=O)[C@@H]1CCCN1C(=O)[C@H](CCC(N)=O)[n+]1[c-]n2ccccc2c1)C(=O)O,-11.9057,-8.064493
NC(=O)CC[C@H](NC(=O)[C@@H]1CCCN1C(=O)[C@H](Cc1ccc(O)cc1)[n+]1[c-]n2ccccc2c1)C(=O)O,-13.8059,-10.086746
NC(=O)CC[C@H](NC(=O)[C@H](CC(=O)O)NC(=O)[C@H](CCC(N)=O)[n+]1[c-]n2ccccc2c1)C(=O)O,-9.446,-8.764553
NC(=O)CC[C@H](NC(=O)[C@H](CC(=O)O)NC(=O)[C@H](CO)[n+]1[c-]n2ccccc2c1)C(=O)O,-16.9702,-20.83436
NC(=O)CC[C@H](NC(=O)[C@H](CC(=O)O)NC(=O)[C@H](CS)[n+]1[c-]n2ccccc2c1)C(=O)O,-14.4734,-14.316299
NC(=O)CC[C@H](NC(=O)[C@H](CC(=O)O)NC(=O)[C@H](Cc1c[nH]cn1)[n+]1[c-]n2ccccc2c1)C(=O)O,-6.9759,-8.181452
NC(=O)CC[C@H](NC(=O)[C@H](CC(N)=O)NC(=O)[C@H](CO)[n+]1[c-]n2ccccc2c1)C(=O)O,-10.2586,-8.962685
NC(=O)CC[C@H](NC(=O)[C@H](CC(N)=O)NC(=O)[C@H](Cc1c[nH]cn1)[n+]1[c-]n2ccccc2c1)C(=O)O,-14.0561,-8.817162
NC(=O)CC[C@H](NC(=O)[C@H](CC(N)=O)NC(=O)[C@H](Cc1ccccc1)[n+]1[c-]n2ccccc2c1)C(=O)O,-14.0081,-11.619932
NC(=O)CC[C@H](NC(=O)[C@H](CC(N)=O)[n+]1[c-]n2ccccc2c1)C(=O)N[C@@H](CC(N)=O)C(=O)O,-12.6407,-12.101027
NC(=O)CC[C@H](NC(=O)[C@H](CC(N)=O)[n+]1[c-]n2ccccc2c1)C(=O)N[C@@H](CCC(=O)O)C(=O)O,-10.7999,-9.431894
NC(=O)CC[C@H](NC(=O)[C@H](CC(N)=O)[n+]1[c-]n2ccccc2c1)C(=O)N[C@@H](Cc1c[nH]cn1)C(=O)O,-12.3508,-14.603582
NC(=O)CC[C@H](NC(=O)[C@H](CC(N)=O)[n+]1[c-]n2ccccc2c1)C(=O)O,-8.5658,-8.690079
NC(=O)CC[C@H](NC(=O)[C@H](CCC(=O)O)NC(=O)[C@H](CCC(=O)O)[n+]1[c-]n2ccccc2c1)C(=O)O,-11.2448,-9.2153635
NC(=O)CC[C@H](NC(=O)[C@H](CCC(=O)O)NC(=O)[C@H](CO)[n+]1[c-]n2ccccc2c1)C(=O)O,-12.0593,-9.97986
NC(=O)CC[C@H](NC(=O)[C@H](CCC(=O)O)[n+]1[c-]n2ccccc2c1)C(=O)N[C@@H](CC(=O)O)C(=O)O,-19.6085,-12.5910845
NC(=O)CC[C@H](NC(=O)[C@H](CCC(=O)O)[n+]1[c-]n2ccccc2c1)C(=O)N[C@@H](CC(N)=O)C(=O)O,-10.9739,-9.00716
NC(=O)CC[C@H](NC(=O)[C@H](CCC(=O)O)[n+]1[c-]n2ccccc2c1)C(=O)N[C@@H](CCC(=O)O)C(=O)O,-9.8668,-7.933234
NC(=O)CC[C@H](NC(=O)[C@H](CCC(=O)O)[n+]1[c-]n2ccccc2c1)C(=O)N[C@@H](Cc1c[nH]cn1)C(=O)O,-15.0063,-9.029467
NC(=O)CC[C@H](NC(=O)[C@H](CCC(=O)O)[n+]1[c-]n2ccccc2c1)C(=O)N[C@@H](Cc1ccccc1)C(=O)O,-16.5694,-8.029382
NC(=O)CC[C@H](NC(=O)[C@H](CCC(N)=O)NC(=O)[C@H](CC(=O)O)[n+]1[c-]n2ccccc2c1)C(=O)O,-19.9091,-16.954447
NC(=O)CC[C@H](NC(=O)[C@H](CCC(N)=O)NC(=O)[C@H](CC(N)=O)[n+]1[c-]n2ccccc2c1)C(=O)O,-6.1693,-9.30007
NC(=O)CC[C@H](NC(=O)[C@H](CCC(N)=O)NC(=O)[C@H](CCC(N)=O)[n+]1[c-]n2ccccc2c1)C(=O)O,-12.9257,-10.786843
NC(=O)CC[C@H](NC(=O)[C@H](CCC(N)=O)[n+]1[c-]n2ccccc2c1)C(=O)N[C@@H](CC(=O)O)C(=O)O,-8.429,-11.128389
NC(=O)CC[C@H](NC(=O)[C@H](CCC(N)=O)[n+]1[c-]n2ccccc2c1)C(=O)N[C@@H](CS)C(=O)O,-18.623,-15.746192
NC(=O)CC[C@H](NC(=O)[C@H](CCC(N)=O)[n+]1[c-]n2ccccc2c1)C(=O)N[C@@H](Cc1c[nH]cn1)C(=O)O,-12.7402,-8.933027
NC(=O)CC[C@H](NC(=O)[C@H](CCC(N)=O)[n+]1[c-]n2ccccc2c1)C(=O)N[C@@H](Cc1ccc(O)cc1)C(=O)O,-13.6622,-10.500317
NC(=O)CC[C@H](NC(=O)[C@H](CO)NC(=O)[C@H](CCC(N)=O)[n+]1[c-]n2ccccc2c1)C(=O)O,-6.4495,-7.2138577
NC(=O)CC[C@H](NC(=O)[C@H](CO)[n+]1[c-]n2ccccc2c1)C(=O)NCC(=O)O,-7.8369,-11.547985
NC(=O)CC[C@H](NC(=O)[C@H](CO)[n+]1[c-]n2ccccc2c1)C(=O)N[C@@H](CC(=O)O)C(=O)O,-13.8181,-10.690412
NC(=O)CC[C@H](NC(=O)[C@H](CO)[n+]1[c-]n2ccccc2c1)C(=O)N[C@@H](CC(N)=O)C(=O)O,-13.1653,-10.578053
NC(=O)CC[C@H](NC(=O)[C@H](CO)[n+]1[c-]n2ccccc2c1)C(=O)N[C@@H](CO)C(=O)O,-8.3204,-9.808957
NC(=O)CC[C@H](NC(=O)[C@H](CS)[n+]1[c-]n2ccccc2c1)C(=O)N[C@@H](CC(=O)O)C(=O)O,-16.4649,-9.498758
NC(=O)CC[C@H](NC(=O)[C@H](CS)[n+]1[c-]n2ccccc2c1)C(=O)N[C@@H](Cc1c[nH]c2ccccc12)C(=O)O,-9.2819,-12.470221
NC(=O)CC[C@H](NC(=O)[C@H](Cc1c[nH]c2ccccc12)NC(=O)[C@H](Cc1ccccc1)[n+]1[c-]n2ccccc2c1)C(=O)O,-14.3925,-14.488655
NC(=O)CC[C@H](NC(=O)[C@H](Cc1c[nH]c2ccccc12)[n+]1[c-]n2ccccc2c1)C(=O)N[C@@H](Cc1ccc(O)cc1)C(=O)O,-12.2487,-12.033913
NC(=O)CC[C@H](NC(=O)[C@H](Cc1c[nH]c2ccccc12)[n+]1[c-]n2ccccc2c1)C(=O)O,-8.1602,-6.0725117
NC(=O)CC[C@H](NC(=O)[C@H](Cc1c[nH]cn1)NC(=O)C[n+]1[c-]n2ccccc2c1)C(=O)O,-15.6321,-12.730661
NC(=O)CC[C@H](NC(=O)[C@H](Cc1c[nH]cn1)NC(=O)[C@H](CCC(N)=O)[n+]1[c-]n2ccccc2c1)C(=O)O,-12.3849,-9.06212
NC(=O)CC[C@H](NC(=O)[C@H](Cc1c[nH]cn1)NC(=O)[C@H](Cc1c[nH]cn1)[n+]1[c-]n2ccccc2c1)C(=O)O,-14.7272,-7.881628
NC(=O)CC[C@H](NC(=O)[C@H](Cc1c[nH]cn1)[n+]1[c-]n2ccccc2c1)C(=O)N1CCC[C@H]1C(=O)O,-13.2787,-7.397624
NC(=O)CC[C@H](NC(=O)[C@H](Cc1c[nH]cn1)[n+]1[c-]n2ccccc2c1)C(=O)N[C@@H](Cc1c[nH]c2ccccc12)C(=O)O,-6.8052,-9.177982
NC(=O)CC[C@H](NC(=O)[C@H](Cc1c[nH]cn1)[n+]1[c-]n2ccccc2c1)C(=O)O,-13.3678,-8.862004
NC(=O)CC[C@H](NC(=O)[C@H](Cc1ccc(O)cc1)NC(=O)[C@H](CO)[n+]1[c-]n2ccccc2c1)C(=O)O,-13.7979,-10.459292
NC(=O)CC[C@H](NC(=O)[C@H](Cc1ccccc1)NC(=O)[C@H](CC(=O)O)[n+]1[c-]n2ccccc2c1)C(=O)O,-8.0284,-11.570531
NC(=O)CC[C@H](NC(=O)[C@H](Cc1ccccc1)NC(=O)[C@H](CCC(N)=O)[n+]1[c-]n2ccccc2c1)C(=O)O,-2.2977,-9.757233
NC(=O)CC[C@H](NC(=O)[C@H](Cc1ccccc1)NC(=O)[C@H](Cc1c[nH]cn1)[n+]1[c-]n2ccccc2c1)C(=O)O,-9.7937,-7.8328066
NC(=O)CC[C@H](NC(=O)[C@H](Cc1ccccc1)NC(=O)[C@H](Cc1ccccc1)[n+]1[c-]n2ccccc2c1)C(=O)O,-7.9466,-9.3210125
NC(=O)CC[C@H](NC(=O)[C@H](Cc1ccccc1)[n+]1[c-]n2ccccc2c1)C(=O)N[C@@H](CCC(=O)O)C(=O)O,-17.1238,-11.219265
NC(=O)CC[C@H](NC(=O)[C@H](Cc1ccccc1)[n+]1[c-]n2ccccc2c1)C(=O)N[C@@H](Cc1c[nH]cn1)C(=O)O,-23.5964,-13.665464
NC(=O)CC[C@H](NC(=O)[C@H](Cc1ccccc1)[n+]1[c-]n2ccccc2c1)C(=O)N[C@@H](Cc1ccc(O)cc1)C(=O)O,-14.3898,-9.506622
NC(=O)C[C@@H](C(=O)N1CCC[C@H]1C(=O)N[C@@H](Cc1c[nH]c2ccccc12)C(=O)O)[n+]1[c-]n2ccccc2c1,-10.0828,-10.378507
NC(=O)C[C@@H](C(=O)NCC(=O)N1CCC[C@H]1C(=O)O)[n+]1[c-]n2ccccc2c1,-3.8474,-6.922921
NC(=O)C[C@@H](C(=O)NCC(=O)O)[n+]1[c-]n2ccccc2c1,-6.1936,-5.629326
NC(=O)C[C@@H](C(=O)N[C@@H](CC(=O)O)C(=O)N1CCC[C@H]1C(=O)O)[n+]1[c-]n2ccccc2c1,-5.7191,-7.7210426
NC(=O)C[C@@H](C(=O)N[C@@H](CC(=O)O)C(=O)NCC(=O)O)[n+]1[c-]n2ccccc2c1,-4.8771,-5.9577284
NC(=O)C[C@@H](C(=O)N[C@@H](CC(=O)O)C(=O)N[C@@H](CS)C(=O)O)[n+]1[c-]n2ccccc2c1,-11.8484,-7.836891
NC(=O)C[C@@H](C(=O)N[C@@H](CC(=O)O)C(=O)N[C@@H](Cc1c[nH]c2ccccc12)C(=O)O)[n+]1[c-]n2ccccc2c1,-9.1667,-9.763299
NC(=O)C[C@@H](C(=O)N[C@@H](CCC(=O)O)C(=O)N[C@@H](Cc1c[nH]c2ccccc12)C(=O)O)[n+]1[c-]n2ccccc2c1,-21.7099,-12.546649
NC(=O)C[C@@H](C(=O)N[C@@H](CCC(=O)O)C(=O)O)[n+]1[c-]n2ccccc2c1,-7.7566,-5.2219114
NC(=O)C[C@@H](C(=O)N[C@@H](CS)C(=O)N[C@@H](CCC(=O)O)C(=O)O)[n+]1[c-]n2ccccc2c1,-14.6715,-11.178543
NC(=O)C[C@@H](C(=O)N[C@@H](CS)C(=O)N[C@@H](Cc1ccccc1)C(=O)O)[n+]1[c-]n2ccccc2c1,-4.47,-7.504486
NC(=O)C[C@@H](C(=O)N[C@@H](Cc1c[nH]c2ccccc12)C(=O)NCC(=O)O)[n+]1[c-]n2ccccc2c1,-8.019,-7.9735203
NC(=O)C[C@@H](C(=O)N[C@@H](Cc1c[nH]c2ccccc12)C(=O)N[C@@H](CC(=O)O)C(=O)O)[n+]1[c-]n2ccccc2c1,-19.9835,-19.751957
NC(=O)C[C@@H](C(=O)N[C@@H](Cc1c[nH]c2ccccc12)C(=O)N[C@@H](CS)C(=O)O)[n+]1[c-]n2ccccc2c1,-4.0336,-9.656729
NC(=O)C[C@@H](C(=O)N[C@@H](Cc1c[nH]cn1)C(=O)N1CCC[C@H]1C(=O)O)[n+]1[c-]n2ccccc2c1,-7.8371,-9.065839
NC(=O)C[C@@H](C(=O)N[C@@H](Cc1c[nH]cn1)C(=O)N[C@@H](Cc1ccccc1)C(=O)O)[n+]1[c-]n2ccccc2c1,-14.1562,-10.801625
NC(=O)C[C@@H](C(=O)N[C@@H](Cc1ccc(O)cc1)C(=O)N1CCC[C@H]1C(=O)O)[n+]1[c-]n2ccccc2c1,-7.853,-6.0819
NC(=O)C[C@@H](C(=O)N[C@@H](Cc1ccc(O)cc1)C(=O)N[C@@H](CC(=O)O)C(=O)O)[n+]1[c-]n2ccccc2c1,-4.2482,-9.174306
NC(=O)C[C@@H](C(=O)N[C@@H](Cc1ccccc1)C(=O)N[C@@H](CC(=O)O)C(=O)O)[n+]1[c-]n2ccccc2c1,-9.4862,-9.711205
NC(=O)C[C@@H](C(=O)N[C@@H](Cc1ccccc1)C(=O)N[C@@H](CO)C(=O)O)[n+]1[c-]n2ccccc2c1,-9.0798,-10.245989
NC(=O)C[C@@H](C(=O)N[C@@H](Cc1ccccc1)C(=O)N[C@@H](CS)C(=O)O)[n+]1[c-]n2ccccc2c1,-12.4822,-9.008833
NC(=O)C[C@@H](C(=O)O)[n+]1[c-]n2ccccc2c1,-3.6334,-4.8285217
NC(=O)C[C@H](NC(=O)CNC(=O)[C@H](CC(=O)O)[n+]1[c-]n2ccccc2c1)C(=O)O,-11.709,-8.332746
NC(=O)C[C@H](NC(=O)CNC(=O)[C@H](CCC(=O)O)[n+]1[c-]n2ccccc2c1)C(=O)O,-13.1508,-10.850477
NC(=O)C[C@H](NC(=O)C[n+]1[c-]n2ccccc2c1)C(=O)N[C@@H](CO)C(=O)O,-11.7824,-12.167667
NC(=O)C[C@H](NC(=O)C[n+]1[c-]n2ccccc2c1)C(=O)N[C@@H](Cc1c[nH]c2ccccc12)C(=O)O,-12.4534,-13.870745
NC(=O)C[C@H](NC(=O)[C@H](CC(=O)O)NC(=O)[C@H](CO)[n+]1[c-]n2ccccc2c1)C(=O)O,-12.3179,-11.83696
NC(=O)C[C@H](NC(=O)[C@H](CC(=O)O)NC(=O)[C@H](CS)[n+]1[c-]n2ccccc2c1)C(=O)O,-9.8631,-7.2122307
NC(=O)C[C@H](NC(=O)[C@H](CC(=O)O)[n+]1[c-]n2ccccc2c1)C(=O)N[C@@H](Cc1ccccc1)C(=O)O,-6.7034,-5.8075914
NC(=O)C[C@H](NC(=O)[C@H](CC(N)=O)NC(=O)C[n+]1[c-]n2ccccc2c1)C(=O)O,-14.3007,-16.635101
NC(=O)C[C@H](NC(=O)[C@H](CC(N)=O)NC(=O)[C@H](CC(=O)O)[n+]1[c-]n2ccccc2c1)C(=O)O,-17.4959,-17.07213
NC(=O)C[C@H](NC(=O)[C@H](CC(N)=O)NC(=O)[C@H](Cc1ccccc1)[n+]1[c-]n2ccccc2c1)C(=O)O,-15.5246,-10.438119
NC(=O)C[C@H](NC(=O)[C@H](CCC(=O)O)NC(=O)[C@H](Cc1c[nH]cn1)[n+]1[c-]n2ccccc2c1)C(=O)O,-4.8498,-9.374331
NC(=O)C[C@H](NC(=O)[C@H](CO)NC(=O)[C@H](CC(N)=O)[n+]1[c-]n2ccccc2c1)C(=O)O,-16.9065,-10.527953
NC(=O)C[C@H](NC(=O)[C@H](CO)NC(=O)[C@H](CCC(=O)O)[n+]1[c-]n2ccccc2c1)C(=O)O,-11.6754,-6.5241537
NC(=O)C[C@H](NC(=O)[C@H](CO)NC(=O)[C@H](Cc1ccc(O)cc1)[n+]1[c-]n2ccccc2c1)C(=O)O,-12.153,-11.05331
NC(=O)C[C@H](NC(=O)[C@H](CO)NC(=O)[C@H](Cc1ccccc1)[n+]1[c-]n2ccccc2c1)C(=O)O,-15.285,-10.111004
NC(=O)C[C@H](NC(=O)[C@H](CO)[n+]1[c-]n2ccccc2c1)C(=O)N[C@@H](CC(=O)O)C(=O)O,-13.7316,-8.864801
NC(=O)C[C@H](NC(=O)[C@H](CO)[n+]1[c-]n2ccccc2c1)C(=O)N[C@@H](CO)C(=O)O,-9.7804,-9.34833
NC(=O)C[C@H](NC(=O)[C@H](CO)[n+]1[c-]n2ccccc2c1)C(=O)N[C@@H](Cc1c[nH]cn1)C(=O)O,-8.2743,-11.068556
NC(=O)C[C@H](NC(=O)[C@H](CS)[n+]1[c-]n2ccccc2c1)C(=O)N[C@@H](CCC(=O)O)C(=O)O,-11.7729,-17.221142
NC(=O)C[C@H](NC(=O)[C@H](CS)[n+]1[c-]n2ccccc2c1)C(=O)N[C@@H](Cc1ccccc1)C(=O)O,-9.6428,-9.404401
NC(=O)C[C@H](NC(=O)[C@H](CS)[n+]1[c-]n2ccccc2c1)C(=O)O,-7.4972,-7.9518204
NC(=O)C[C@H](NC(=O)[C@H](Cc1c[nH]c2ccccc12)NC(=O)[C@H](Cc1ccc(O)cc1)[n+]1[c-]n2ccccc2c1)C(=O)O,-14.4409,-11.237752
NC(=O)C[C@H](NC(=O)[C@H](Cc1c[nH]c2ccccc12)[n+]1[c-]n2ccccc2c1)C(=O)N[C@@H](Cc1c[nH]cn1)C(=O)O,-12.5441,-13.772667
NC(=O)C[C@H](NC(=O)[C@H](Cc1c[nH]c2ccccc12)[n+]1[c-]n2ccccc2c1)C(=O)O,-10.0096,-6.9941845
NC(=O)C[C@H](NC(=O)[C@H](Cc1c[nH]cn1)NC(=O)[C@H](CC(=O)O)[n+]1[c-]n2ccccc2c1)C(=O)O,-6.7858,-12.759408
NC(=O)C[C@H](NC(=O)[C@H](Cc1c[nH]cn1)NC(=O)[C@H](CS)[n+]1[c-]n2ccccc2c1)C(=O)O,-10.7924,-7.780648
NC(=O)C[C@H](NC(=O)[C@H](Cc1ccc(O)cc1)NC(=O)[C@H](CC(=O)O)[n+]1[c-]n2ccccc2c1)C(=O)O,-13.314,-9.220991
NC(=O)C[C@H](NC(=O)[C@H](Cc1ccc(O)cc1)NC(=O)[C@H](Cc1c[nH]cn1)[n+]1[c-]n2ccccc2c1)C(=O)O,-12.4731,-11.632903
NC(=O)C[C@H](NC(=O)[C@H](Cc1ccc(O)cc1)[n+]1[c-]n2ccccc2c1)C(=O)N[C@@H](CCC(=O)O)C(=O)O,-9.8557,-8.965868
NC(=O)C[C@H](NC(=O)[C@H](Cc1ccc(O)cc1)[n+]1[c-]n2ccccc2c1)C(=O)N[C@@H](CS)C(=O)O,-10.6338,-8.720764
NC(=O)C[C@H](NC(=O)[C@H](Cc1ccccc1)NC(=O)C[n+]1[c-]n2ccccc2c1)C(=O)O,-19.7289,-14.318134
NC(=O)C[C@H](NC(=O)[C@H](Cc1ccccc1)NC(=O)[C@H](CC(=O)O)[n+]1[c-]n2ccccc2c1)C(=O)O,-13.098,-12.541937
NC(=O)C[C@H](NC(=O)[C@H](Cc1ccccc1)NC(=O)[C@H](CCC(=O)O)[n+]1[c-]n2ccccc2c1)C(=O)O,-10.37,-11.786988
NC(=O)C[C@H](NC(=O)[C@H](Cc1ccccc1)NC(=O)[C@H](Cc1ccccc1)[n+]1[c-]n2ccccc2c1)C(=O)O,-15.5935,-12.220523
NC(=O)C[C@H](NC(=O)[C@H](Cc1ccccc1)[n+]1[c-]n2ccccc2c1)C(=O)N[C@@H](CCC(=O)O)C(=O)O,-14.1841,-10.852221
NC(=O)C[C@H](NC(=O)[C@H](Cc1ccccc1)[n+]1[c-]n2ccccc2c1)C(=O)N[C@@H](Cc1ccc(O)cc1)C(=O)O,-8.7654,-9.824652
NC(=O)C[C@H](NC(=O)[C@H](Cc1ccccc1)[n+]1[c-]n2ccccc2c1)C(=O)O,-11.1493,-7.762334
O=C(CNC(=O)[C@H](CO)[n+]1[c-]n2ccccc2c1)N[C@@H](Cc1ccc(O)cc1)C(=O)O,-10.2617,-10.190178
O=C(CNC(=O)[C@H](CS)[n+]1[c-]n2ccccc2c1)N[C@@H](CO)C(=O)O,-8.921,-7.3452797
O=C(CNC(=O)[C@H](CS)[n+]1[c-]n2ccccc2c1)N[C@@H](CS)C(=O)O,-9.0991,-8.384546
O=C(CNC(=O)[C@H](CS)[n+]1[c-]n2ccccc2c1)N[C@@H](Cc1c[nH]c2ccccc12)C(=O)O,-12.7514,-9.8993435
O=C(CNC(=O)[C@H](Cc1c[nH]c2ccccc12)[n+]1[c-]n2ccccc2c1)N[C@@H](CO)C(=O)O,-5.9056,-7.565386
O=C(CNC(=O)[C@H](Cc1c[nH]c2ccccc12)[n+]1[c-]n2ccccc2c1)N[C@@H](Cc1ccccc1)C(=O)O,-5.8503,-6.0323358
O=C(CNC(=O)[C@H](Cc1c[nH]cn1)[n+]1[c-]n2ccccc2c1)N[C@@H](Cc1c[nH]cn1)C(=O)O,-7.1207,-9.66708
O=C(CNC(=O)[C@H](Cc1c[nH]cn1)[n+]1[c-]n2ccccc2c1)N[C@@H](Cc1ccc(O)cc1)C(=O)O,-12.1127,-7.6130896
O=C(CNC(=O)[C@H](Cc1ccc(O)cc1)[n+]1[c-]n2ccccc2c1)N[C@@H](Cc1ccc(O)cc1)C(=O)O,-18.4207,-11.8690815
O=C(CNC(=O)[C@H](Cc1ccc(O)cc1)[n+]1[c-]n2ccccc2c1)N[C@@H](Cc1ccccc1)C(=O)O,-14.5868,-11.049376
O=C(CNC(=O)[C@H](Cc1ccccc1)[n+]1[c-]n2ccccc2c1)N[C@@H](CS)C(=O)O,-11.8034,-10.476557
O=C(C[n+]1[c-]n2ccccc2c1)NCC(=O)N1CCC[C@H]1C(=O)O,-10.7374,-10.695241
O=C(C[n+]1[c-]n2ccccc2c1)NCC(=O)N[C@@H](Cc1ccc(O)cc1)C(=O)O,-16.4483,-13.923836
O=C(C[n+]1[c-]n2ccccc2c1)NCC(=O)N[C@@H](Cc1ccccc1)C(=O)O,-8.1729,-9.636065
O=C(C[n+]1[c-]n2ccccc2c1)N[C@@H](CS)C(=O)N[C@@H](Cc1ccc(O)cc1)C(=O)O,-10.4601,-12.281791
O=C(C[n+]1[c-]n2ccccc2c1)N[C@@H](CS)C(=O)O,-8.6294,-9.158659
O=C(C[n+]1[c-]n2ccccc2c1)N[C@@H](Cc1c[nH]cn1)C(=O)N[C@@H](Cc1c[nH]c2ccccc12)C(=O)O,-15.1078,-13.358548
O=C(C[n+]1[c-]n2ccccc2c1)N[C@@H](Cc1c[nH]cn1)C(=O)O,-7.4605,-8.384184
O=C(C[n+]1[c-]n2ccccc2c1)N[C@@H](Cc1ccccc1)C(=O)N[C@@H](Cc1c[nH]c2ccccc12)C(=O)O,-14.177,-13.984843
O=C(O)CC[C@@H](C(=O)N1CCC[C@H]1C(=O)NCC(=O)O)[n+]1[c-]n2ccccc2c1,-4.0654,-6.0574007
O=C(O)CC[C@@H](C(=O)N1CCC[C@H]1C(=O)N[C@@H](CO)C(=O)O)[n+]1[c-]n2ccccc2c1,-8.4298,-7.1142864
O=C(O)CC[C@@H](C(=O)N1CCC[C@H]1C(=O)N[C@@H](Cc1c[nH]cn1)C(=O)O)[n+]1[c-]n2ccccc2c1,-1.5841,-7.396889
O=C(O)CC[C@@H](C(=O)N1CCC[C@H]1C(=O)N[C@@H](Cc1ccc(O)cc1)C(=O)O)[n+]1[c-]n2ccccc2c1,-4.1045,-7.7083564
O=C(O)CC[C@@H](C(=O)NCC(=O)NCC(=O)O)[n+]1[c-]n2ccccc2c1,-11.0693,-7.632086
O=C(O)CC[C@@H](C(=O)NCC(=O)N[C@@H](Cc1c[nH]cn1)C(=O)O)[n+]1[c-]n2ccccc2c1,-12.9811,-10.803848
O=C(O)CC[C@@H](C(=O)NCC(=O)N[C@@H](Cc1ccccc1)C(=O)O)[n+]1[c-]n2ccccc2c1,-2.6391,-4.0812197
O=C(O)CC[C@@H](C(=O)NCC(=O)O)[n+]1[c-]n2ccccc2c1,-3.5348,-4.389115
O=C(O)CC[C@@H](C(=O)N[C@@H](CC(=O)O)C(=O)N1CCC[C@H]1C(=O)O)[n+]1[c-]n2ccccc2c1,-14.6362,-9.588681
O=C(O)CC[C@@H](C(=O)N[C@@H](CC(=O)O)C(=O)N[C@@H](CO)C(=O)O)[n+]1[c-]n2ccccc2c1,-4.7678,-6.2333093
O=C(O)CC[C@@H](C(=O)N[C@@H](CO)C(=O)N[C@@H](Cc1ccccc1)C(=O)O)[n+]1[c-]n2ccccc2c1,-7.6338,-10.88727
O=C(O)CC[C@@H](C(=O)N[C@@H](CS)C(=O)N[C@@H](CC(=O)O)C(=O)O)[n+]1[c-]n2ccccc2c1,-7.5514,-10.718026
O=C(O)CC[C@@H](C(=O)N[C@@H](CS)C(=O)N[C@@H](Cc1c[nH]cn1)C(=O)O)[n+]1[c-]n2ccccc2c1,-5.188,-11.212231
O=C(O)CC[C@@H](C(=O)N[C@@H](CS)C(=O)N[C@@H](Cc1ccccc1)C(=O)O)[n+]1[c-]n2ccccc2c1,-4.8943,-7.044835
O=C(O)CC[C@@H](C(=O)N[C@@H](CS)C(=O)O)[n+]1[c-]n2ccccc2c1,-5.0663,-5.147989
O=C(O)CC[C@@H](C(=O)N[C@@H](Cc1c[nH]c2ccccc12)C(=O)N1CCC[C@H]1C(=O)O)[n+]1[c-]n2ccccc2c1,-14.048,-13.527816
O=C(O)CC[C@@H](C(=O)N[C@@H](Cc1c[nH]c2ccccc12)C(=O)N[C@@H](CC(=O)O)C(=O)O)[n+]1[c-]n2ccccc2c1,-2.6588,-11.296611
O=C(O)CC[C@@H](C(=O)N[C@@H](Cc1c[nH]cn1)C(=O)N1CCC[C@H]1C(=O)O)[n+]1[c-]n2ccccc2c1,-7.5228,-9.453783
O=C(O)CC[C@@H](C(=O)N[C@@H](Cc1c[nH]cn1)C(=O)NCC(=O)O)[n+]1[c-]n2ccccc2c1,-6.992,-11.168214
O=C(O)CC[C@@H](C(=O)N[C@@H](Cc1c[nH]cn1)C(=O)N[C@@H](Cc1ccccc1)C(=O)O)[n+]1[c-]n2ccccc2c1,-0.5393,-7.1741343
O=C(O)CC[C@@H](C(=O)N[C@@H](Cc1ccc(O)cc1)C(=O)N[C@@H](Cc1c[nH]c2ccccc12)C(=O)O)[n+]1[c-]n2ccccc2c1,-13.5738,-12.496772
O=C(O)CC[C@@H](C(=O)N[C@@H](Cc1ccc(O)cc1)C(=O)N[C@@H](Cc1c[nH]cn1)C(=O)O)[n+]1[c-]n2ccccc2c1,-7.7276,-8.6795635
O=C(O)CC[C@@H](C(=O)N[C@@H](Cc1ccccc1)C(=O)N[C@@H](Cc1ccccc1)C(=O)O)[n+]1[c-]n2ccccc2c1,-1.2092,-7.219512
O=C(O)CC[C@H](NC(=O)CNC(=O)[C@H](Cc1ccc(O)cc1)[n+]1[c-]n2ccccc2c1)C(=O)O,-15.0866,-7.011798
O=C(O)CC[C@H](NC(=O)CNC(=O)[C@H](Cc1ccccc1)[n+]1[c-]n2ccccc2c1)C(=O)O,-12.8801,-10.962843
O=C(O)CC[C@H](NC(=O)[C@@H]1CCCN1C(=O)[C@H](Cc1c[nH]cn1)[n+]1[c-]n2ccccc2c1)C(=O)O,-7.201,-7.004155
O=C(O)CC[C@H](NC(=O)[C@H](CC(=O)O)[n+]1[c-]n2ccccc2c1)C(=O)N[C@@H](Cc1c[nH]cn1)C(=O)O,-21.7487,-12.232037
O=C(O)CC[C@H](NC(=O)[C@H](CCC(=O)O)NC(=O)[C@H](CO)[n+]1[c-]n2ccccc2c1)C(=O)O,-10.2017,-7.127096
O=C(O)CC[C@H](NC(=O)[C@H](CCC(=O)O)NC(=O)[C@H](Cc1c[nH]c2ccccc12)[n+]1[c-]n2ccccc2c1)C(=O)O,-9.6412,-8.970158
O=C(O)CC[C@H](NC(=O)[C@H](CCC(=O)O)NC(=O)[C@H](Cc1ccccc1)[n+]1[c-]n2ccccc2c1)C(=O)O,-12.8056,-7.1277018
O=C(O)CC[C@H](NC(=O)[C@H](CCC(=O)O)[n+]1[c-]n2ccccc2c1)C(=O)N[C@@H](CC(=O)O)C(=O)O,-14.894,-11.519215
O=C(O)CC[C@H](NC(=O)[C@H](CCC(=O)O)[n+]1[c-]n2ccccc2c1)C(=O)N[C@@H](CO)C(=O)O,-11.4309,-10.477743
O=C(O)CC[C@H](NC(=O)[C@H](CCC(=O)O)[n+]1[c-]n2ccccc2c1)C(=O)N[C@@H](Cc1c[nH]cn1)C(=O)O,-15.1963,-10.03014
O=C(O)CC[C@H](NC(=O)[C@H](CO)NC(=O)C[n+]1[c-]n2ccccc2c1)C(=O)O,-12.6336,-13.248085
O=C(O)CC[C@H](NC(=O)[C@H](CO)NC(=O)[C@H](CCC(=O)O)[n+]1[c-]n2ccccc2c1)C(=O)O,-10.7271,-12.95951
O=C(O)CC[C@H](NC(=O)[C@H](CO)NC(=O)[C@H](CS)[n+]1[c-]n2ccccc2c1)C(=O)O,-10.906,-8.817278
O=C(O)CC[C@H](NC(=O)[C@H](CS)NC(=O)[C@H](CO)[n+]1[c-]n2ccccc2c1)C(=O)O,-20.3095,-13.780235
O=C(O)CC[C@H](NC(=O)[C@H](CS)NC(=O)[C@H](Cc1c[nH]cn1)[n+]1[c-]n2ccccc2c1)C(=O)O,-14.1453,-9.189705
O=C(O)CC[C@H](NC(=O)[C@H](CS)[n+]1[c-]n2ccccc2c1)C(=O)O,-9.9725,-4.9686956
O=C(O)CC[C@H](NC(=O)[C@H](Cc1c[nH]c2ccccc12)NC(=O)C[n+]1[c-]n2ccccc2c1)C(=O)O,-13.0554,-14.654142
O=C(O)CC[C@H](NC(=O)[C@H](Cc1c[nH]c2ccccc12)NC(=O)[C@H](CO)[n+]1[c-]n2ccccc2c1)C(=O)O,-12.7252,-10.282309
O=C(O)CC[C@H](NC(=O)[C@H](Cc1c[nH]c2ccccc12)[n+]1[c-]n2ccccc2c1)C(=O)N[C@@H](Cc1c[nH]c2ccccc12)C(=O)O,9.0567,-13.369725
O=C(O)CC[C@H](NC(=O)[C@H](Cc1c[nH]cn1)NC(=O)[C@H](CC(=O)O)[n+]1[c-]n2ccccc2c1)C(=O)O,-14.4793,-8.791515
O=C(O)CC[C@H](NC(=O)[C@H](Cc1c[nH]cn1)NC(=O)[C@H](CO)[n+]1[c-]n2ccccc2c1)C(=O)O,-9.5693,-8.295861
O=C(O)CC[C@H](NC(=O)[C@H](Cc1c[nH]cn1)NC(=O)[C@H](CS)[n+]1[c-]n2ccccc2c1)C(=O)O,-15.2719,-8.033626
O=C(O)CC[C@H](NC(=O)[C@H](Cc1c[nH]cn1)[n+]1[c-]n2ccccc2c1)C(=O)N[C@@H](CO)C(=O)O,-10.4938,-9.589983
O=C(O)CC[C@H](NC(=O)[C@H](Cc1c[nH]cn1)[n+]1[c-]n2ccccc2c1)C(=O)N[C@@H](CS)C(=O)O,-5.0722,-8.842772
O=C(O)CC[C@H](NC(=O)[C@H](Cc1c[nH]cn1)[n+]1[c-]n2ccccc2c1)C(=O)N[C@@H](Cc1c[nH]c2ccccc12)C(=O)O,-15.3569,-12.647537
O=C(O)CC[C@H](NC(=O)[C@H](Cc1c[nH]cn1)[n+]1[c-]n2ccccc2c1)C(=O)N[C@@H](Cc1c[nH]cn1)C(=O)O,-11.5649,-8.333345
O=C(O)CC[C@H](NC(=O)[C@H](Cc1ccc(O)cc1)NC(=O)[C@H](CO)[n+]1[c-]n2ccccc2c1)C(=O)O,-7.6468,-9.903652
O=C(O)CC[C@H](NC(=O)[C@H](Cc1ccc(O)cc1)NC(=O)[C@H](Cc1ccc(O)cc1)[n+]1[c-]n2ccccc2c1)C(=O)O,-20.2106,-9.376728
O=C(O)CC[C@H](NC(=O)[C@H](Cc1ccc(O)cc1)[n+]1[c-]n2ccccc2c1)C(=O)N1CCC[C@H]1C(=O)O,-6.713,-6.056724
O=C(O)CC[C@H](NC(=O)[C@H](Cc1ccccc1)NC(=O)[C@H](CCC(=O)O)[n+]1[c-]n2ccccc2c1)C(=O)O,-11.5215,-5.8712034
O=C(O)CC[C@H](NC(=O)[C@H](Cc1ccccc1)NC(=O)[C@H](Cc1c[nH]c2ccccc12)[n+]1[c-]n2ccccc2c1)C(=O)O,-10.1798,-13.192635
O=C(O)CC[C@H](NC(=O)[C@H](Cc1ccccc1)NC(=O)[C@H](Cc1c[nH]cn1)[n+]1[c-]n2ccccc2c1)C(=O)O,-5.6637,-11.170797
O=C(O)CC[C@H](NC(=O)[C@H](Cc1ccccc1)NC(=O)[C@H](Cc1ccccc1)[n+]1[c-]n2ccccc2c1)C(=O)O,-6.159,-10.176052
O=C(O)CC[C@H](NC(=O)[C@H](Cc1ccccc1)[n+]1[c-]n2ccccc2c1)C(=O)N1CCC[C@H]1C(=O)O,-7.6439,-9.03017
O=C(O)CC[C@H](NC(=O)[C@H](Cc1ccccc1)[n+]1[c-]n2ccccc2c1)C(=O)N[C@@H](Cc1ccccc1)C(=O)O,-15.9613,-9.614036
O=C(O)CC[C@H](NC(=O)[C@H](Cc1ccccc1)[n+]1[c-]n2ccccc2c1)C(=O)O,-12.3579,-9.907676
O=C(O)CNC(=O)CNC(=O)[C@H](Cc1c[nH]cn1)[n+]1[c-]n2ccccc2c1,-9.3407,-7.0225883
O=C(O)CNC(=O)[C@@H]1CCCN1C(=O)[C@H](Cc1ccccc1)[n+]1[c-]n2ccccc2c1,-4.6905,-9.8605175
O=C(O)CNC(=O)[C@H](CC(=O)O)NC(=O)[C@H](CS)[n+]1[c-]n2ccccc2c1,-0.653,-3.316949
O=C(O)CNC(=O)[C@H](CS)NC(=O)C[n+]1[c-]n2ccccc2c1,-12.3255,-9.769295
O=C(O)CNC(=O)[C@H](CS)NC(=O)[C@H](CS)[n+]1[c-]n2ccccc2c1,-4.2726,-4.180231
O=C(O)CNC(=O)[C@H](CS)NC(=O)[C@H](Cc1c[nH]c2ccccc12)[n+]1[c-]n2ccccc2c1,-4.5347,-10.760885
O=C(O)CNC(=O)[C@H](CS)NC(=O)[C@H](Cc1c[nH]cn1)[n+]1[c-]n2ccccc2c1,-5.3457,-7.79672
O=C(O)CNC(=O)[C@H](Cc1c[nH]c2ccccc12)NC(=O)[C@H](CO)[n+]1[c-]n2ccccc2c1,-3.46,-6.556068
O=C(O)CNC(=O)[C@H](Cc1c[nH]c2ccccc12)NC(=O)[C@H](Cc1c[nH]c2ccccc12)[n+]1[c-]n2ccccc2c1,-7.0396,-7.75993
O=C(O)CNC(=O)[C@H](Cc1c[nH]cn1)NC(=O)[C@H](Cc1c[nH]cn1)[n+]1[c-]n2ccccc2c1,-5.9256,-7.196774
O=C(O)CNC(=O)[C@H](Cc1ccc(O)cc1)NC(=O)[C@H](Cc1c[nH]c2ccccc12)[n+]1[c-]n2ccccc2c1,-9.7876,-6.371295
O=C(O)CNC(=O)[C@H](Cc1ccccc1)NC(=O)C[n+]1[c-]n2ccccc2c1,-5.2049,-9.205291
O=C(O)CNC(=O)[C@H](Cc1ccccc1)NC(=O)[C@H](CO)[n+]1[c-]n2ccccc2c1,-3.007,-5.6707144
O=C(O)C[C@@H](C(=O)N1CCC[C@H]1C(=O)N1CCC[C@H]1C(=O)O)[n+]1[c-]n2ccccc2c1,-8.7115,-7.991398
O=C(O)C[C@@H](C(=O)N1CCC[C@H]1C(=O)N[C@@H](Cc1ccccc1)C(=O)O)[n+]1[c-]n2ccccc2c1,-0.5437,-4.9547873
O=C(O)C[C@@H](C(=O)N1CCC[C@H]1C(=O)O)[n+]1[c-]n2ccccc2c1,-8.93,-4.7820587
O=C(O)C[C@@H](C(=O)NCC(=O)N[C@@H](Cc1c[nH]cn1)C(=O)O)[n+]1[c-]n2ccccc2c1,-8.6012,-8.184059
O=C(O)C[C@@H](C(=O)N[C@@H](CO)C(=O)N[C@@H](Cc1c[nH]cn1)C(=O)O)[n+]1[c-]n2ccccc2c1,-3.8321,-7.7130604
O=C(O)C[C@@H](C(=O)N[C@@H](CS)C(=O)N1CCC[C@H]1C(=O)O)[n+]1[c-]n2ccccc2c1,-2.992,-5.7940536
O=C(O)C[C@@H](C(=O)N[C@@H](Cc1c[nH]c2ccccc12)C(=O)N[C@@H](CS)C(=O)O)[n+]1[c-]n2ccccc2c1,-7.5842,-4.1441927
O=C(O)C[C@@H](C(=O)N[C@@H](Cc1c[nH]c2ccccc12)C(=O)N[C@@H](Cc1c[nH]cn1)C(=O)O)[n+]1[c-]n2ccccc2c1,-12.511,-12.256395
O=C(O)C[C@@H](C(=O)N[C@@H](Cc1c[nH]cn1)C(=O)N[C@@H](Cc1c[nH]c2ccccc12)C(=O)O)[n+]1[c-]n2ccccc2c1,-6.0219,-8.686854
O=C(O)C[C@@H](C(=O)N[C@@H](Cc1c[nH]cn1)C(=O)N[C@@H](Cc1c[nH]cn1)C(=O)O)[n+]1[c-]n2ccccc2c1,-14.0476,-13.485704
O=C(O)C[C@@H](C(=O)N[C@@H](Cc1c[nH]cn1)C(=O)O)[n+]1[c-]n2ccccc2c1,-8.1347,-8.86691
O=C(O)C[C@@H](C(=O)N[C@@H](Cc1ccccc1)C(=O)N1CCC[C@H]1C(=O)O)[n+]1[c-]n2ccccc2c1,-11.0748,-9.463526
O=C(O)C[C@@H](C(=O)N[C@@H](Cc1ccccc1)C(=O)N[C@@H](CS)C(=O)O)[n+]1[c-]n2ccccc2c1,-5.1967,-9.078144
O=C(O)C[C@@H](C(=O)N[C@@H](Cc1ccccc1)C(=O)N[C@@H](Cc1ccccc1)C(=O)O)[n+]1[c-]n2ccccc2c1,0.1581,-5.98643
O=C(O)C[C@H](NC(=O)CNC(=O)[C@H](Cc1ccc(O)cc1)[n+]1[c-]n2ccccc2c1)C(=O)O,-8.8382,-10.51183
O=C(O)C[C@H](NC(=O)[C@@H]1CCCN1C(=O)[C@H](CO)[n+]1[c-]n2ccccc2c1)C(=O)O,-6.2034,-9.600632
O=C(O)C[C@H](NC(=O)[C@H](CC(=O)O)NC(=O)C[n+]1[c-]n2ccccc2c1)C(=O)O,-14.3427,-13.098118
O=C(O)C[C@H](NC(=O)[C@H](CC(=O)O)NC(=O)[C@H](CC(=O)O)[n+]1[c-]n2ccccc2c1)C(=O)O,-7.5583,-10.48679
O=C(O)C[C@H](NC(=O)[C@H](CC(=O)O)NC(=O)[C@H](CO)[n+]1[c-]n2ccccc2c1)C(=O)O,-10.7783,-6.946667
O=C(O)C[C@H](NC(=O)[C@H](CC(=O)O)NC(=O)[C@H](Cc1ccc(O)cc1)[n+]1[c-]n2ccccc2c1)C(=O)O,-8.0023,-9.3981495
O=C(O)C[C@H](NC(=O)[C@H](CC(=O)O)[n+]1[c-]n2ccccc2c1)C(=O)N[C@@H](CO)C(=O)O,-5.1948,-9.377895
O=C(O)C[C@H](NC(=O)[C@H](CC(=O)O)[n+]1[c-]n2ccccc2c1)C(=O)N[C@@H](CS)C(=O)O,-5.4532,-6.0337353
O=C(O)C[C@H](NC(=O)[C@H](CC(=O)O)[n+]1[c-]n2ccccc2c1)C(=O)N[C@@H](Cc1ccccc1)C(=O)O,-8.2573,-10.163289
O=C(O)C[C@H](NC(=O)[C@H](CO)NC(=O)[C@H](CS)[n+]1[c-]n2ccccc2c1)C(=O)O,-7.7551,-7.555333
O=C(O)C[C@H](NC(=O)[C@H](CO)NC(=O)[C@H](Cc1ccc(O)cc1)[n+]1[c-]n2ccccc2c1)C(=O)O,-9.6003,-10.729698
O=C(O)C[C@H](NC(=O)[C@H](CO)[n+]1[c-]n2ccccc2c1)C(=O)N[C@@H](CS)C(=O)O,-9.3934,-7.69277
O=C(O)C[C@H](NC(=O)[C@H](CO)[n+]1[c-]n2ccccc2c1)C(=O)N[C@@H](Cc1c[nH]cn1)C(=O)O,-9.4922,-7.8827834
O=C(O)C[C@H](NC(=O)[C@H](CO)[n+]1[c-]n2ccccc2c1)C(=O)N[C@@H](Cc1ccccc1)C(=O)O,-7.5418,-6.656603
O=C(O)C[C@H](NC(=O)[C@H](CS)NC(=O)[C@H](CS)[n+]1[c-]n2ccccc2c1)C(=O)O,-8.8774,-9.955833
O=C(O)C[C@H](NC(=O)[C@H](CS)[n+]1[c-]n2ccccc2c1)C(=O)O,-7.9536,-6.5707717
O=C(O)C[C@H](NC(=O)[C@H](Cc1c[nH]c2ccccc12)NC(=O)C[n+]1[c-]n2ccccc2c1)C(=O)O,-11.7598,-12.614681
O=C(O)C[C@H](NC(=O)[C@H](Cc1c[nH]c2ccccc12)NC(=O)[C@H](Cc1c[nH]c2ccccc12)[n+]1[c-]n2ccccc2c1)C(=O)O,-13.2655,-6.146552
O=C(O)C[C@H](NC(=O)[C@H](Cc1c[nH]c2ccccc12)[n+]1[c-]n2ccccc2c1)C(=O)N1CCC[C@H]1C(=O)O,-8.2709,-5.61697
O=C(O)C[C@H](NC(=O)[C@H](Cc1c[nH]c2ccccc12)[n+]1[c-]n2ccccc2c1)C(=O)N[C@@H](CS)C(=O)O,-12.3683,-9.709464
O=C(O)C[C@H](NC(=O)[C@H](Cc1c[nH]c2ccccc12)[n+]1[c-]n2ccccc2c1)C(=O)N[C@@H](Cc1c[nH]c2ccccc12)C(=O)O,-6.0341,-11.069645
O=C(O)C[C@H](NC(=O)[C@H](Cc1c[nH]cn1)NC(=O)[C@H](CC(=O)O)[n+]1[c-]n2ccccc2c1)C(=O)O,-6.3488,-10.948767
O=C(O)C[C@H](NC(=O)[C@H](Cc1c[nH]cn1)[n+]1[c-]n2ccccc2c1)C(=O)N[C@@H](CO)C(=O)O,-7.0487,-10.437438
O=C(O)C[C@H](NC(=O)[C@H](Cc1c[nH]cn1)[n+]1[c-]n2ccccc2c1)C(=O)N[C@@H](Cc1ccccc1)C(=O)O,-2.0467,-12.322708
O=C(O)C[C@H](NC(=O)[C@H](Cc1c[nH]cn1)[n+]1[c-]n2ccccc2c1)C(=O)O,-7.6235,-9.1691
O=C(O)C[C@H](NC(=O)[C@H](Cc1ccc(O)cc1)NC(=O)[C@H](Cc1c[nH]cn1)[n+]1[c-]n2ccccc2c1)C(=O)O,-4.9428,-10.113358
O=C(O)C[C@H](NC(=O)[C@H](Cc1ccc(O)cc1)[n+]1[c-]n2ccccc2c1)C(=O)N1CCC[C@H]1C(=O)O,-4.998,-6.5746813
O=C(O)C[C@H](NC(=O)[C@H](Cc1ccccc1)NC(=O)C[n+]1[c-]n2ccccc2c1)C(=O)O,-11.6159,-11.513583
O=C(O)C[C@H](NC(=O)[C@H](Cc1ccccc1)NC(=O)[C@H](Cc1ccc(O)cc1)[n+]1[c-]n2ccccc2c1)C(=O)O,-7.6984,-11.206131
O=C(O)C[C@H](NC(=O)[C@H](Cc1ccccc1)[n+]1[c-]n2ccccc2c1)C(=O)N[C@@H](CS)C(=O)O,-11.5708,-9.339207
O=C(O)C[C@H](NC(=O)[C@H](Cc1ccccc1)[n+]1[c-]n2ccccc2c1)C(=O)N[C@@H](Cc1ccc(O)cc1)C(=O)O,-13.3335,-12.110185
O=C(O)[C@@H]1CCCN1C(=O)[C@@H]1CCCN1C(=O)C[n+]1[c-]n2ccccc2c1,-15.091,-11.948826
O=C(O)[C@@H]1CCCN1C(=O)[C@@H]1CCCN1C(=O)[C@H](Cc1c[nH]c2ccccc12)[n+]1[c-]n2ccccc2c1,-7.0088,-7.746922
O=C(O)[C@@H]1CCCN1C(=O)[C@H](CO)NC(=O)[C@H](CO)[n+]1[c-]n2ccccc2c1,-8.8221,-8.1305685
O=C(O)[C@@H]1CCCN1C(=O)[C@H](CO)NC(=O)[C@H](Cc1c[nH]c2ccccc12)[n+]1[c-]n2ccccc2c1,-8.628,-9.112053
O=C(O)[C@@H]1CCCN1C(=O)[C@H](CO)NC(=O)[C@H](Cc1ccccc1)[n+]1[c-]n2ccccc2c1,-12.1818,-7.320787
O=C(O)[C@@H]1CCCN1C(=O)[C@H](Cc1c[nH]c2ccccc12)NC(=O)[C@H](Cc1ccccc1)[n+]1[c-]n2ccccc2c1,-13.546,-8.989992
O=C(O)[C@@H]1CCCN1C(=O)[C@H](Cc1c[nH]c2ccccc12)[n+]1[c-]n2ccccc2c1,-8.1997,-7.451119
O=C(O)[C@@H]1CCCN1C(=O)[C@H](Cc1c[nH]cn1)NC(=O)[C@H](CO)[n+]1[c-]n2ccccc2c1,-8.2824,-7.3856235
O=C(O)[C@@H]1CCCN1C(=O)[C@H](Cc1c[nH]cn1)NC(=O)[C@H](Cc1c[nH]c2ccccc12)[n+]1[c-]n2ccccc2c1,-10.6717,-14.066595
O=C(O)[C@@H]1CCCN1C(=O)[C@H](Cc1c[nH]cn1)[n+]1[c-]n2ccccc2c1,-5.5577,-8.431039
O=C(O)[C@@H]1CCCN1C(=O)[C@H](Cc1ccc(O)cc1)NC(=O)[C@H](CS)[n+]1[c-]n2ccccc2c1,-12.3202,-7.564913
O=C(O)[C@@H]1CCCN1C(=O)[C@H](Cc1ccc(O)cc1)NC(=O)[C@H](Cc1c[nH]cn1)[n+]1[c-]n2ccccc2c1,-12.3016,-9.7277565
O=C(O)[C@@H]1CCCN1C(=O)[C@H](Cc1ccccc1)NC(=O)[C@H](Cc1c[nH]cn1)[n+]1[c-]n2ccccc2c1,-10.2317,-9.910519
O=C(O)[C@H](CO)NC(=O)[C@H](CO)NC(=O)[C@H](CS)[n+]1[c-]n2ccccc2c1,-4.7723,-5.6600704
O=C(O)[C@H](CO)NC(=O)[C@H](CO)NC(=O)[C@H](Cc1c[nH]cn1)[n+]1[c-]n2ccccc2c1,-7.2908,-11.175137
O=C(O)[C@H](CO)NC(=O)[C@H](CS)NC(=O)[C@H](Cc1c[nH]c2ccccc12)[n+]1[c-]n2ccccc2c1,-8.1472,-9.270534
O=C(O)[C@H](CO)NC(=O)[C@H](Cc1c[nH]c2ccccc12)NC(=O)[C@H](Cc1ccccc1)[n+]1[c-]n2ccccc2c1,-7.7631,-9.231727
O=C(O)[C@H](CO)NC(=O)[C@H](Cc1c[nH]cn1)NC(=O)[C@H](CO)[n+]1[c-]n2ccccc2c1,-9.7911,-9.079359
O=C(O)[C@H](CO)NC(=O)[C@H](Cc1c[nH]cn1)NC(=O)[C@H](Cc1ccc(O)cc1)[n+]1[c-]n2ccccc2c1,-6.6385,-9.840738
O=C(O)[C@H](CO)NC(=O)[C@H](Cc1ccc(O)cc1)NC(=O)[C@H](Cc1c[nH]c2ccccc12)[n+]1[c-]n2ccccc2c1,-10.5002,-8.324406
O=C(O)[C@H](CO)NC(=O)[C@H](Cc1ccc(O)cc1)NC(=O)[C@H](Cc1ccc(O)cc1)[n+]1[c-]n2ccccc2c1,-11.2613,-9.616802
O=C(O)[C@H](CO)NC(=O)[C@H](Cc1ccc(O)cc1)[n+]1[c-]n2ccccc2c1,-6.7786,-8.015427
O=C(O)[C@H](CO)NC(=O)[C@H](Cc1ccccc1)NC(=O)[C@H](Cc1ccc(O)cc1)[n+]1[c-]n2ccccc2c1,-7.3363,-8.173718
O=C(O)[C@H](CO)[n+]1[c-]n2ccccc2c1,-6.9923,-4.6561804
O=C(O)[C@H](CS)NC(=O)[C@@H]1CCCN1C(=O)[C@H](Cc1ccc(O)cc1)[n+]1[c-]n2ccccc2c1,-2.1067,-5.5813565
O=C(O)[C@H](CS)NC(=O)[C@@H]1CCCN1C(=O)[C@H](Cc1ccccc1)[n+]1[c-]n2ccccc2c1,-6.2483,-7.952773
O=C(O)[C@H](CS)NC(=O)[C@H](CO)NC(=O)[C@H](CS)[n+]1[c-]n2ccccc2c1,-11.8885,-8.717106
O=C(O)[C@H](CS)NC(=O)[C@H](CS)NC(=O)[C@H](Cc1c[nH]cn1)[n+]1[c-]n2ccccc2c1,-13.7048,-9.251747
O=C(O)[C@H](CS)NC(=O)[C@H](Cc1c[nH]cn1)NC(=O)[C@H](CS)[n+]1[c-]n2ccccc2c1,-10.0128,-8.269755
O=C(O)[C@H](CS)NC(=O)[C@H](Cc1c[nH]cn1)NC(=O)[C@H](Cc1c[nH]c2ccccc12)[n+]1[c-]n2ccccc2c1,-10.7239,-9.456951
O=C(O)[C@H](CS)NC(=O)[C@H](Cc1ccc(O)cc1)NC(=O)[C@H](CO)[n+]1[c-]n2ccccc2c1,-7.8098,-9.766739
O=C(O)[C@H](CS)NC(=O)[C@H](Cc1ccc(O)cc1)NC(=O)[C@H](Cc1c[nH]cn1)[n+]1[c-]n2ccccc2c1,-2.6646,-9.436209
O=C(O)[C@H](CS)NC(=O)[C@H](Cc1ccccc1)NC(=O)[C@H](Cc1ccccc1)[n+]1[c-]n2ccccc2c1,-7.089,-7.1055765
O=C(O)[C@H](Cc1c[nH]c2ccccc12)NC(=O)[C@H](CO)NC(=O)[C@H](Cc1c[nH]c2ccccc12)[n+]1[c-]n2ccccc2c1,-18.1447,-9.538652
O=C(O)[C@H](Cc1c[nH]c2ccccc12)NC(=O)[C@H](CS)NC(=O)[C@H](Cc1c[nH]c2ccccc12)[n+]1[c-]n2ccccc2c1,-6.2501,-10.586594
O=C(O)[C@H](Cc1c[nH]c2ccccc12)NC(=O)[C@H](CS)[n+]1[c-]n2ccccc2c1,-10.2225,-7.4405622
O=C(O)[C@H](Cc1c[nH]c2ccccc12)NC(=O)[C@H](Cc1c[nH]cn1)NC(=O)[C@H](Cc1c[nH]cn1)[n+]1[c-]n2ccccc2c1,-19.3986,-10.886763
O=C(O)[C@H](Cc1c[nH]c2ccccc12)NC(=O)[C@H](Cc1ccc(O)cc1)NC(=O)[C@H](Cc1ccccc1)[n+]1[c-]n2ccccc2c1,-9.3311,-9.374119
O=C(O)[C@H](Cc1c[nH]c2ccccc12)NC(=O)[C@H](Cc1ccccc1)[n+]1[c-]n2ccccc2c1,-8.0841,-6.907014
O=C(O)[C@H](Cc1c[nH]cn1)NC(=O)[C@@H]1CCCN1C(=O)[C@H](Cc1c[nH]cn1)[n+]1[c-]n2ccccc2c1,-4.7399,-6.775513
O=C(O)[C@H](Cc1c[nH]cn1)NC(=O)[C@H](CO)NC(=O)[C@H](CO)[n+]1[c-]n2ccccc2c1,-6.9259,-10.086963
O=C(O)[C@H](Cc1c[nH]cn1)NC(=O)[C@H](CO)NC(=O)[C@H](CS)[n+]1[c-]n2ccccc2c1,-10.1235,-8.976839
O=C(O)[C@H](Cc1c[nH]cn1)NC(=O)[C@H](CO)NC(=O)[C@H](Cc1c[nH]cn1)[n+]1[c-]n2ccccc2c1,-2.5516,-8.814012
O=C(O)[C@H](Cc1c[nH]cn1)NC(=O)[C@H](CO)NC(=O)[C@H](Cc1ccc(O)cc1)[n+]1[c-]n2ccccc2c1,-6.2462,-9.051893
O=C(O)[C@H](Cc1c[nH]cn1)NC(=O)[C@H](Cc1c[nH]c2ccccc12)NC(=O)[C@H](Cc1ccccc1)[n+]1[c-]n2ccccc2c1,-10.6292,-9.897124
O=C(O)[C@H](Cc1c[nH]cn1)NC(=O)[C@H](Cc1c[nH]cn1)NC(=O)[C@H](Cc1c[nH]c2ccccc12)[n+]1[c-]n2ccccc2c1,-14.6367,-11.25577
O=C(O)[C@H](Cc1c[nH]cn1)NC(=O)[C@H](Cc1c[nH]cn1)NC(=O)[C@H](Cc1c[nH]cn1)[n+]1[c-]n2ccccc2c1,-18.9696,-10.843348
O=C(O)[C@H](Cc1c[nH]cn1)NC(=O)[C@H](Cc1ccc(O)cc1)NC(=O)[C@H](CS)[n+]1[c-]n2ccccc2c1,-3.3779,-7.7015834
O=C(O)[C@H](Cc1c[nH]cn1)NC(=O)[C@H](Cc1ccc(O)cc1)NC(=O)[C@H](Cc1c[nH]cn1)[n+]1[c-]n2ccccc2c1,-8.9217,-8.649105
O=C(O)[C@H](Cc1ccc(O)cc1)NC(=O)[C@@H]1CCCN1C(=O)C[n+]1[c-]n2ccccc2c1,-11.6614,-6.229784
O=C(O)[C@H](Cc1ccc(O)cc1)NC(=O)[C@@H]1CCCN1C(=O)[C@H](CO)[n+]1[c-]n2ccccc2c1,-8.4435,-9.810756
O=C(O)[C@H](Cc1ccc(O)cc1)NC(=O)[C@@H]1CCCN1C(=O)[C@H](Cc1ccc(O)cc1)[n+]1[c-]n2ccccc2c1,-6.9148,-6.3100877
O=C(O)[C@H](Cc1ccc(O)cc1)NC(=O)[C@H](CO)NC(=O)[C@H](Cc1ccc(O)cc1)[n+]1[c-]n2ccccc2c1,-9.6515,-8.777135
O=C(O)[C@H](Cc1ccc(O)cc1)NC(=O)[C@H](CS)NC(=O)[C@H](Cc1ccc(O)cc1)[n+]1[c-]n2ccccc2c1,-8.4497,-9.509935
O=C(O)[C@H](Cc1ccc(O)cc1)NC(=O)[C@H](CS)[n+]1[c-]n2ccccc2c1,-7.6948,-7.2790527
O=C(O)[C@H](Cc1ccc(O)cc1)NC(=O)[C@H](Cc1c[nH]cn1)NC(=O)[C@H](Cc1c[nH]c2ccccc12)[n+]1[c-]n2ccccc2c1,-21.3171,-12.035084
O=C(O)[C@H](Cc1ccc(O)cc1)NC(=O)[C@H](Cc1c[nH]cn1)NC(=O)[C@H](Cc1ccc(O)cc1)[n+]1[c-]n2ccccc2c1,-8.359,-11.132759
O=C(O)[C@H](Cc1ccc(O)cc1)NC(=O)[C@H](Cc1ccc(O)cc1)NC(=O)[C@H](CO)[n+]1[c-]n2ccccc2c1,-16.7873,-10.59458
O=C(O)[C@H](Cc1ccc(O)cc1)NC(=O)[C@H](Cc1ccc(O)cc1)NC(=O)[C@H](Cc1c[nH]c2ccccc12)[n+]1[c-]n2ccccc2c1,-15.1803,-10.588007
O=C(O)[C@H](Cc1ccc(O)cc1)NC(=O)[C@H](Cc1ccc(O)cc1)NC(=O)[C@H](Cc1ccccc1)[n+]1[c-]n2ccccc2c1,-7.0068,-6.947937
O=C(O)[C@H](Cc1ccc(O)cc1)NC(=O)[C@H](Cc1ccc(O)cc1)[n+]1[c-]n2ccccc2c1,-10.5671,-9.5063305
O=C(O)[C@H](Cc1ccc(O)cc1)NC(=O)[C@H](Cc1ccccc1)NC(=O)[C@H](Cc1c[nH]c2ccccc12)[n+]1[c-]n2ccccc2c1,-8.0006,-9.865564
O=C(O)[C@H](Cc1ccc(O)cc1)NC(=O)[C@H](Cc1ccccc1)NC(=O)[C@H](Cc1ccccc1)[n+]1[c-]n2ccccc2c1,-10.3375,-7.6561255
O=C(O)[C@H](Cc1ccc(O)cc1)[n+]1[c-]n2ccccc2c1,-3.3977,-4.4776635
O=C(O)[C@H](Cc1ccccc1)NC(=O)[C@@H]1CCCN1C(=O)C[n+]1[c-]n2ccccc2c1,-11.739,-11.535791
O=C(O)[C@H](Cc1ccccc1)NC(=O)[C@@H]1CCCN1C(=O)[C@H](Cc1c[nH]c2ccccc12)[n+]1[c-]n2ccccc2c1,-8.5396,-11.604759
O=C(O)[C@H](Cc1ccccc1)NC(=O)[C@H](CO)[n+]1[c-]n2ccccc2c1,-6.7666,-6.497734
O=C(O)[C@H](Cc1ccccc1)NC(=O)[C@H](Cc1c[nH]c2ccccc12)NC(=O)[C@H](Cc1c[nH]cn1)[n+]1[c-]n2ccccc2c1,-10.0917,-11.039565
O=C(O)[C@H](Cc1ccccc1)NC(=O)[C@H](Cc1c[nH]cn1)NC(=O)[C@H](Cc1ccc(O)cc1)[n+]1[c-]n2ccccc2c1,-11.3482,-9.533097
O=C(O)[C@H](Cc1ccccc1)NC(=O)[C@H](Cc1ccc(O)cc1)NC(=O)[C@H](Cc1ccc(O)cc1)[n+]1[c-]n2ccccc2c1,-6.8511,-8.555415
O=C(O)[C@H](Cc1ccccc1)NC(=O)[C@H](Cc1ccccc1)NC(=O)[C@H](Cc1c[nH]cn1)[n+]1[c-]n2ccccc2c1,-5.6943,-10.452841
O=C(O)[C@H](Cc1ccccc1)NC(=O)[C@H](Cc1ccccc1)NC(=O)[C@H](Cc1ccc(O)cc1)[n+]1[c-]n2ccccc2c1,-9.3813,-7.991204
O=C(O)[C@H](Cc1ccccc1)NC(=O)[C@H](Cc1ccccc1)[n+]1[c-]n2ccccc2c1,-9.2623,-6.3284407
O=C(O)[C@H](Cc1ccccc1)[n+]1[c-]n2ccccc2c1,-3.0285,-4.2556086
CC(C)C[C@@H](C(=O)N1CCC[C@H]1C(=O)N[C@@H](CC(N)=O)C(=O)O)[n+]1[c-]n2ccccc2c1,-7.9573,-7.6182303
CC(C)C[C@@H](C(=O)NCC(=O)NCC(=O)O)[n+]1[c-]n2ccccc2c1,-7.3092,-7.535866
CC(C)C[C@@H](C(=O)NCC(=O)N[C@@H](CCC(=O)O)C(=O)O)[n+]1[c-]n2ccccc2c1,-10.1687,-9.850801
CC(C)C[C@@H](C(=O)NCC(=O)N[C@@H](Cc1ccccc1)C(=O)O)[n+]1[c-]n2ccccc2c1,-7.0657,-9.835476
CC(C)C[C@@H](C(=O)NCC(=O)N[C@H](C(=O)O)C(C)C)[n+]1[c-]n2ccccc2c1,-9.2487,-9.829041
CC(C)C[C@@H](C(=O)N[C@@H](C)C(=O)N[C@@H](C)C(=O)O)[n+]1[c-]n2ccccc2c1,-4.9086,-4.785385
CC(C)C[C@@H](C(=O)N[C@@H](C)C(=O)N[C@@H](CC(=O)O)C(=O)O)[n+]1[c-]n2ccccc2c1,-9.1982,-5.3630695
CC(C)C[C@@H](C(=O)N[C@@H](C)C(=O)N[C@@H](Cc1c[nH]cn1)C(=O)O)[n+]1[c-]n2ccccc2c1,-1.379,-5.392145
CC(C)C[C@@H](C(=O)N[C@@H](CC(=O)O)C(=O)N[C@@H](CCC(N)=O)C(=O)O)[n+]1[c-]n2ccccc2c1,-9.5835,-8.616875
CC(C)C[C@@H](C(=O)N[C@@H](CC(=O)O)C(=O)N[C@@H](CO)C(=O)O)[n+]1[c-]n2ccccc2c1,-6.2606,-5.496
CC(C)C[C@@H](C(=O)N[C@@H](CC(=O)O)C(=O)N[C@@H](Cc1ccccc1)C(=O)O)[n+]1[c-]n2ccccc2c1,-6.6658,-7.995689
CC(C)C[C@@H](C(=O)N[C@@H](CC(=O)O)C(=O)N[C@H](C(=O)O)C(C)C)[n+]1[c-]n2ccccc2c1,-5.9496,-2.3087168
CC(C)C[C@@H](C(=O)N[C@@H](CC(N)=O)C(=O)O)[n+]1[c-]n2ccccc2c1,-8.7076,-7.3525705
CC(C)C[C@@H](C(=O)N[C@@H](CCC(=O)O)C(=O)N[C@@H](C)C(=O)O)[n+]1[c-]n2ccccc2c1,-9.8419,-7.6131153
CC(C)C[C@@H](C(=O)N[C@@H](CCC(=O)O)C(=O)N[C@@H](CC(=O)O)C(=O)O)[n+]1[c-]n2ccccc2c1,-12.244,-6.5650783
CC(C)C[C@@H](C(=O)N[C@@H](CCC(=O)O)C(=O)N[C@@H](Cc1c[nH]c2ccccc12)C(=O)O)[n+]1[c-]n2ccccc2c1,-15.6795,-8.790144
CC(C)C[C@@H](C(=O)N[C@@H](CCC(=O)O)C(=O)N[C@@H](Cc1c[nH]cn1)C(=O)O)[n+]1[c-]n2ccccc2c1,-18.6437,-12.421653
CC(C)C[C@@H](C(=O)N[C@@H](CCC(N)=O)C(=O)N[C@@H](C)C(=O)O)[n+]1[c-]n2ccccc2c1,-10.0875,-7.714958
CC(C)C[C@@H](C(=O)N[C@@H](CCC(N)=O)C(=O)N[C@@H](CCC(N)=O)C(=O)O)[n+]1[c-]n2ccccc2c1,-15.0458,-9.961334
CC(C)C[C@@H](C(=O)N[C@@H](CCC(N)=O)C(=O)N[C@@H](Cc1c[nH]cn1)C(=O)O)[n+]1[c-]n2ccccc2c1,-14.7611,-10.091171
CC(C)C[C@@H](C(=O)N[C@@H](CCC(N)=O)C(=O)N[C@H](C(=O)O)[C@@H](C)O)[n+]1[c-]n2ccccc2c1,-12.3088,-9.625383
CC(C)C[C@@H](C(=O)N[C@@H](CCC(N)=O)C(=O)O)[n+]1[c-]n2ccccc2c1,-11.8396,-10.264105
CC(C)C[C@@H](C(=O)N[C@@H](CCCNC(=N)N)C(=O)N[C@@H](C)C(=O)O)[n+]1[c-]n2ccccc2c1,-2.8201,-8.111818
CC(C)C[C@@H](C(=O)N[C@@H](CCCNC(=N)N)C(=O)N[C@@H](CC(=O)O)C(=O)O)[n+]1[c-]n2ccccc2c1,-7.9506,-8.059436
CC(C)C[C@@H](C(=O)N[C@@H](CCCNC(=N)N)C(=O)O)[n+]1[c-]n2ccccc2c1,-20.843,-16.390568
CC(C)C[C@@H](C(=O)N[C@@H](CO)C(=O)NCC(=O)O)[n+]1[c-]n2ccccc2c1,-6.5173,-5.366827
CC(C)C[C@@H](C(=O)N[C@@H](CO)C(=O)N[C@@H](C)C(=O)O)[n+]1[c-]n2ccccc2c1,-5.8077,-4.4386787
CC(C)C[C@@H](C(=O)N[C@@H](CO)C(=O)N[C@@H](CC(N)=O)C(=O)O)[n+]1[c-]n2ccccc2c1,-12.5383,-9.238695
CC(C)C[C@@H](C(=O)N[C@@H](CO)C(=O)O)[n+]1[c-]n2ccccc2c1,-1.6568,-4.77847
CC(C)C[C@@H](C(=O)N[C@@H](CS)C(=O)N[C@@H](CC(N)=O)C(=O)O)[n+]1[c-]n2ccccc2c1,-7.5767,-5.0386047
CC(C)C[C@@H](C(=O)N[C@@H](CS)C(=O)N[C@@H](CCC(N)=O)C(=O)O)[n+]1[c-]n2ccccc2c1,-13.778,-11.5129
CC(C)C[C@@H](C(=O)N[C@@H](CS)C(=O)N[C@@H](CO)C(=O)O)[n+]1[c-]n2ccccc2c1,-11.4913,-4.3994684
CC(C)C[C@@H](C(=O)N[C@@H](CS)C(=O)N[C@@H](CS)C(=O)O)[n+]1[c-]n2ccccc2c1,-12.8882,-6.198061
CC(C)C[C@@H](C(=O)N[C@@H](CS)C(=O)N[C@H](C(=O)O)C(C)C)[n+]1[c-]n2ccccc2c1,-8.9247,-3.3184676
CC(C)C[C@@H](C(=O)N[C@@H](Cc1c[nH]c2ccccc12)C(=O)N[C@@H](C)C(=O)O)[n+]1[c-]n2ccccc2c1,-7.0366,-8.515983
CC(C)C[C@@H](C(=O)N[C@@H](Cc1c[nH]c2ccccc12)C(=O)N[C@@H](CC(=O)O)C(=O)O)[n+]1[c-]n2ccccc2c1,-17.7506,-9.491994
CC(C)C[C@@H](C(=O)N[C@@H](Cc1c[nH]c2ccccc12)C(=O)N[C@@H](CCC(N)=O)C(=O)O)[n+]1[c-]n2ccccc2c1,-13.2619,-7.6710014
CC(C)C[C@@H](C(=O)N[C@@H](Cc1c[nH]cn1)C(=O)N[C@@H](C)C(=O)O)[n+]1[c-]n2ccccc2c1,-6.218,-5.7361565
CC(C)C[C@@H](C(=O)N[C@@H](Cc1c[nH]cn1)C(=O)N[C@@H](CCC(=O)O)C(=O)O)[n+]1[c-]n2ccccc2c1,-4.372,-11.09241
CC(C)C[C@@H](C(=O)N[C@@H](Cc1c[nH]cn1)C(=O)O)[n+]1[c-]n2ccccc2c1,-9.3136,-8.699394
CC(C)C[C@@H](C(=O)N[C@@H](Cc1ccc(O)cc1)C(=O)N[C@H](C(=O)O)C(C)C)[n+]1[c-]n2ccccc2c1,-4.7629,-8.580321
CC(C)C[C@@H](C(=O)N[C@H](C(=O)N1CCC[C@H]1C(=O)O)C(C)C)[n+]1[c-]n2ccccc2c1,-5.4748,-5.146096
CC(C)C[C@@H](C(=O)N[C@H](C(=O)NCC(=O)O)C(C)C)[n+]1[c-]n2ccccc2c1,-3.9072,-3.237134
CC(C)C[C@@H](C(=O)N[C@H](C(=O)NCC(=O)O)[C@@H](C)O)[n+]1[c-]n2ccccc2c1,-4.4677,-6.446779
CC(C)C[C@@H](C(=O)N[C@H](C(=O)N[C@@H](C)C(=O)O)C(C)C)[n+]1[c-]n2ccccc2c1,-1.6862,-3.8479233
CC(C)C[C@@H](C(=O)N[C@H](C(=O)N[C@@H](CC(=O)O)C(=O)O)[C@@H](C)O)[n+]1[c-]n2ccccc2c1,-9.47,-8.50857
CC(C)C[C@@H](C(=O)N[C@H](C(=O)N[C@@H](CC(N)=O)C(=O)O)C(C)C)[n+]1[c-]n2ccccc2c1,-7.8902,-5.143405
CC(C)C[C@@H](C(=O)N[C@H](C(=O)N[C@@H](CCCNC(=N)N)C(=O)O)[C@@H](C)O)[n+]1[c-]n2ccccc2c1,-5.3281,-5.95741
CC(C)C[C@@H](C(=O)N[C@H](C(=O)N[C@@H](Cc1c[nH]cn1)C(=O)O)[C@@H](C)O)[n+]1[c-]n2ccccc2c1,-7.529,-7.82274
CC(C)C[C@@H](C(=O)N[C@H](C(=O)N[C@@H](Cc1ccccc1)C(=O)O)[C@@H](C)O)[n+]1[c-]n2ccccc2c1,-5.2501,-6.999933
CC(C)C[C@@H](C(=O)N[C@H](C(=O)O)[C@@H](C)O)[n+]1[c-]n2ccccc2c1,-5.544,-5.5433884
CC(C)C[C@H](NC(=O)CNC(=O)[C@H](CC(=O)O)[n+]1[c-]n2ccccc2c1)C(=O)O,-12.0741,-9.208973
CC(C)C[C@H](NC(=O)CNC(=O)[C@H](CC(C)C)[n+]1[c-]n2ccccc2c1)C(=O)O,-10.338,-6.5477247
CC(C)C[C@H](NC(=O)CNC(=O)[C@H](CO)[n+]1[c-]n2ccccc2c1)C(=O)O,-7.1365,-10.108273
CC(C)C[C@H](NC(=O)CNC(=O)[C@H](Cc1c[nH]cn1)[n+]1[c-]n2ccccc2c1)C(=O)O,-11.8841,-8.245906
CC(C)C[C@H](NC(=O)C[n+]1[c-]n2ccccc2c1)C(=O)N[C@@H](CS)C(=O)O,-9.749,-10.10362
CC(C)C[C@H](NC(=O)[C@@H](NC(=O)[C@H](C(C)C)[n+]1[c-]n2ccccc2c1)C(C)C)C(=O)O,-4.7762,-4.4697943
CC(C)C[C@H](NC(=O)[C@@H](NC(=O)[C@H](CC(=O)O)[n+]1[c-]n2ccccc2c1)[C@@H](C)O)C(=O)O,-5.0455,-6.436924
CC(C)C[C@H](NC(=O)[C@@H](NC(=O)[C@H](CC(C)C)[n+]1[c-]n2ccccc2c1)C(C)C)C(=O)O,-5.2208,-3.5139666
CC(C)C[C@H](NC(=O)[C@@H](NC(=O)[C@H](CCC(N)=O)[n+]1[c-]n2ccccc2c1)C(C)C)C(=O)O,-5.385,-7.1730766
CC(C)C[C@H](NC(=O)[C@@H](NC(=O)[C@H](CCCNC(=N)N)[n+]1[c-]n2ccccc2c1)C(C)C)C(=O)O,-6.535,-5.582588
CC(C)C[C@H](NC(=O)[C@@H](NC(=O)[C@H](CO)[n+]1[c-]n2ccccc2c1)[C@@H](C)O)C(=O)O,-3.0094,-8.342446
CC(C)C[C@H](NC(=O)[C@@H](NC(=O)[C@H](CS)[n+]1[c-]n2ccccc2c1)C(C)C)C(=O)O,-2.1297,-2.3018208
CC(C)C[C@H](NC(=O)[C@@H](NC(=O)[C@H](Cc1ccc(O)cc1)[n+]1[c-]n2ccccc2c1)[C@@H](C)O)C(=O)O,-1.098,-7.1238694
CC(C)C[C@H](NC(=O)[C@@H]1CCCN1C(=O)[C@H](CC(C)C)[n+]1[c-]n2ccccc2c1)C(=O)O,-5.9357,-6.7490864
CC(C)C[C@H](NC(=O)[C@@H]1CCCN1C(=O)[C@H](CCC(N)=O)[n+]1[c-]n2ccccc2c1)C(=O)O,-5.2839,-5.764928
CC(C)C[C@H](NC(=O)[C@@H]1CCCN1C(=O)[C@H](CS)[n+]1[c-]n2ccccc2c1)C(=O)O,-5.2088,-7.099314
CC(C)C[C@H](NC(=O)[C@@H]1CCCN1C(=O)[C@H](Cc1ccccc1)[n+]1[c-]n2ccccc2c1)C(=O)O,-11.0568,-9.533098
CC(C)C[C@H](NC(=O)[C@H](C)NC(=O)[C@H](CC(N)=O)[n+]1[c-]n2ccccc2c1)C(=O)O,-10.3838,-5.580942
CC(C)C[C@H](NC(=O)[C@H](C)NC(=O)[C@H](Cc1c[nH]cn1)[n+]1[c-]n2ccccc2c1)C(=O)O,-5.1719,-5.74304
CC(C)C[C@H](NC(=O)[C@H](C)NC(=O)[C@H](Cc1ccc(O)cc1)[n+]1[c-]n2ccccc2c1)C(=O)O,-4.87,-4.35633
CC(C)C[C@H](NC(=O)[C@H](C)[n+]1[c-]n2ccccc2c1)C(=O)N[C@@H](Cc1c[nH]cn1)C(=O)O,-2.9998,-5.333522
CC(C)C[C@H](NC(=O)[C@H](C)[n+]1[c-]n2ccccc2c1)C(=O)N[C@H](C(=O)O)[C@@H](C)O,-4.1628,-4.4971795
CC(C)C[C@H](NC(=O)[C@H](CC(=O)O)NC(=O)[C@H](C)[n+]1[c-]n2ccccc2c1)C(=O)O,-3.7123,-2.9832015
CC(C)C[C@H](NC(=O)[C@H](CC(=O)O)NC(=O)[C@H](CCC(=O)O)[n+]1[c-]n2ccccc2c1)C(=O)O,-0.8737,-3.3308244
CC(C)C[C@H](NC(=O)[C@H](CC(=O)O)NC(=O)[C@H](Cc1c[nH]c2ccccc12)[n+]1[c-]n2ccccc2c1)C(=O)O,-6.1429,-5.2969327
CC(C)C[C@H](NC(=O)[C@H](CC(=O)O)[n+]1[c-]n2ccccc2c1)C(=O)N[C@@H](CO)C(=O)O,-4.3267,-5.5061607
CC(C)C[C@H](NC(=O)[C@H](CC(=O)O)[n+]1[c-]n2ccccc2c1)C(=O)N[C@H](C(=O)O)[C@@H](C)O,-7.3299,-9.314589
CC(C)C[C@H](NC(=O)[C@H](CC(C)C)NC(=O)[C@H](C)[n+]1[c-]n2ccccc2c1)C(=O)O,-3.212,-3.9619622
CC(C)C[C@H](NC(=O)[C@H](CC(C)C)NC(=O)[C@H](CC(=O)O)[n+]1[c-]n2ccccc2c1)C(=O)O,-6.0573,-5.2382245
CC(C)C[C@H](NC(=O)[C@H](CC(C)C)NC(=O)[C@H](CO)[n+]1[c-]n2ccccc2c1)C(=O)O,-3.14,-4.6403174
CC(C)C[C@H](NC(=O)[C@H](CC(C)C)NC(=O)[C@H](Cc1ccc(O)cc1)[n+]1[c-]n2ccccc2c1)C(=O)O,-7.5725,-6.550251
CC(C)C[C@H](NC(=O)[C@H](CC(C)C)NC(=O)[C@H]([C@@H](C)O)[n+]1[c-]n2ccccc2c1)C(=O)O,-9.0246,-9.327695
CC(C)C[C@H](NC(=O)[C@H](CC(C)C)[n+]1[c-]n2ccccc2c1)C(=O)N1CCC[C@H]1C(=O)O,-8.1115,-5.2034483
CC(C)C[C@H](NC(=O)[C@H](CC(C)C)[n+]1[c-]n2ccccc2c1)C(=O)N[C@@H](CO)C(=O)O,-8.195,-5.4795465
CC(C)C[C@H](NC(=O)[C@H](CC(C)C)[n+]1[c-]n2ccccc2c1)C(=O)N[C@@H](Cc1c[nH]c2ccccc12)C(=O)O,-11.5551,-10.717066
CC(C)C[C@H](NC(=O)[C@H](CC(N)=O)NC(=O)[C@H](C(C)C)[n+]1[c-]n2ccccc2c1)C(=O)O,-0.914,-6.358572
CC(C)C[C@H](NC(=O)[C@H](CC(N)=O)NC(=O)[C@H](CC(C)C)[n+]1[c-]n2ccccc2c1)C(=O)O,-7.1506,-7.381877
CC(C)C[C@H](NC(=O)[C@H](CC(N)=O)NC(=O)[C@H](CCC(=O)O)[n+]1[c-]n2ccccc2c1)C(=O)O,-7.0914,-4.9106054
CC(C)C[C@H](NC(=O)[C@H](CC(N)=O)NC(=O)[C@H](CS)[n+]1[c-]n2ccccc2c1)C(=O)O,-8.9959,-4.971299
CC(C)C[C@H](NC(=O)[C@H](CC(N)=O)NC(=O)[C@H](Cc1c[nH]c2ccccc12)[n+]1[c-]n2ccccc2c1)C(=O)O,-6.201,-7.4040947
CC(C)C[C@H](NC(=O)[C@H](CC(N)=O)NC(=O)[C@H](Cc1ccccc1)[n+]1[c-]n2ccccc2c1)C(=O)O,-11.1231,-10.697807
CC(C)C[C@H](NC(=O)[C@H](CC(N)=O)[n+]1[c-]n2ccccc2c1)C(=O)N[C@@H](CC(=O)O)C(=O)O,-5.0929,-8.595571
CC(C)C[C@H](NC(=O)[C@H](CC(N)=O)[n+]1[c-]n2ccccc2c1)C(=O)N[C@@H](CCC(N)=O)C(=O)O,-15.8275,-10.652967
CC(C)C[C@H](NC(=O)[C@H](CC(N)=O)[n+]1[c-]n2ccccc2c1)C(=O)N[C@@H](Cc1c[nH]cn1)C(=O)O,-11.4907,-8.879293
CC(C)C[C@H](NC(=O)[C@H](CC(N)=O)[n+]1[c-]n2ccccc2c1)C(=O)N[C@H](C(=O)O)[C@@H](C)O,-1.1864,-5.0334697
CC(C)C[C@H](NC(=O)[C@H](CCC(=O)O)NC(=O)[C@H](CC(N)=O)[n+]1[c-]n2ccccc2c1)C(=O)O,-12.0317,-9.167631
CC(C)C[C@H](NC(=O)[C@H](CCC(=O)O)NC(=O)[C@H](Cc1c[nH]cn1)[n+]1[c-]n2ccccc2c1)C(=O)O,-13.4914,-10.309237
CC(C)C[C@H](NC(=O)[C@H](CCC(=O)O)[n+]1[c-]n2ccccc2c1)C(=O)N[C@@H](C)C(=O)O,-5.4914,-5.1415505
CC(C)C[C@H](NC(=O)[C@H](CCC(=O)O)[n+]1[c-]n2ccccc2c1)C(=O)N[C@@H](CC(N)=O)C(=O)O,-8.3646,-9.173641
CC(C)C[C@H](NC(=O)[C@H](CCC(=O)O)[n+]1[c-]n2ccccc2c1)C(=O)N[C@@H](Cc1ccccc1)C(=O)O,-6.2664,-8.613474
CC(C)C[C@H](NC(=O)[C@H](CCC(=O)O)[n+]1[c-]n2ccccc2c1)C(=O)O,-2.6771,-3.6350834
CC(C)C[C@H](NC(=O)[C@H](CCC(N)=O)NC(=O)[C@H](CC(=O)O)[n+]1[c-]n2ccccc2c1)C(=O)O,-15.3299,-10.561065
CC(C)C[C@H](NC(=O)[C@H](CCC(N)=O)NC(=O)[C@H](CS)[n+]1[c-]n2ccccc2c1)C(=O)O,-2.2337,-7.495388
CC(C)C[C@H](NC(=O)[C@H](CCC(N)=O)NC(=O)[C@H](Cc1c[nH]c2ccccc12)[n+]1[c-]n2ccccc2c1)C(=O)O,-11.3651,-7.3324223
CC(C)C[C@H](NC(=O)[C@H](CCC(N)=O)NC(=O)[C@H](Cc1ccccc1)[n+]1[c-]n2ccccc2c1)C(=O)O,-13.7329,-7.0700536
CC(C)C[C@H](NC(=O)[C@H](CCC(N)=O)[n+]1[c-]n2ccccc2c1)C(=O)NCC(=O)O,-6.7461,-4.7312765
CC(C)C[C@H](NC(=O)[C@H](CCC(N)=O)[n+]1[c-]n2ccccc2c1)C(=O)N[C@@H](CCC(=O)O)C(=O)O,-6.9189,-5.6623187
CC(C)C[C@H](NC(=O)[C@H](CCC(N)=O)[n+]1[c-]n2ccccc2c1)C(=O)N[C@@H](Cc1c[nH]c2ccccc12)C(=O)O,-3.928,-9.380161
CC(C)C[C@H](NC(=O)[C@H](CCC(N)=O)[n+]1[c-]n2ccccc2c1)C(=O)N[C@@H](Cc1c[nH]cn1)C(=O)O,-2.1961,-7.7859173
CC(C)C[C@H](NC(=O)[C@H](CCC(N)=O)[n+]1[c-]n2ccccc2c1)C(=O)N[C@H](C(=O)O)C(C)C,-6.5359,-9.699201
CC(C)C[C@H](NC(=O)[C@H](CCC(N)=O)[n+]1[c-]n2ccccc2c1)C(=O)O,-6.5492,-4.22003
CC(C)C[C@H](NC(=O)[C@H](CCCNC(=N)N)NC(=O)[C@H](C(C)C)[n+]1[c-]n2ccccc2c1)C(=O)O,-12.871,-6.2616625
CC(C)C[C@H](NC(=O)[C@H](CCCNC(=N)N)NC(=O)[C@H](CCC(N)=O)[n+]1[c-]n2ccccc2c1)C(=O)O,-9.0855,-8.623667
CC(C)C[C@H](NC(=O)[C@H](CCCNC(=N)N)NC(=O)[C@H](CCCNC(=N)N)[n+]1[c-]n2ccccc2c1)C(=O)O,0.5023,-8.386324
CC(C)C[C@H](NC(=O)[C@H](CCCNC(=N)N)NC(=O)[C@H](Cc1ccccc1)[n+]1[c-]n2ccccc2c1)C(=O)O,-4.779,-10.174133
CC(C)C[C@H](NC(=O)[C@H](CCCNC(=N)N)[n+]1[c-]n2ccccc2c1)C(=O)N1CCC[C@H]1C(=O)O,-9.4067,-8.654154
CC(C)C[C@H](NC(=O)[C@H](CCCNC(=N)N)[n+]1[c-]n2ccccc2c1)C(=O)N[C@H](C(=O)O)C(C)C,-2.1023,-6.444399
CC(C)C[C@H](NC(=O)[C@H](CCCNC(=N)N)[n+]1[c-]n2ccccc2c1)C(=O)N[C@H](C(=O)O)[C@@H](C)O,0.1123,-5.6463547
CC(C)C[C@H](NC(=O)[C@H](CO)NC(=O)C[n+]1[c-]n2ccccc2c1)C(=O)O,-8.7601,-8.033718
CC(C)C[C@H](NC(=O)[C@H](CO)NC(=O)[C@H](CCC(N)=O)[n+]1[c-]n2ccccc2c1)C(=O)O,-0.4829,-10.263461
CC(C)C[C@H](NC(=O)[C@H](CO)NC(=O)[C@H](Cc1c[nH]cn1)[n+]1[c-]n2ccccc2c1)C(=O)O,-6.867,-4.9277735
CC(C)C[C@H](NC(=O)[C@H](CO)[n+]1[c-]n2ccccc2c1)C(=O)N[C@@H](C)C(=O)O,-4.7044,-4.347043
CC(C)C[C@H](NC(=O)[C@H](CO)[n+]1[c-]n2ccccc2c1)C(=O)N[C@@H](CC(N)=O)C(=O)O,-10.5664,-11.981579
CC(C)C[C@H](NC(=O)[C@H](CO)[n+]1[c-]n2ccccc2c1)C(=O)N[C@@H](CCCNC(=N)N)C(=O)O,-8.132,-7.9387174
CC(C)C[C@H](NC(=O)[C@H](CO)[n+]1[c-]n2ccccc2c1)C(=O)N[C@@H](Cc1c[nH]cn1)C(=O)O,-2.5061,-7.245902
CC(C)C[C@H](NC(=O)[C@H](CO)[n+]1[c-]n2ccccc2c1)C(=O)N[C@@H](Cc1ccccc1)C(=O)O,-5.3784,-4.63997
CC(C)C[C@H](NC(=O)[C@H](CO)[n+]1[c-]n2ccccc2c1)C(=O)O,-3.6681,-4.4649005
CC(C)C[C@H](NC(=O)[C@H](CS)NC(=O)[C@H](C)[n+]1[c-]n2ccccc2c1)C(=O)O,-2.8079,-4.813438
CC(C)C[C@H](NC(=O)[C@H](CS)NC(=O)[C@H](CC(N)=O)[n+]1[c-]n2ccccc2c1)C(=O)O,-3.1324,-6.510403
CC(C)C[C@H](NC(=O)[C@H](CS)NC(=O)[C@H](CCCNC(=N)N)[n+]1[c-]n2ccccc2c1)C(=O)O,-6.0277,-9.674499
CC(C)C[C@H](NC(=O)[C@H](CS)NC(=O)[C@H](Cc1c[nH]cn1)[n+]1[c-]n2ccccc2c1)C(=O)O,4.5954,-8.344109
CC(C)C[C@H](NC(=O)[C@H](CS)NC(=O)[C@H]([C@@H](C)O)[n+]1[c-]n2ccccc2c1)C(=O)O,1.3296,-5.8155217
CC(C)C[C@H](NC(=O)[C@H](CS)[n+]1[c-]n2ccccc2c1)C(=O)N[C@@H](CCC(=O)O)C(=O)O,-19.6189,-12.999151
CC(C)C[C@H](NC(=O)[C@H](CS)[n+]1[c-]n2ccccc2c1)C(=O)N[C@@H](CO)C(=O)O,-6.4256,-7.6488953
CC(C)C[C@H](NC(=O)[C@H](CS)[n+]1[c-]n2ccccc2c1)C(=O)O,-6.6852,-5.2144866
CC(C)C[C@H](NC(=O)[C@H](Cc1c[nH]c2ccccc12)NC(=O)C[n+]1[c-]n2ccccc2c1)C(=O)O,-11.025,-11.020764
CC(C)C[C@H](NC(=O)[C@H](Cc1c[nH]c2ccccc12)NC(=O)[C@H](C(C)C)[n+]1[c-]n2ccccc2c1)C(=O)O,-2.5178,-8.11239
CC(C)C[C@H](NC(=O)[C@H](Cc1c[nH]c2ccccc12)NC(=O)[C@H](C)[n+]1[c-]n2ccccc2c1)C(=O)O,-1.0873,-2.9717631
CC(C)C[C@H](NC(=O)[C@H](Cc1c[nH]c2ccccc12)NC(=O)[C@H](Cc1c[nH]c2ccccc12)[n+]1[c-]n2ccccc2c1)C(=O)O,-5.1718,-9.55615
CC(C)C[C@H](NC(=O)[C@H](Cc1c[nH]c2ccccc12)[n+]1[c-]n2ccccc2c1)C(=O)N[C@@H](CCC(N)=O)C(=O)O,-13.3815,-7.6654286
CC(C)C[C@H](NC(=O)[C@H](Cc1c[nH]c2ccccc12)[n+]1[c-]n2ccccc2c1)C(=O)N[C@@H](CCCNC(=N)N)C(=O)O,-9.8532,-8.9618225
CC(C)C[C@H](NC(=O)[C@H](Cc1c[nH]cn1)NC(=O)C[n+]1[c-]n2ccccc2c1)C(=O)O,-13.1961,-9.720141
CC(C)C[C@H](NC(=O)[C@H](Cc1c[nH]cn1)NC(=O)[C@H](CC(C)C)[n+]1[c-]n2ccccc2c1)C(=O)O,-9.4416,-6.5756025
CC(C)C[C@H](NC(=O)[C@H](Cc1c[nH]cn1)[n+]1[c-]n2ccccc2c1)C(=O)N1CCC[C@H]1C(=O)O,-11.7135,-8.164263
CC(C)C[C@H](NC(=O)[C@H](Cc1c[nH]cn1)[n+]1[c-]n2ccccc2c1)C(=O)N[C@@H](CC(N)=O)C(=O)O,-15.7716,-9.571522
CC(C)C[C@H](NC(=O)[C@H](Cc1c[nH]cn1)[n+]1[c-]n2ccccc2c1)C(=O)N[C@@H](CS)C(=O)O,-9.2895,-6.8926644
CC(C)C[C@H](NC(=O)[C@H](Cc1c[nH]cn1)[n+]1[c-]n2ccccc2c1)C(=O)N[C@@H](Cc1c[nH]c2ccccc12)C(=O)O,-10.5732,-11.414358
CC(C)C[C@H](NC(=O)[C@H](Cc1c[nH]cn1)[n+]1[c-]n2ccccc2c1)C(=O)N[C@@H](Cc1c[nH]cn1)C(=O)O,-1.2474,-4.86939
CC(C)C[C@H](NC(=O)[C@H](Cc1c[nH]cn1)[n+]1[c-]n2ccccc2c1)C(=O)N[C@@H](Cc1ccc(O)cc1)C(=O)O,2.166,-11.2928095
CC(C)C[C@H](NC(=O)[C@H](Cc1ccc(O)cc1)[n+]1[c-]n2ccccc2c1)C(=O)N[C@H](C(=O)O)C(C)C,-7.3376,-4.776492
CC(C)C[C@H](NC(=O)[C@H](Cc1ccccc1)NC(=O)[C@H](CO)[n+]1[c-]n2ccccc2c1)C(=O)O,-6.9946,-7.6601653
CC(C)C[C@H](NC(=O)[C@H](Cc1ccccc1)NC(=O)[C@H](Cc1ccccc1)[n+]1[c-]n2ccccc2c1)C(=O)O,-3.5889,-5.0952053
CC(C)C[C@H](NC(=O)[C@H](Cc1ccccc1)[n+]1[c-]n2ccccc2c1)C(=O)NCC(=O)O,-5.2036,-4.7221594
CC(C)C[C@H](NC(=O)[C@H](Cc1ccccc1)[n+]1[c-]n2ccccc2c1)C(=O)N[C@@H](CCC(N)=O)C(=O)O,-9.5181,-9.279495
CC(C)C[C@H](NC(=O)[C@H](Cc1ccccc1)[n+]1[c-]n2ccccc2c1)C(=O)N[C@@H](CCCNC(=N)N)C(=O)O,-4.5516,-11.157789
CC(C)C[C@H](NC(=O)[C@H](Cc1ccccc1)[n+]1[c-]n2ccccc2c1)C(=O)N[C@@H](Cc1c[nH]c2ccccc12)C(=O)O,-12.3609,-10.403688
CC(C)C[C@H](NC(=O)[C@H](Cc1ccccc1)[n+]1[c-]n2ccccc2c1)C(=O)N[C@@H](Cc1ccc(O)cc1)C(=O)O,-10.0344,-13.656385
CC(C)C[C@H](NC(=O)[C@H]([C@@H](C)O)[n+]1[c-]n2ccccc2c1)C(=O)N1CCC[C@H]1C(=O)O,-8.2787,-5.9790473
CC(C)C[C@H](NC(=O)[C@H]([C@@H](C)O)[n+]1[c-]n2ccccc2c1)C(=O)N[C@@H](CCCNC(=N)N)C(=O)O,-5.9648,-8.997053
CC(C)C[C@H](NC(=O)[C@H]([C@@H](C)O)[n+]1[c-]n2ccccc2c1)C(=O)N[C@H](C(=O)O)C(C)C,-4.5196,-6.5817137
CC(C)[C@@H](C(=O)N1CCC[C@H]1C(=O)NCC(=O)O)[n+]1[c-]n2ccccc2c1,-4.8501,-5.676954
CC(C)[C@@H](C(=O)N1CCC[C@H]1C(=O)N[C@@H](CS)C(=O)O)[n+]1[c-]n2ccccc2c1,-5.4935,-5.8490486
CC(C)[C@@H](C(=O)N1CCC[C@H]1C(=O)N[C@@H](Cc1ccc(O)cc1)C(=O)O)[n+]1[c-]n2ccccc2c1,-5.8513,-7.057932
CC(C)[C@@H](C(=O)N1CCC[C@H]1C(=O)N[C@@H](Cc1ccccc1)C(=O)O)[n+]1[c-]n2ccccc2c1,-8.7914,-6.022954
CC(C)[C@@H](C(=O)NCC(=O)O)[n+]1[c-]n2ccccc2c1,-6.8875,-4.166972
CC(C)[C@@H](C(=O)N[C@@H](C)C(=O)NCC(=O)O)[n+]1[c-]n2ccccc2c1,-3.4549,-4.022641
CC(C)[C@@H](C(=O)N[C@@H](C)C(=O)N[C@@H](CC(N)=O)C(=O)O)[n+]1[c-]n2ccccc2c1,-6.6758,-8.791399
CC(C)[C@@H](C(=O)N[C@@H](C)C(=O)N[C@@H](CCC(N)=O)C(=O)O)[n+]1[c-]n2ccccc2c1,-7.3622,-9.412388
CC(C)[C@@H](C(=O)N[C@@H](C)C(=O)N[C@@H](CO)C(=O)O)[n+]1[c-]n2ccccc2c1,-3.7044,-6.3438387
CC(C)[C@@H](C(=O)N[C@@H](CC(=O)O)C(=O)N[C@@H](C)C(=O)O)[n+]1[c-]n2ccccc2c1,-0.6147,-3.6986508
CC(C)[C@@H](C(=O)N[C@@H](CC(=O)O)C(=O)N[C@@H](CC(=O)O)C(=O)O)[n+]1[c-]n2ccccc2c1,-12.17,-12.357572
CC(C)[C@@H](C(=O)N[C@@H](CC(=O)O)C(=O)N[C@@H](CCCNC(=N)N)C(=O)O)[n+]1[c-]n2ccccc2c1,-3.2904,-9.352188
CC(C)[C@@H](C(=O)N[C@@H](CC(=O)O)C(=O)N[C@@H](CO)C(=O)O)[n+]1[c-]n2ccccc2c1,-6.698,-8.217565
CC(C)[C@@H](C(=O)N[C@@H](CC(=O)O)C(=O)N[C@@H](CS)C(=O)O)[n+]1[c-]n2ccccc2c1,1.8277,-5.486559
CC(C)[C@@H](C(=O)N[C@@H](CC(N)=O)C(=O)N[C@@H](CC(=O)O)C(=O)O)[n+]1[c-]n2ccccc2c1,-7.7211,-8.471188
CC(C)[C@@H](C(=O)N[C@@H](CC(N)=O)C(=O)N[C@@H](Cc1c[nH]c2ccccc12)C(=O)O)[n+]1[c-]n2ccccc2c1,-10.2751,-9.3419895
CC(C)[C@@H](C(=O)N[C@@H](CC(N)=O)C(=O)N[C@@H](Cc1ccc(O)cc1)C(=O)O)[n+]1[c-]n2ccccc2c1,-9.7842,-9.284975
CC(C)[C@@H](C(=O)N[C@@H](CCC(=O)O)C(=O)N1CCC[C@H]1C(=O)O)[n+]1[c-]n2ccccc2c1,-9.4784,-6.2600913
CC(C)[C@@H](C(=O)N[C@@H](CCC(=O)O)C(=O)N[C@@H](C)C(=O)O)[n+]1[c-]n2ccccc2c1,-10.3939,-8.6676445
CC(C)[C@@H](C(=O)N[C@@H](CCC(=O)O)C(=O)N[C@@H](CC(=O)O)C(=O)O)[n+]1[c-]n2ccccc2c1,-11.3271,-8.070568
CC(C)[C@@H](C(=O)N[C@@H](CCC(=O)O)C(=O)N[C@@H](Cc1c[nH]c2ccccc12)C(=O)O)[n+]1[c-]n2ccccc2c1,-9.764,-8.516659
CC(C)[C@@H](C(=O)N[C@@H](CCC(N)=O)C(=O)N1CCC[C@H]1C(=O)O)[n+]1[c-]n2ccccc2c1,-6.9987,-7.2238855
CC(C)[C@@H](C(=O)N[C@@H](CCC(N)=O)C(=O)NCC(=O)O)[n+]1[c-]n2ccccc2c1,-4.1819,-10.096102
CC(C)[C@@H](C(=O)N[C@@H](CCC(N)=O)C(=O)N[C@@H](CCC(N)=O)C(=O)O)[n+]1[c-]n2ccccc2c1,-12.368,-8.706753
CC(C)[C@@H](C(=O)N[C@@H](CCC(N)=O)C(=O)N[C@@H](Cc1c[nH]cn1)C(=O)O)[n+]1[c-]n2ccccc2c1,-8.4573,-9.373129
CC(C)[C@@H](C(=O)N[C@@H](CCCNC(=N)N)C(=O)N[C@@H](CCC(=O)O)C(=O)O)[n+]1[c-]n2ccccc2c1,-12.0142,-8.469404
CC(C)[C@@H](C(=O)N[C@@H](CCCNC(=N)N)C(=O)N[C@@H](Cc1c[nH]cn1)C(=O)O)[n+]1[c-]n2ccccc2c1,-5.5605,-9.150595
CC(C)[C@@H](C(=O)N[C@@H](CCCNC(=N)N)C(=O)N[C@H](C(=O)O)[C@@H](C)O)[n+]1[c-]n2ccccc2c1,-9.828,-7.276984
CC(C)[C@@H](C(=O)N[C@@H](CO)C(=O)N[C@@H](CS)C(=O)O)[n+]1[c-]n2ccccc2c1,-9.875,-9.181087
CC(C)[C@@H](C(=O)N[C@@H](CS)C(=O)N[C@@H](C)C(=O)O)[n+]1[c-]n2ccccc2c1,-5.9797,-7.52108
CC(C)[C@@H](C(=O)N[C@@H](CS)C(=O)N[C@@H](CCC(=O)O)C(=O)O)[n+]1[c-]n2ccccc2c1,-8.4431,-8.8444
CC(C)[C@@H](C(=O)N[C@@H](Cc1c[nH]c2ccccc12)C(=O)N[C@@H](C)C(=O)O)[n+]1[c-]n2ccccc2c1,-14.0265,-9.551786
CC(C)[C@@H](C(=O)N[C@@H](Cc1c[nH]c2ccccc12)C(=O)N[C@@H](CO)C(=O)O)[n+]1[c-]n2ccccc2c1,-4.073,-7.922629
CC(C)[C@@H](C(=O)N[C@@H](Cc1c[nH]c2ccccc12)C(=O)N[C@@H](CS)C(=O)O)[n+]1[c-]n2ccccc2c1,-1.8378,-6.1298122
CC(C)[C@@H](C(=O)N[C@@H](Cc1c[nH]cn1)C(=O)N1CCC[C@H]1C(=O)O)[n+]1[c-]n2ccccc2c1,-9.3049,-9.485113
CC(C)[C@@H](C(=O)N[C@@H](Cc1c[nH]cn1)C(=O)N[C@@H](CC(N)=O)C(=O)O)[n+]1[c-]n2ccccc2c1,-12.7926,-8.9341545
CC(C)[C@@H](C(=O)N[C@@H](Cc1c[nH]cn1)C(=O)N[C@@H](Cc1c[nH]c2ccccc12)C(=O)O)[n+]1[c-]n2ccccc2c1,-12.7241,-11.515373
CC(C)[C@@H](C(=O)N[C@@H](Cc1c[nH]cn1)C(=O)N[C@@H](Cc1c[nH]cn1)C(=O)O)[n+]1[c-]n2ccccc2c1,-3.7399,-9.972367
CC(C)[C@@H](C(=O)N[C@@H](Cc1c[nH]cn1)C(=O)N[C@@H](Cc1ccccc1)C(=O)O)[n+]1[c-]n2ccccc2c1,-2.6975,-8.127373
CC(C)[C@@H](C(=O)N[C@@H](Cc1ccc(O)cc1)C(=O)N[C@@H](CC(=O)O)C(=O)O)[n+]1[c-]n2ccccc2c1,-4.9643,-9.426056
CC(C)[C@@H](C(=O)N[C@@H](Cc1ccc(O)cc1)C(=O)N[C@@H](CC(N)=O)C(=O)O)[n+]1[c-]n2ccccc2c1,-9.1837,-7.4367905
CC(C)[C@@H](C(=O)N[C@@H](Cc1ccc(O)cc1)C(=O)N[C@@H](Cc1c[nH]cn1)C(=O)O)[n+]1[c-]n2ccccc2c1,-4.8464,-8.1661625
CC(C)[C@@H](C(=O)N[C@@H](Cc1ccccc1)C(=O)N[C@@H](CCC(=O)O)C(=O)O)[n+]1[c-]n2ccccc2c1,-10.3897,-9.20315
CC(C)[C@@H](C(=O)N[C@@H](Cc1ccccc1)C(=O)N[C@@H](CCCNC(=N)N)C(=O)O)[n+]1[c-]n2ccccc2c1,-6.931,-10.626015
CC(C)[C@@H](C(=O)N[C@@H](Cc1ccccc1)C(=O)N[C@@H](Cc1ccc(O)cc1)C(=O)O)[n+]1[c-]n2ccccc2c1,-7.9903,-6.5410924
CC(C)[C@@H](C(=O)N[C@H](C(=O)NCC(=O)O)[C@@H](C)O)[n+]1[c-]n2ccccc2c1,-4.5034,-5.0719585
CC(C)[C@@H](C(=O)N[C@H](C(=O)N[C@@H](C)C(=O)O)[C@@H](C)O)[n+]1[c-]n2ccccc2c1,0.6714,-4.3762674
CC(C)[C@@H](C(=O)N[C@H](C(=O)N[C@@H](CC(N)=O)C(=O)O)[C@@H](C)O)[n+]1[c-]n2ccccc2c1,-7.7812,-6.5038857
CC(C)[C@@H](C(=O)N[C@H](C(=O)N[C@@H](CCC(=O)O)C(=O)O)[C@@H](C)O)[n+]1[c-]n2ccccc2c1,-8.8124,-12.43494
CC(C)[C@@H](C(=O)N[C@H](C(=O)N[C@@H](CCCNC(=N)N)C(=O)O)[C@@H](C)O)[n+]1[c-]n2ccccc2c1,-4.3724,-8.196327
CC(C)[C@@H](C(=O)N[C@H](C(=O)N[C@@H](CS)C(=O)O)[C@@H](C)O)[n+]1[c-]n2ccccc2c1,-8.479,-7.286764
CC(C)[C@@H](C(=O)N[C@H](C(=O)N[C@@H](Cc1c[nH]c2ccccc12)C(=O)O)[C@@H](C)O)[n+]1[c-]n2ccccc2c1,-14.0285,-8.26717
CC(C)[C@H](NC(=O)CNC(=O)[C@H](CC(N)=O)[n+]1[c-]n2ccccc2c1)C(=O)O,-6.9653,-5.5009503
CC(C)[C@H](NC(=O)CNC(=O)[C@H](CO)[n+]1[c-]n2ccccc2c1)C(=O)O,-9.1605,-6.360359
CC(C)[C@H](NC(=O)CNC(=O)[C@H](Cc1c[nH]c2ccccc12)[n+]1[c-]n2ccccc2c1)C(=O)O,-8.7291,-5.227965
CC(C)[C@H](NC(=O)CNC(=O)[C@H](Cc1ccc(O)cc1)[n+]1[c-]n2ccccc2c1)C(=O)O,-7.2412,-6.7939215
CC(C)[C@H](NC(=O)C[n+]1[c-]n2ccccc2c1)C(=O)N[C@@H](CC(=O)O)C(=O)O,-12.5814,-10.870606
CC(C)[C@H](NC(=O)C[n+]1[c-]n2ccccc2c1)C(=O)N[C@@H](Cc1c[nH]cn1)C(=O)O,-10.8809,-11.739139
CC(C)[C@H](NC(=O)C[n+]1[c-]n2ccccc2c1)C(=O)N[C@@H](Cc1ccc(O)cc1)C(=O)O,-10.7829,-12.759268
CC(C)[C@H](NC(=O)C[n+]1[c-]n2ccccc2c1)C(=O)N[C@@H](Cc1ccccc1)C(=O)O,-10.4087,-10.593187
CC(C)[C@H](NC(=O)[C@@H](NC(=O)[C@H](CCC(=O)O)[n+]1[c-]n2ccccc2c1)C(C)C)C(=O)O,-0.679,-3.4615512
CC(C)[C@H](NC(=O)[C@@H](NC(=O)[C@H](Cc1c[nH]c2ccccc12)[n+]1[c-]n2ccccc2c1)[C@@H](C)O)C(=O)O,-2.1556,-5.6148715
CC(C)[C@H](NC(=O)[C@@H](NC(=O)[C@H](Cc1ccccc1)[n+]1[c-]n2ccccc2c1)C(C)C)C(=O)O,-3.2814,-4.7390623
CC(C)[C@H](NC(=O)[C@@H](NC(=O)[C@H](Cc1ccccc1)[n+]1[c-]n2ccccc2c1)[C@@H](C)O)C(=O)O,-4.8186,-6.4381013
CC(C)[C@H](NC(=O)[C@@H](NC(=O)[C@H]([C@@H](C)O)[n+]1[c-]n2ccccc2c1)C(C)C)C(=O)O,-4.4684,-7.601613
CC(C)[C@H](NC(=O)[C@@H]1CCCN1C(=O)[C@H](C(C)C)[n+]1[c-]n2ccccc2c1)C(=O)O,-5.0115,-5.9987016
CC(C)[C@H](NC(=O)[C@@H]1CCCN1C(=O)[C@H](CCC(=O)O)[n+]1[c-]n2ccccc2c1)C(=O)O,-7.4572,-4.4314775
CC(C)[C@H](NC(=O)[C@H](C(C)C)[n+]1[c-]n2ccccc2c1)C(=O)N[C@@H](CO)C(=O)O,-4.682,-4.8280005
CC(C)[C@H](NC(=O)[C@H](C)NC(=O)C[n+]1[c-]n2ccccc2c1)C(=O)O,-12.1884,-11.962822
CC(C)[C@H](NC(=O)[C@H](C)NC(=O)[C@H](C)[n+]1[c-]n2ccccc2c1)C(=O)O,-3.5878,-4.0982404
CC(C)[C@H](NC(=O)[C@H](C)NC(=O)[C@H](CCC(N)=O)[n+]1[c-]n2ccccc2c1)C(=O)O,-1.055,-5.251749
CC(C)[C@H](NC(=O)[C@H](C)NC(=O)[C@H](CCCNC(=N)N)[n+]1[c-]n2ccccc2c1)C(=O)O,-6.7473,-9.929851
CC(C)[C@H](NC(=O)[C@H](C)NC(=O)[C@H]([C@@H](C)O)[n+]1[c-]n2ccccc2c1)C(=O)O,-9.957,-8.293687
CC(C)[C@H](NC(=O)[C@H](C)[n+]1[c-]n2ccccc2c1)C(=O)NCC(=O)O,-3.3867,-3.6161113
CC(C)[C@H](NC(=O)[C@H](C)[n+]1[c-]n2ccccc2c1)C(=O)N[C@@H](CO)C(=O)O,-6.9931,-3.9607124
CC(C)[C@H](NC(=O)[C@H](C)[n+]1[c-]n2ccccc2c1)C(=O)N[C@@H](Cc1ccc(O)cc1)C(=O)O,-4.912,-5.943502
CC(C)[C@H](NC(=O)[C@H](C)[n+]1[c-]n2ccccc2c1)C(=O)N[C@@H](Cc1ccccc1)C(=O)O,-6.6453,-9.342365
CC(C)[C@H](NC(=O)[C@H](CC(=O)O)NC(=O)[C@H](CC(N)=O)[n+]1[c-]n2ccccc2c1)C(=O)O,-4.6332,-7.2762365
CC(C)[C@H](NC(=O)[C@H](CC(=O)O)NC(=O)[C@H](Cc1c[nH]cn1)[n+]1[c-]n2ccccc2c1)C(=O)O,-6.0369,-8.128397
CC(C)[C@H](NC(=O)[C@H](CC(=O)O)NC(=O)[C@H](Cc1ccc(O)cc1)[n+]1[c-]n2ccccc2c1)C(=O)O,-2.9612,-5.2098703
CC(C)[C@H](NC(=O)[C@H](CC(=O)O)NC(=O)[C@H]([C@@H](C)O)[n+]1[c-]n2ccccc2c1)C(=O)O,-3.4125,-6.2679434
CC(C)[C@H](NC(=O)[C@H](CC(=O)O)[n+]1[c-]n2ccccc2c1)C(=O)N[C@@H](C)C(=O)O,-7.2061,-4.610198
CC(C)[C@H](NC(=O)[C@H](CC(=O)O)[n+]1[c-]n2ccccc2c1)C(=O)N[C@@H](CO)C(=O)O,-5.6695,-4.956368
CC(C)[C@H](NC(=O)[C@H](CC(=O)O)[n+]1[c-]n2ccccc2c1)C(=O)N[C@@H](Cc1c[nH]cn1)C(=O)O,-7.1928,-6.499076
CC(C)[C@H](NC(=O)[C@H](CC(N)=O)NC(=O)[C@H](C(C)C)[n+]1[c-]n2ccccc2c1)C(=O)O,-8.7587,-10.707539
CC(C)[C@H](NC(=O)[C@H](CC(N)=O)NC(=O)[C@H](C)[n+]1[c-]n2ccccc2c1)C(=O)O,-8.7063,-7.984456
CC(C)[C@H](NC(=O)[C@H](CC(N)=O)NC(=O)[C@H](Cc1ccc(O)cc1)[n+]1[c-]n2ccccc2c1)C(=O)O,-10.2277,-7.4389076
CC(C)[C@H](NC(=O)[C@H](CC(N)=O)NC(=O)[C@H](Cc1ccccc1)[n+]1[c-]n2ccccc2c1)C(=O)O,-7.5055,-8.295632
CC(C)[C@H](NC(=O)[C@H](CC(N)=O)NC(=O)[C@H]([C@@H](C)O)[n+]1[c-]n2ccccc2c1)C(=O)O,-11.1748,-6.288
CC(C)[C@H](NC(=O)[C@H](CC(N)=O)[n+]1[c-]n2ccccc2c1)C(=O)N[C@@H](CCC(=O)O)C(=O)O,-4.019,-6.0477614
CC(C)[C@H](NC(=O)[C@H](CC(N)=O)[n+]1[c-]n2ccccc2c1)C(=O)N[C@@H](CO)C(=O)O,-3.6983,-4.7849817
CC(C)[C@H](NC(=O)[C@H](CCC(=O)O)NC(=O)[C@H](CCC(=O)O)[n+]1[c-]n2ccccc2c1)C(=O)O,-8.9132,-6.3393917
CC(C)[C@H](NC(=O)[C@H](CCC(=O)O)NC(=O)[C@H](CCC(N)=O)[n+]1[c-]n2ccccc2c1)C(=O)O,-12.4824,-9.843098
CC(C)[C@H](NC(=O)[C@H](CCC(=O)O)NC(=O)[C@H](CO)[n+]1[c-]n2ccccc2c1)C(=O)O,-6.1716,-9.032918
CC(C)[C@H](NC(=O)[C@H](CCC(=O)O)NC(=O)[C@H](Cc1ccccc1)[n+]1[c-]n2ccccc2c1)C(=O)O,-7.3051,-7.911561
CC(C)[C@H](NC(=O)[C@H](CCC(=O)O)[n+]1[c-]n2ccccc2c1)C(=O)N[C@@H](CC(N)=O)C(=O)O,-17.0926,-8.3752
CC(C)[C@H](NC(=O)[C@H](CCC(=O)O)[n+]1[c-]n2ccccc2c1)C(=O)O,-4.5365,-3.437159
CC(C)[C@H](NC(=O)[C@H](CCC(N)=O)NC(=O)C[n+]1[c-]n2ccccc2c1)C(=O)O,-9.8034,-10.814117
CC(C)[C@H](NC(=O)[C@H](CCC(N)=O)NC(=O)[C@H](C)[n+]1[c-]n2ccccc2c1)C(=O)O,-9.6715,-8.011801
CC(C)[C@H](NC(=O)[C@H](CCC(N)=O)NC(=O)[C@H](CC(=O)O)[n+]1[c-]n2ccccc2c1)C(=O)O,-11.804,-9.557639
CC(C)[C@H](NC(=O)[C@H](CCC(N)=O)NC(=O)[C@H](Cc1ccc(O)cc1)[n+]1[c-]n2ccccc2c1)C(=O)O,-11.7472,-8.571603
CC(C)[C@H](NC(=O)[C@H](CCC(N)=O)[n+]1[c-]n2ccccc2c1)C(=O)N1CCC[C@H]1C(=O)O,-5.3214,-5.758421
CC(C)[C@H](NC(=O)[C@H](CCC(N)=O)[n+]1[c-]n2ccccc2c1)C(=O)N[C@@H](CCC(=O)O)C(=O)O,-10.4127,-8.1584
CC(C)[C@H](NC(=O)[C@H](CCC(N)=O)[n+]1[c-]n2ccccc2c1)C(=O)N[C@@H](CCCNC(=N)N)C(=O)O,-9.7215,-6.698516
CC(C)[C@H](NC(=O)[C@H](CCC(N)=O)[n+]1[c-]n2ccccc2c1)C(=O)N[C@@H](Cc1c[nH]c2ccccc12)C(=O)O,-6.528,-9.805324
CC(C)[C@H](NC(=O)[C@H](CCC(N)=O)[n+]1[c-]n2ccccc2c1)C(=O)N[C@@H](Cc1c[nH]cn1)C(=O)O,-3.0501,-8.284756
CC(C)[C@H](NC(=O)[C@H](CCC(N)=O)[n+]1[c-]n2ccccc2c1)C(=O)N[C@H](C(=O)O)[C@@H](C)O,-4.2997,-7.868047
CC(C)[C@H](NC(=O)[C@H](CCC(N)=O)[n+]1[c-]n2ccccc2c1)C(=O)O,-5.4248,-4.246351
CC(C)[C@H](NC(=O)[C@H](CCCNC(=N)N)NC(=O)[C@H](CCC(=O)O)[n+]1[c-]n2ccccc2c1)C(=O)O,-5.0729,-11.365668
CC(C)[C@H](NC(=O)[C@H](CCCNC(=N)N)NC(=O)[C@H](Cc1c[nH]cn1)[n+]1[c-]n2ccccc2c1)C(=O)O,-11.8165,-9.678739
CC(C)[C@H](NC(=O)[C@H](CCCNC(=N)N)NC(=O)[C@H]([C@@H](C)O)[n+]1[c-]n2ccccc2c1)C(=O)O,-5.4667,-8.5597315
CC(C)[C@H](NC(=O)[C@H](CCCNC(=N)N)[n+]1[c-]n2ccccc2c1)C(=O)N1CCC[C@H]1C(=O)O,4.3983,-5.2706695
CC(C)[C@H](NC(=O)[C@H](CCCNC(=N)N)[n+]1[c-]n2ccccc2c1)C(=O)N[C@@H](CO)C(=O)O,-6.1422,-8.563465
CC(C)[C@H](NC(=O)[C@H](CCCNC(=N)N)[n+]1[c-]n2ccccc2c1)C(=O)N[C@@H](Cc1c[nH]c2ccccc12)C(=O)O,-0.9678,-6.6129165
CC(C)[C@H](NC(=O)[C@H](CO)NC(=O)[C@H](CCC(N)=O)[n+]1[c-]n2ccccc2c1)C(=O)O,-11.6799,-8.144909
CC(C)[C@H](NC(=O)[C@H](CO)NC(=O)[C@H](CO)[n+]1[c-]n2ccccc2c1)C(=O)O,-2.0546,-8.558748
CC(C)[C@H](NC(=O)[C@H](CO)NC(=O)[C@H](Cc1c[nH]cn1)[n+]1[c-]n2ccccc2c1)C(=O)O,-6.0469,-6.942727
CC(C)[C@H](NC(=O)[C@H](CO)NC(=O)[C@H]([C@@H](C)O)[n+]1[c-]n2ccccc2c1)C(=O)O,-5.6717,-6.745025
CC(C)[C@H](NC(=O)[C@H](CO)[n+]1[c-]n2ccccc2c1)C(=O)NCC(=O)O,-6.2726,-4.094592
CC(C)[C@H](NC(=O)[C@H](CO)[n+]1[c-]n2ccccc2c1)C(=O)N[C@@H](CO)C(=O)O,-4.151,-7.343069
CC(C)[C@H](NC(=O)[C@H](CS)NC(=O)[C@H](C(C)C)[n+]1[c-]n2ccccc2c1)C(=O)O,-9.6381,-9.092235
CC(C)[C@H](NC(=O)[C@H](CS)NC(=O)[C@H](CCC(=O)O)[n+]1[c-]n2ccccc2c1)C(=O)O,-7.176,-11.664736
CC(C)[C@H](NC(=O)[C@H](CS)NC(=O)[C@H](Cc1c[nH]cn1)[n+]1[c-]n2ccccc2c1)C(=O)O,-8.0373,-6.1370063
CC(C)[C@H](NC(=O)[C@H](CS)[n+]1[c-]n2ccccc2c1)C(=O)N[C@@H](CCCNC(=N)N)C(=O)O,-8.3856,-10.316296
CC(C)[C@H](NC(=O)[C@H](CS)[n+]1[c-]n2ccccc2c1)C(=O)N[C@@H](CS)C(=O)O,-8.6061,-5.658892
CC(C)[C@H](NC(=O)[C@H](CS)[n+]1[c-]n2ccccc2c1)C(=O)N[C@@H](Cc1c[nH]c2ccccc12)C(=O)O,-7.394,-8.827998
CC(C)[C@H](NC(=O)[C@H](CS)[n+]1[c-]n2ccccc2c1)C(=O)N[C@@H](Cc1ccc(O)cc1)C(=O)O,-3.144,-8.151339
CC(C)[C@H](NC(=O)[C@H](CS)[n+]1[c-]n2ccccc2c1)C(=O)N[C@H](C(=O)O)[C@@H](C)O,-2.1945,-3.6261516
CC(C)[C@H](NC(=O)[C@H](Cc1c[nH]c2ccccc12)NC(=O)[C@H](CS)[n+]1[c-]n2ccccc2c1)C(=O)O,-3.022,-3.9274569
CC(C)[C@H](NC(=O)[C@H](Cc1c[nH]c2ccccc12)NC(=O)[C@H](Cc1ccccc1)[n+]1[c-]n2ccccc2c1)C(=O)O,-8.0128,-8.989264
CC(C)[C@H](NC(=O)[C@H](Cc1c[nH]c2ccccc12)[n+]1[c-]n2ccccc2c1)C(=O)N[C@@H](CCC(N)=O)C(=O)O,-13.4716,-10.847717
CC(C)[C@H](NC(=O)[C@H](Cc1c[nH]c2ccccc12)[n+]1[c-]n2ccccc2c1)C(=O)N[C@@H](CCCNC(=N)N)C(=O)O,-10.0329,-10.943399
CC(C)[C@H](NC(=O)[C@H](Cc1c[nH]c2ccccc12)[n+]1[c-]n2ccccc2c1)C(=O)N[C@@H](Cc1ccc(O)cc1)C(=O)O,-8.4463,-9.214708
CC(C)[C@H](NC(=O)[C@H](Cc1c[nH]c2ccccc12)[n+]1[c-]n2ccccc2c1)C(=O)O,-4.6458,-4.9353213
CC(C)[C@H](NC(=O)[C@H](Cc1c[nH]cn1)NC(=O)[C@H](C)[n+]1[c-]n2ccccc2c1)C(=O)O,-5.3427,-6.4974823
CC(C)[C@H](NC(=O)[C@H](Cc1c[nH]cn1)NC(=O)[C@H](CC(=O)O)[n+]1[c-]n2ccccc2c1)C(=O)O,-3.4754,-9.221352
CC(C)[C@H](NC(=O)[C@H](Cc1c[nH]cn1)NC(=O)[C@H]([C@@H](C)O)[n+]1[c-]n2ccccc2c1)C(=O)O,-12.0344,-7.233657
CC(C)[C@H](NC(=O)[C@H](Cc1c[nH]cn1)[n+]1[c-]n2ccccc2c1)C(=O)N[C@@H](CCCNC(=N)N)C(=O)O,-2.7682,-7.8593307
CC(C)[C@H](NC(=O)[C@H](Cc1c[nH]cn1)[n+]1[c-]n2ccccc2c1)C(=O)N[C@@H](CS)C(=O)O,-9.3692,-7.9279823
CC(C)[C@H](NC(=O)[C@H](Cc1c[nH]cn1)[n+]1[c-]n2ccccc2c1)C(=O)N[C@@H](Cc1ccc(O)cc1)C(=O)O,-6.9443,-8.697023
CC(C)[C@H](NC(=O)[C@H](Cc1c[nH]cn1)[n+]1[c-]n2ccccc2c1)C(=O)O,-6.2278,-5.0922613
CC(C)[C@H](NC(=O)[C@H](Cc1ccc(O)cc1)NC(=O)[C@H](C(C)C)[n+]1[c-]n2ccccc2c1)C(=O)O,-10.6206,-5.9603057
CC(C)[C@H](NC(=O)[C@H](Cc1ccc(O)cc1)NC(=O)[C@H](CCC(=O)O)[n+]1[c-]n2ccccc2c1)C(=O)O,-10.3248,-8.717549
CC(C)[C@H](NC(=O)[C@H](Cc1ccc(O)cc1)NC(=O)[C@H](Cc1ccc(O)cc1)[n+]1[c-]n2ccccc2c1)C(=O)O,-8.2923,-9.336527
CC(C)[C@H](NC(=O)[C@H](Cc1ccc(O)cc1)[n+]1[c-]n2ccccc2c1)C(=O)NCC(=O)O,-2.681,-3.8327973
CC(C)[C@H](NC(=O)[C@H](Cc1ccc(O)cc1)[n+]1[c-]n2ccccc2c1)C(=O)N[C@@H](CCC(N)=O)C(=O)O,-13.7888,-5.906571
CC(C)[C@H](NC(=O)[C@H](Cc1ccc(O)cc1)[n+]1[c-]n2ccccc2c1)C(=O)N[C@@H](CO)C(=O)O,-4.7774,-5.3118916
CC(C)[C@H](NC(=O)[C@H](Cc1ccc(O)cc1)[n+]1[c-]n2ccccc2c1)C(=O)N[C@@H](Cc1c[nH]c2ccccc12)C(=O)O,-5.4137,-6.847189
CC(C)[C@H](NC(=O)[C@H](Cc1ccc(O)cc1)[n+]1[c-]n2ccccc2c1)C(=O)N[C@@H](Cc1c[nH]cn1)C(=O)O,-8.3535,-6.693712
CC(C)[C@H](NC(=O)[C@H](Cc1ccccc1)NC(=O)[C@H](C(C)C)[n+]1[c-]n2ccccc2c1)C(=O)O,-10.6702,-6.903803
CC(C)[C@H](NC(=O)[C@H](Cc1ccccc1)NC(=O)[C@H](CC(=O)O)[n+]1[c-]n2ccccc2c1)C(=O)O,-4.3363,-6.92942
CC(C)[C@H](NC(=O)[C@H](Cc1ccccc1)NC(=O)[C@H](Cc1c[nH]c2ccccc12)[n+]1[c-]n2ccccc2c1)C(=O)O,-2.9664,-6.597748
CC(C)[C@H](NC(=O)[C@H](Cc1ccccc1)[n+]1[c-]n2ccccc2c1)C(=O)N1CCC[C@H]1C(=O)O,-5.2501,-6.8567505
CC(C)[C@H](NC(=O)[C@H](Cc1ccccc1)[n+]1[c-]n2ccccc2c1)C(=O)N[C@@H](C)C(=O)O,-5.9203,-7.436098
CC(C)[C@H](NC(=O)[C@H](Cc1ccccc1)[n+]1[c-]n2ccccc2c1)C(=O)N[C@@H](CC(N)=O)C(=O)O,-13.9734,-10.93576
CC(C)[C@H](NC(=O)[C@H](Cc1ccccc1)[n+]1[c-]n2ccccc2c1)C(=O)N[C@@H](CCC(N)=O)C(=O)O,-10.9372,-4.9323063
CC(C)[C@H](NC(=O)[C@H](Cc1ccccc1)[n+]1[c-]n2ccccc2c1)C(=O)N[C@@H](Cc1c[nH]c2ccccc12)C(=O)O,-11.5199,-8.332758
CC(C)[C@H](NC(=O)[C@H](Cc1ccccc1)[n+]1[c-]n2ccccc2c1)C(=O)N[C@@H](Cc1c[nH]cn1)C(=O)O,-6.3893,-7.7714605
CC(C)[C@H](NC(=O)[C@H](Cc1ccccc1)[n+]1[c-]n2ccccc2c1)C(=O)N[C@H](C(=O)O)[C@@H](C)O,-4.29,-4.2229195
CC(C)[C@H](NC(=O)[C@H]([C@@H](C)O)[n+]1[c-]n2ccccc2c1)C(=O)N1CCC[C@H]1C(=O)O,-2.7791,-8.006183
CC(C)[C@H](NC(=O)[C@H]([C@@H](C)O)[n+]1[c-]n2ccccc2c1)C(=O)N[C@@H](CC(N)=O)C(=O)O,-9.3061,-10.133114
CC(C)[C@H](NC(=O)[C@H]([C@@H](C)O)[n+]1[c-]n2ccccc2c1)C(=O)N[C@@H](CCCNC(=N)N)C(=O)O,-9.923,-6.9678745
CC(C)[C@H](NC(=O)[C@H]([C@@H](C)O)[n+]1[c-]n2ccccc2c1)C(=O)N[C@@H](Cc1ccc(O)cc1)C(=O)O,-9.3588,-8.101221
CC[C@H](C)[C@@H](C(=O)N1CCC[C@H]1C(=O)N[C@@H](CC(N)=O)C(=O)O)[n+]1[c-]n2ccccc2c1,-7.4458,-8.677171
CC[C@H](C)[C@@H](C(=O)N1CCC[C@H]1C(=O)N[C@@H](CCC(N)=O)C(=O)O)[n+]1[c-]n2ccccc2c1,-10.9402,-6.9424405
CC[C@H](C)[C@@H](C(=O)NCC(=O)N1CCC[C@H]1C(=O)O)[n+]1[c-]n2ccccc2c1,-4.5973,-6.3323975
CC[C@H](C)[C@@H](C(=O)NCC(=O)N[C@@H](CC(=O)O)C(=O)O)[n+]1[c-]n2ccccc2c1,-9.8391,-9.461985
CC[C@H](C)[C@@H](C(=O)NCC(=O)N[C@@H](CCCNC(=N)N)C(=O)O)[n+]1[c-]n2ccccc2c1,-10.7517,-11.132434
CC[C@H](C)[C@@H](C(=O)NCC(=O)N[C@@H](CS)C(=O)O)[n+]1[c-]n2ccccc2c1,-8.7647,-7.544341
CC[C@H](C)[C@@H](C(=O)NCC(=O)N[C@@H](Cc1c[nH]cn1)C(=O)O)[n+]1[c-]n2ccccc2c1,-11.6999,-7.8343935
CC[C@H](C)[C@@H](C(=O)N[C@@H](C)C(=O)N[C@@H](CC(=O)O)C(=O)O)[n+]1[c-]n2ccccc2c1,-11.0863,-8.040952
CC[C@H](C)[C@@H](C(=O)N[C@@H](C)C(=O)N[C@@H](CCC(=O)O)C(=O)O)[n+]1[c-]n2ccccc2c1,-15.9125,-9.943396
CC[C@H](C)[C@@H](C(=O)N[C@@H](C)C(=O)N[C@@H](CS)C(=O)O)[n+]1[c-]n2ccccc2c1,-2.9677,-5.8623157
CC[C@H](C)[C@@H](C(=O)N[C@@H](C)C(=O)N[C@@H](Cc1c[nH]c2ccccc12)C(=O)O)[n+]1[c-]n2ccccc2c1,-13.2348,-7.8032694
CC[C@H](C)[C@@H](C(=O)N[C@@H](C)C(=O)N[C@@H](Cc1ccccc1)C(=O)O)[n+]1[c-]n2ccccc2c1,-6.1973,-8.590568
CC[C@H](C)[C@@H](C(=O)N[C@@H](CC(=O)O)C(=O)N[C@@H](C)C(=O)O)[n+]1[c-]n2ccccc2c1,-5.0147,-5.4687676
CC[C@H](C)[C@@H](C(=O)N[C@@H](CC(=O)O)C(=O)N[C@@H](Cc1c[nH]c2ccccc12)C(=O)O)[n+]1[c-]n2ccccc2c1,-12.3382,-10.466511
CC[C@H](C)[C@@H](C(=O)N[C@@H](CC(C)C)C(=O)N[C@@H](CCC(N)=O)C(=O)O)[n+]1[c-]n2ccccc2c1,-11.3925,-11.334542
CC[C@H](C)[C@@H](C(=O)N[C@@H](CC(C)C)C(=O)N[C@@H](CCSC)C(=O)O)[n+]1[c-]n2ccccc2c1,-3.1866,-6.7057843
CC[C@H](C)[C@@H](C(=O)N[C@@H](CC(C)C)C(=O)N[C@@H](CS)C(=O)O)[n+]1[c-]n2ccccc2c1,-4.3931,-5.310771
CC[C@H](C)[C@@H](C(=O)N[C@@H](CC(N)=O)C(=O)N[C@@H](CO)C(=O)O)[n+]1[c-]n2ccccc2c1,-12.9669,-9.591636
CC[C@H](C)[C@@H](C(=O)N[C@@H](CCC(=O)O)C(=O)N[C@@H](CCC(N)=O)C(=O)O)[n+]1[c-]n2ccccc2c1,-19.6562,-8.822924
CC[C@H](C)[C@@H](C(=O)N[C@@H](CCC(N)=O)C(=O)N[C@@H](CC(=O)O)C(=O)O)[n+]1[c-]n2ccccc2c1,-16.9463,-9.915882
CC[C@H](C)[C@@H](C(=O)N[C@@H](CCC(N)=O)C(=O)N[C@@H](CCCNC(=N)N)C(=O)O)[n+]1[c-]n2ccccc2c1,-13.0581,-10.628669
CC[C@H](C)[C@@H](C(=O)N[C@@H](CCC(N)=O)C(=O)N[C@@H](CO)C(=O)O)[n+]1[c-]n2ccccc2c1,-15.3162,-8.875385
CC[C@H](C)[C@@H](C(=O)N[C@@H](CCCNC(=N)N)C(=O)N[C@@H](C)C(=O)O)[n+]1[c-]n2ccccc2c1,-1.7108,-6.46724
CC[C@H](C)[C@@H](C(=O)N[C@@H](CCCNC(=N)N)C(=O)N[C@@H](CCC(N)=O)C(=O)O)[n+]1[c-]n2ccccc2c1,-8.6899,-12.7789545
CC[C@H](C)[C@@H](C(=O)N[C@@H](CCCNC(=N)N)C(=O)N[C@@H](CCSC)C(=O)O)[n+]1[c-]n2ccccc2c1,-11.1276,-7.393727
CC[C@H](C)[C@@H](C(=O)N[C@@H](CCCNC(=N)N)C(=O)N[C@@H](Cc1c[nH]cn1)C(=O)O)[n+]1[c-]n2ccccc2c1,-0.7334,-11.276889
CC[C@H](C)[C@@H](C(=O)N[C@@H](CCCNC(=N)N)C(=O)N[C@H](C(=O)O)[C@@H](C)O)[n+]1[c-]n2ccccc2c1,-11.9107,-7.2712517
CC[C@H](C)[C@@H](C(=O)N[C@@H](CCSC)C(=O)N1CCC[C@H]1C(=O)O)[n+]1[c-]n2ccccc2c1,-8.5568,-5.699282
CC[C@H](C)[C@@H](C(=O)N[C@@H](CCSC)C(=O)NCC(=O)O)[n+]1[c-]n2ccccc2c1,-5.0324,-7.5865145
CC[C@H](C)[C@@H](C(=O)N[C@@H](CCSC)C(=O)N[C@@H](CCC(N)=O)C(=O)O)[n+]1[c-]n2ccccc2c1,-13.067,-11.993691
CC[C@H](C)[C@@H](C(=O)N[C@@H](CCSC)C(=O)N[C@@H](Cc1c[nH]cn1)C(=O)O)[n+]1[c-]n2ccccc2c1,-4.605,-6.5749235
CC[C@H](C)[C@@H](C(=O)N[C@@H](CCSC)C(=O)N[C@@H](Cc1ccc(O)cc1)C(=O)O)[n+]1[c-]n2ccccc2c1,-7.2851,-7.945935
CC[C@H](C)[C@@H](C(=O)N[C@@H](CO)C(=O)N[C@@H](CC(N)=O)C(=O)O)[n+]1[c-]n2ccccc2c1,-3.3218,-7.3482966
CC[C@H](C)[C@@H](C(=O)N[C@@H](CO)C(=O)N[C@@H](CO)C(=O)O)[n+]1[c-]n2ccccc2c1,-5.766,-7.9759226
CC[C@H](C)[C@@H](C(=O)N[C@@H](CO)C(=O)N[C@H](C(=O)O)[C@@H](C)O)[n+]1[c-]n2ccccc2c1,-6.6955,-6.5012074
CC[C@H](C)[C@@H](C(=O)N[C@@H](CS)C(=O)N1CCC[C@H]1C(=O)O)[n+]1[c-]n2ccccc2c1,-9.0125,-5.05254
CC[C@H](C)[C@@H](C(=O)N[C@@H](CS)C(=O)N[C@@H](C)C(=O)O)[n+]1[c-]n2ccccc2c1,-5.2298,-8.588406
CC[C@H](C)[C@@H](C(=O)N[C@@H](CS)C(=O)N[C@@H](CC(=O)O)C(=O)O)[n+]1[c-]n2ccccc2c1,-4.3316,-7.9153137
CC[C@H](C)[C@@H](C(=O)N[C@@H](CS)C(=O)N[C@@H](CCC(=O)O)C(=O)O)[n+]1[c-]n2ccccc2c1,-2.5695,-9.997338
CC[C@H](C)[C@@H](C(=O)N[C@@H](CS)C(=O)N[C@@H](CCCNC(=N)N)C(=O)O)[n+]1[c-]n2ccccc2c1,-5.7296,-8.666857
CC[C@H](C)[C@@H](C(=O)N[C@@H](CS)C(=O)N[C@@H](CCSC)C(=O)O)[n+]1[c-]n2ccccc2c1,-3.8473,-6.590251
CC[C@H](C)[C@@H](C(=O)N[C@@H](CS)C(=O)N[C@H](C(=O)O)[C@@H](C)O)[n+]1[c-]n2ccccc2c1,-15.1789,-9.034922
CC[C@H](C)[C@@H](C(=O)N[C@@H](Cc1c[nH]c2ccccc12)C(=O)N1CCC[C@H]1C(=O)O)[n+]1[c-]n2ccccc2c1,-10.7763,-10.639763
CC[C@H](C)[C@@H](C(=O)N[C@@H](Cc1c[nH]c2ccccc12)C(=O)N[C@@H](C)C(=O)O)[n+]1[c-]n2ccccc2c1,-10.6452,-8.457496
CC[C@H](C)[C@@H](C(=O)N[C@@H](Cc1c[nH]c2ccccc12)C(=O)N[C@@H](CCC(N)=O)C(=O)O)[n+]1[c-]n2ccccc2c1,-14.2217,-10.840506
CC[C@H](C)[C@@H](C(=O)N[C@@H](Cc1c[nH]cn1)C(=O)N[C@@H](C)C(=O)O)[n+]1[c-]n2ccccc2c1,-9.3331,-9.269366
CC[C@H](C)[C@@H](C(=O)N[C@@H](Cc1c[nH]cn1)C(=O)N[C@@H](CC(N)=O)C(=O)O)[n+]1[c-]n2ccccc2c1,-9.478,-8.876856
CC[C@H](C)[C@@H](C(=O)N[C@@H](Cc1ccc(O)cc1)C(=O)NCC(=O)O)[n+]1[c-]n2ccccc2c1,-5.8281,-7.211004
CC[C@H](C)[C@@H](C(=O)N[C@@H](Cc1ccc(O)cc1)C(=O)N[C@@H](CC(=O)O)C(=O)O)[n+]1[c-]n2ccccc2c1,-15.7443,-9.863431
CC[C@H](C)[C@@H](C(=O)N[C@@H](Cc1ccc(O)cc1)C(=O)N[C@@H](CO)C(=O)O)[n+]1[c-]n2ccccc2c1,-9.4982,-10.01167
CC[C@H](C)[C@@H](C(=O)N[C@@H](Cc1ccc(O)cc1)C(=O)N[C@@H](Cc1c[nH]cn1)C(=O)O)[n+]1[c-]n2ccccc2c1,-13.8821,-8.20076
CC[C@H](C)[C@@H](C(=O)N[C@@H](Cc1ccccc1)C(=O)N[C@@H](CCC(N)=O)C(=O)O)[n+]1[c-]n2ccccc2c1,-9.9241,-10.13715
CC[C@H](C)[C@@H](C(=O)N[C@@H](Cc1ccccc1)C(=O)N[C@@H](Cc1ccccc1)C(=O)O)[n+]1[c-]n2ccccc2c1,-6.3293,-5.742483
CC[C@H](C)[C@@H](C(=O)N[C@@H](Cc1ccccc1)C(=O)O)[n+]1[c-]n2ccccc2c1,-8.2337,-7.657965
CC[C@H](C)[C@@H](C(=O)N[C@H](C(=O)N[C@@H](C)C(=O)O)C(C)C)[n+]1[c-]n2ccccc2c1,-3.7356,-4.5872073
CC[C@H](C)[C@@H](C(=O)N[C@H](C(=O)N[C@@H](CC(=O)O)C(=O)O)[C@@H](C)O)[n+]1[c-]n2ccccc2c1,-11.9827,-10.672991
CC[C@H](C)[C@@H](C(=O)N[C@H](C(=O)N[C@@H](CC(C)C)C(=O)O)[C@@H](C)O)[n+]1[c-]n2ccccc2c1,-0.3425,-3.976467
CC[C@H](C)[C@@H](C(=O)N[C@H](C(=O)N[C@@H](CCC(=O)O)C(=O)O)C(C)C)[n+]1[c-]n2ccccc2c1,-14.4355,-7.2780485
CC[C@H](C)[C@@H](C(=O)N[C@H](C(=O)N[C@@H](CCSC)C(=O)O)C(C)C)[n+]1[c-]n2ccccc2c1,-4.7697,-5.4906793
CC[C@H](C)[C@@H](C(=O)N[C@H](C(=O)N[C@@H](CO)C(=O)O)C(C)C)[n+]1[c-]n2ccccc2c1,-7.453,-6.6707225
CC[C@H](C)[C@@H](C(=O)N[C@H](C(=O)N[C@@H](CS)C(=O)O)[C@@H](C)O)[n+]1[c-]n2ccccc2c1,0.95,-4.801009
CC[C@H](C)[C@@H](C(=O)N[C@H](C(=O)N[C@@H](Cc1ccc(O)cc1)C(=O)O)C(C)C)[n+]1[c-]n2ccccc2c1,-9.3586,-11.234877
CC[C@H](C)[C@@H](C(=O)N[C@H](C(=O)N[C@H](C(=O)O)[C@@H](C)O)C(C)C)[n+]1[c-]n2ccccc2c1,-5.808,-5.7555695
CC[C@H](C)[C@@H](C(=O)N[C@H](C(=O)O)[C@@H](C)O)[n+]1[c-]n2ccccc2c1,-10.6773,-7.739571
CC[C@H](C)[C@H](NC(=O)CNC(=O)[C@H](CCSC)[n+]1[c-]n2ccccc2c1)C(=O)O,-9.4569,-9.212833
CC[C@H](C)[C@H](NC(=O)C[n+]1[c-]n2ccccc2c1)C(=O)N[C@@H](CC(C)C)C(=O)O,-13.6814,-9.702755
CC[C@H](C)[C@H](NC(=O)[C@@H](NC(=O)C[n+]1[c-]n2ccccc2c1)C(C)C)C(=O)O,-11.9179,-10.046858
CC[C@H](C)[C@H](NC(=O)[C@@H](NC(=O)[C@H](CC(=O)O)[n+]1[c-]n2ccccc2c1)[C@@H](C)O)C(=O)O,-4.2287,-3.813735
CC[C@H](C)[C@H](NC(=O)[C@@H](NC(=O)[C@H](CC(C)C)[n+]1[c-]n2ccccc2c1)[C@@H](C)O)C(=O)O,-1.91,-1.7667885
CC[C@H](C)[C@H](NC(=O)[C@@H](NC(=O)[C@H](CC(N)=O)[n+]1[c-]n2ccccc2c1)[C@@H](C)O)C(=O)O,-9.5894,-6.8363757
CC[C@H](C)[C@H](NC(=O)[C@@H](NC(=O)[C@H](CCC(=O)O)[n+]1[c-]n2ccccc2c1)[C@@H](C)CC)C(=O)O,-2.4531,-2.4376402
CC[C@H](C)[C@H](NC(=O)[C@@H](NC(=O)[C@H](CCCNC(=N)N)[n+]1[c-]n2ccccc2c1)C(C)C)C(=O)O,-9.0071,-6.7346754
CC[C@H](C)[C@H](NC(=O)[C@@H](NC(=O)[C@H](Cc1c[nH]c2ccccc12)[n+]1[c-]n2ccccc2c1)C(C)C)C(=O)O,-10.6057,-3.69382
CC[C@H](C)[C@H](NC(=O)[C@@H](NC(=O)[C@H](Cc1c[nH]cn1)[n+]1[c-]n2ccccc2c1)[C@@H](C)O)C(=O)O,-2.8096,-6.0427094
CC[C@H](C)[C@H](NC(=O)[C@@H](NC(=O)[C@H]([C@@H](C)CC)[n+]1[c-]n2ccccc2c1)C(C)C)C(=O)O,-2.8024,-4.604815
CC[C@H](C)[C@H](NC(=O)[C@@H](NC(=O)[C@H]([C@@H](C)O)[n+]1[c-]n2ccccc2c1)[C@@H](C)CC)C(=O)O,-4.9465,-8.924427
CC[C@H](C)[C@H](NC(=O)[C@@H]1CCCN1C(=O)[C@H](CC(N)=O)[n+]1[c-]n2ccccc2c1)C(=O)O,-4.244,-4.8704977
CC[C@H](C)[C@H](NC(=O)[C@@H]1CCCN1C(=O)[C@H](CCC(=O)O)[n+]1[c-]n2ccccc2c1)C(=O)O,-8.1941,-4.274105
CC[C@H](C)[C@H](NC(=O)[C@@H]1CCCN1C(=O)[C@H](Cc1c[nH]c2ccccc12)[n+]1[c-]n2ccccc2c1)C(=O)O,-8.0668,-5.7829494
CC[C@H](C)[C@H](NC(=O)[C@@H]1CCCN1C(=O)[C@H](Cc1ccccc1)[n+]1[c-]n2ccccc2c1)C(=O)O,-10.6739,-5.133236
CC[C@H](C)[C@H](NC(=O)[C@H](C(C)C)[n+]1[c-]n2ccccc2c1)C(=O)N1CCC[C@H]1C(=O)O,-4.6648,-4.953837
CC[C@H](C)[C@H](NC(=O)[C@H](C(C)C)[n+]1[c-]n2ccccc2c1)C(=O)NCC(=O)O,-3.0511,-4.578946
CC[C@H](C)[C@H](NC(=O)[C@H](C(C)C)[n+]1[c-]n2ccccc2c1)C(=O)N[C@@H](CC(N)=O)C(=O)O,-6.3511,-6.221506
CC[C@H](C)[C@H](NC(=O)[C@H](C(C)C)[n+]1[c-]n2ccccc2c1)C(=O)N[C@@H](CCC(N)=O)C(=O)O,-10.2349,-11.235645
CC[C@H](C)[C@H](NC(=O)[C@H](C(C)C)[n+]1[c-]n2ccccc2c1)C(=O)N[C@@H](CCSC)C(=O)O,-5.334,-5.4341526
CC[C@H](C)[C@H](NC(=O)[C@H](C(C)C)[n+]1[c-]n2ccccc2c1)C(=O)N[C@@H](Cc1ccccc1)C(=O)O,-6.4194,-5.585388
CC[C@H](C)[C@H](NC(=O)[C@H](C)NC(=O)[C@H](CC(C)C)[n+]1[c-]n2ccccc2c1)C(=O)O,-4.6668,-3.696396
CC[C@H](C)[C@H](NC(=O)[C@H](C)NC(=O)[C@H](CS)[n+]1[c-]n2ccccc2c1)C(=O)O,-1.0639,-2.1475859
CC[C@H](C)[C@H](NC(=O)[C@H](C)[n+]1[c-]n2ccccc2c1)C(=O)N[C@@H](CC(N)=O)C(=O)O,-4.4488,-5.6186547
CC[C@H](C)[C@H](NC(=O)[C@H](C)[n+]1[c-]n2ccccc2c1)C(=O)N[C@@H](CCC(=O)O)C(=O)O,-14.4993,-10.045758
CC[C@H](C)[C@H](NC(=O)[C@H](C)[n+]1[c-]n2ccccc2c1)C(=O)N[C@@H](CCC(N)=O)C(=O)O,-8.3597,-9.794617
CC[C@H](C)[C@H](NC(=O)[C@H](C)[n+]1[c-]n2ccccc2c1)C(=O)N[C@H](C(=O)O)[C@@H](C)O,-2.1702,-4.629701
CC[C@H](C)[C@H](NC(=O)[C@H](C)[n+]1[c-]n2ccccc2c1)C(=O)O,-4.9985,-4.3529825
CC[C@H](C)[C@H](NC(=O)[C@H](CC(=O)O)NC(=O)[C@H](Cc1c[nH]cn1)[n+]1[c-]n2ccccc2c1)C(=O)O,-0.3087,-9.225391
CC[C@H](C)[C@H](NC(=O)[C@H](CC(=O)O)[n+]1[c-]n2ccccc2c1)C(=O)N[C@@H](CC(=O)O)C(=O)O,-8.926,-8.015211
CC[C@H](C)[C@H](NC(=O)[C@H](CC(=O)O)[n+]1[c-]n2ccccc2c1)C(=O)N[C@@H](CC(C)C)C(=O)O,-6.737,-8.073542
CC[C@H](C)[C@H](NC(=O)[C@H](CC(=O)O)[n+]1[c-]n2ccccc2c1)C(=O)N[C@@H](CCCNC(=N)N)C(=O)O,-3.9355,-7.1104326
CC[C@H](C)[C@H](NC(=O)[C@H](CC(=O)O)[n+]1[c-]n2ccccc2c1)C(=O)N[C@H](C(=O)O)[C@@H](C)O,-2.3461,-6.024676
CC[C@H](C)[C@H](NC(=O)[C@H](CC(=O)O)[n+]1[c-]n2ccccc2c1)C(=O)O,-2.5266,-4.497996
CC[C@H](C)[C@H](NC(=O)[C@H](CC(C)C)NC(=O)[C@H](CCC(=O)O)[n+]1[c-]n2ccccc2c1)C(=O)O,-6.9201,-7.313177
CC[C@H](C)[C@H](NC(=O)[C@H](CC(C)C)[n+]1[c-]n2ccccc2c1)C(=O)N1CCC[C@H]1C(=O)O,-6.3397,-5.3017335
CC[C@H](C)[C@H](NC(=O)[C@H](CC(C)C)[n+]1[c-]n2ccccc2c1)C(=O)N[C@@H](CC(C)C)C(=O)O,-3.8965,-5.0163555
CC[C@H](C)[C@H](NC(=O)[C@H](CC(C)C)[n+]1[c-]n2ccccc2c1)C(=O)N[C@@H](CCC(=O)O)C(=O)O,-15.5189,-9.258773
CC[C@H](C)[C@H](NC(=O)[C@H](CC(C)C)[n+]1[c-]n2ccccc2c1)C(=O)N[C@@H](CCCNC(=N)N)C(=O)O,-2.1542,-6.547513
CC[C@H](C)[C@H](NC(=O)[C@H](CC(C)C)[n+]1[c-]n2ccccc2c1)C(=O)N[C@@H](CS)C(=O)O,-3.0416,-4.262827
CC[C@H](C)[C@H](NC(=O)[C@H](CC(C)C)[n+]1[c-]n2ccccc2c1)C(=O)O,-4.7854,-4.4206104
CC[C@H](C)[C@H](NC(=O)[C@H](CC(N)=O)NC(=O)[C@H](CCC(N)=O)[n+]1[c-]n2ccccc2c1)C(=O)O,-5.3749,-7.5857363
CC[C@H](C)[C@H](NC(=O)[C@H](CC(N)=O)NC(=O)[C@H](Cc1c[nH]c2ccccc12)[n+]1[c-]n2ccccc2c1)C(=O)O,-7.9428,-8.178309
CC[C@H](C)[C@H](NC(=O)[C@H](CC(N)=O)NC(=O)[C@H](Cc1ccc(O)cc1)[n+]1[c-]n2ccccc2c1)C(=O)O,-6.1844,-9.078914
CC[C@H](C)[C@H](NC(=O)[C@H](CC(N)=O)NC(=O)[C@H]([C@@H](C)CC)[n+]1[c-]n2ccccc2c1)C(=O)O,-9.7293,-7.764369
CC[C@H](C)[C@H](NC(=O)[C@H](CC(N)=O)[n+]1[c-]n2ccccc2c1)C(=O)N[C@@H](CCC(=O)O)C(=O)O,-8.2817,-9.005903
CC[C@H](C)[C@H](NC(=O)[C@H](CC(N)=O)[n+]1[c-]n2ccccc2c1)C(=O)N[C@@H](CS)C(=O)O,-8.1651,-6.3185005
CC[C@H](C)[C@H](NC(=O)[C@H](CC(N)=O)[n+]1[c-]n2ccccc2c1)C(=O)N[C@@H](Cc1c[nH]c2ccccc12)C(=O)O,-10.3881,-8.77545
CC[C@H](C)[C@H](NC(=O)[C@H](CC(N)=O)[n+]1[c-]n2ccccc2c1)C(=O)N[C@H](C(=O)O)C(C)C,-3.6306,-7.1990285
CC[C@H](C)[C@H](NC(=O)[C@H](CC(N)=O)[n+]1[c-]n2ccccc2c1)C(=O)O,-6.6587,-5.3607345
CC[C@H](C)[C@H](NC(=O)[C@H](CCC(=O)O)NC(=O)[C@H](CCC(N)=O)[n+]1[c-]n2ccccc2c1)C(=O)O,-13.0925,-11.206272
CC[C@H](C)[C@H](NC(=O)[C@H](CCC(=O)O)NC(=O)[C@H]([C@@H](C)O)[n+]1[c-]n2ccccc2c1)C(=O)O,-14.6449,-7.6799245
CC[C@H](C)[C@H](NC(=O)[C@H](CCC(=O)O)[n+]1[c-]n2ccccc2c1)C(=O)N[C@@H](CC(N)=O)C(=O)O,-14.514,-9.039829
CC[C@H](C)[C@H](NC(=O)[C@H](CCC(=O)O)[n+]1[c-]n2ccccc2c1)C(=O)N[C@H](C(=O)O)C(C)C,-2.3655,-4.242113
CC[C@H](C)[C@H](NC(=O)[C@H](CCC(=O)O)[n+]1[c-]n2ccccc2c1)C(=O)N[C@H](C(=O)O)[C@@H](C)O,-9.1954,-6.091886
CC[C@H](C)[C@H](NC(=O)[C@H](CCC(N)=O)NC(=O)[C@H](C)[n+]1[c-]n2ccccc2c1)C(=O)O,-12.8251,-7.188302
CC[C@H](C)[C@H](NC(=O)[C@H](CCC(N)=O)NC(=O)[C@H](CC(C)C)[n+]1[c-]n2ccccc2c1)C(=O)O,-10.8859,-8.11274
CC[C@H](C)[C@H](NC(=O)[C@H](CCC(N)=O)NC(=O)[C@H](Cc1c[nH]c2ccccc12)[n+]1[c-]n2ccccc2c1)C(=O)O,-10.3358,-10.820903
CC[C@H](C)[C@H](NC(=O)[C@H](CCC(N)=O)NC(=O)[C@H](Cc1ccccc1)[n+]1[c-]n2ccccc2c1)C(=O)O,-13.9752,-8.050732
CC[C@H](C)[C@H](NC(=O)[C@H](CCC(N)=O)[n+]1[c-]n2ccccc2c1)C(=O)N1CCC[C@H]1C(=O)O,-6.6823,-4.5808163
CC[C@H](C)[C@H](NC(=O)[C@H](CCC(N)=O)[n+]1[c-]n2ccccc2c1)C(=O)N[C@@H](C)C(=O)O,-4.4697,-5.449166
CC[C@H](C)[C@H](NC(=O)[C@H](CCC(N)=O)[n+]1[c-]n2ccccc2c1)C(=O)N[C@@H](CC(C)C)C(=O)O,-5.7693,-8.781067
CC[C@H](C)[C@H](NC(=O)[C@H](CCC(N)=O)[n+]1[c-]n2ccccc2c1)C(=O)N[C@@H](CCC(=O)O)C(=O)O,-8.9945,-7.282031
CC[C@H](C)[C@H](NC(=O)[C@H](CCC(N)=O)[n+]1[c-]n2ccccc2c1)C(=O)N[C@@H](CCC(N)=O)C(=O)O,-2.1809,-5.7742443
CC[C@H](C)[C@H](NC(=O)[C@H](CCC(N)=O)[n+]1[c-]n2ccccc2c1)C(=O)N[C@@H](Cc1c[nH]cn1)C(=O)O,-8.3754,-6.9852934
CC[C@H](C)[C@H](NC(=O)[C@H](CCC(N)=O)[n+]1[c-]n2ccccc2c1)C(=O)N[C@@H](Cc1ccc(O)cc1)C(=O)O,-6.3305,-5.629633
CC[C@H](C)[C@H](NC(=O)[C@H](CCC(N)=O)[n+]1[c-]n2ccccc2c1)C(=O)O,-5.4789,-4.1313286
CC[C@H](C)[C@H](NC(=O)[C@H](CCCNC(=N)N)NC(=O)C[n+]1[c-]n2ccccc2c1)C(=O)O,-9.5496,-11.139582
CC[C@H](C)[C@H](NC(=O)[C@H](CCCNC(=N)N)NC(=O)[C@H](CC(=O)O)[n+]1[c-]n2ccccc2c1)C(=O)O,-8.7704,-6.9877653
CC[C@H](C)[C@H](NC(=O)[C@H](CCCNC(=N)N)NC(=O)[C@H](CC(N)=O)[n+]1[c-]n2ccccc2c1)C(=O)O,-9.9156,-11.454914
CC[C@H](C)[C@H](NC(=O)[C@H](CCCNC(=N)N)NC(=O)[C@H](CCC(=O)O)[n+]1[c-]n2ccccc2c1)C(=O)O,-2.5406,-5.1947613
CC[C@H](C)[C@H](NC(=O)[C@H](CCCNC(=N)N)NC(=O)[C@H](Cc1ccccc1)[n+]1[c-]n2ccccc2c1)C(=O)O,-7.2928,-6.5784416
CC[C@H](C)[C@H](NC(=O)[C@H](CCCNC(=N)N)[n+]1[c-]n2ccccc2c1)C(=O)N[C@@H](CC(N)=O)C(=O)O,-8.3233,-9.180169
CC[C@H](C)[C@H](NC(=O)[C@H](CCSC)NC(=O)C[n+]1[c-]n2ccccc2c1)C(=O)O,-7.3417,-10.389311
CC[C@H](C)[C@H](NC(=O)[C@H](CCSC)NC(=O)[C@H](C(C)C)[n+]1[c-]n2ccccc2c1)C(=O)O,-5.7912,-8.481625
CC[C@H](C)[C@H](NC(=O)[C@H](CCSC)NC(=O)[C@H](C)[n+]1[c-]n2ccccc2c1)C(=O)O,-2.5846,-5.5073595
CC[C@H](C)[C@H](NC(=O)[C@H](CCSC)NC(=O)[C@H](CCC(=O)O)[n+]1[c-]n2ccccc2c1)C(=O)O,-3.91,-6.390501
CC[C@H](C)[C@H](NC(=O)[C@H](CCSC)NC(=O)[C@H](Cc1c[nH]c2ccccc12)[n+]1[c-]n2ccccc2c1)C(=O)O,-9.3739,-9.648813
CC[C@H](C)[C@H](NC(=O)[C@H](CCSC)[n+]1[c-]n2ccccc2c1)C(=O)N[C@@H](CCSC)C(=O)O,-4.4746,-6.411444
CC[C@H](C)[C@H](NC(=O)[C@H](CCSC)[n+]1[c-]n2ccccc2c1)C(=O)N[C@H](C(=O)O)C(C)C,0.6005,-4.20526
CC[C@H](C)[C@H](NC(=O)[C@H](CO)NC(=O)[C@H](CC(=O)O)[n+]1[c-]n2ccccc2c1)C(=O)O,-2.6966,-8.606606
CC[C@H](C)[C@H](NC(=O)[C@H](CO)NC(=O)[C@H](CCCNC(=N)N)[n+]1[c-]n2ccccc2c1)C(=O)O,-3.73,-9.363958
CC[C@H](C)[C@H](NC(=O)[C@H](CO)NC(=O)[C@H](Cc1c[nH]c2ccccc12)[n+]1[c-]n2ccccc2c1)C(=O)O,-7.2175,-4.7356625
CC[C@H](C)[C@H](NC(=O)[C@H](CO)[n+]1[c-]n2ccccc2c1)C(=O)N[C@@H](C)C(=O)O,-9.2929,-7.9409866
CC[C@H](C)[C@H](NC(=O)[C@H](CO)[n+]1[c-]n2ccccc2c1)C(=O)N[C@H](C(=O)O)C(C)C,-9.4433,-10.67392
CC[C@H](C)[C@H](NC(=O)[C@H](CS)NC(=O)[C@H](CC(N)=O)[n+]1[c-]n2ccccc2c1)C(=O)O,-6.5156,-11.04229
CC[C@H](C)[C@H](NC(=O)[C@H](CS)NC(=O)[C@H](CCC(=O)O)[n+]1[c-]n2ccccc2c1)C(=O)O,-2.606,-7.045722
CC[C@H](C)[C@H](NC(=O)[C@H](CS)[n+]1[c-]n2ccccc2c1)C(=O)N[C@@H](CS)C(=O)O,-9.1421,-5.128131
CC[C@H](C)[C@H](NC(=O)[C@H](CS)[n+]1[c-]n2ccccc2c1)C(=O)N[C@H](C(=O)O)C(C)C,-7.731,-7.3465347
CC[C@H](C)[C@H](NC(=O)[C@H](Cc1c[nH]c2ccccc12)NC(=O)C[n+]1[c-]n2ccccc2c1)C(=O)O,-9.0347,-11.351935
CC[C@H](C)[C@H](NC(=O)[C@H](Cc1c[nH]c2ccccc12)NC(=O)[C@H](C)[n+]1[c-]n2ccccc2c1)C(=O)O,-4.2399,-3.409668
CC[C@H](C)[C@H](NC(=O)[C@H](Cc1c[nH]c2ccccc12)NC(=O)[C@H](CC(N)=O)[n+]1[c-]n2ccccc2c1)C(=O)O,-7.9633,-10.200262
CC[C@H](C)[C@H](NC(=O)[C@H](Cc1c[nH]c2ccccc12)[n+]1[c-]n2ccccc2c1)C(=O)N[C@@H](CC(N)=O)C(=O)O,-8.3372,-5.2470627
CC[C@H](C)[C@H](NC(=O)[C@H](Cc1c[nH]c2ccccc12)[n+]1[c-]n2ccccc2c1)C(=O)N[C@@H](CCC(=O)O)C(=O)O,-17.5293,-9.035058
CC[C@H](C)[C@H](NC(=O)[C@H](Cc1c[nH]c2ccccc12)[n+]1[c-]n2ccccc2c1)C(=O)N[C@@H](CCSC)C(=O)O,-5.0828,-4.1669188
CC[C@H](C)[C@H](NC(=O)[C@H](Cc1c[nH]cn1)NC(=O)[C@H](CC(N)=O)[n+]1[c-]n2ccccc2c1)C(=O)O,-8.0741,-5.5964556
CC[C@H](C)[C@H](NC(=O)[C@H](Cc1c[nH]cn1)NC(=O)[C@H](CCC(=O)O)[n+]1[c-]n2ccccc2c1)C(=O)O,-10.7454,-9.75534
CC[C@H](C)[C@H](NC(=O)[C@H](Cc1c[nH]cn1)NC(=O)[C@H](CCSC)[n+]1[c-]n2ccccc2c1)C(=O)O,-6.307,-6.274766
CC[C@H](C)[C@H](NC(=O)[C@H](Cc1c[nH]cn1)NC(=O)[C@H](Cc1c[nH]c2ccccc12)[n+]1[c-]n2ccccc2c1)C(=O)O,-8.6322,-6.431224
CC[C@H](C)[C@H](NC(=O)[C@H](Cc1c[nH]cn1)[n+]1[c-]n2ccccc2c1)C(=O)N[C@@H](C)C(=O)O,-5.3954,-5.748521
CC[C@H](C)[C@H](NC(=O)[C@H](Cc1c[nH]cn1)[n+]1[c-]n2ccccc2c1)C(=O)N[C@@H](CCCNC(=N)N)C(=O)O,-0.449,-7.004311
CC[C@H](C)[C@H](NC(=O)[C@H](Cc1c[nH]cn1)[n+]1[c-]n2ccccc2c1)C(=O)N[C@@H](Cc1ccccc1)C(=O)O,-4.4595,-7.706252
CC[C@H](C)[C@H](NC(=O)[C@H](Cc1c[nH]cn1)[n+]1[c-]n2ccccc2c1)C(=O)O,-7.3055,-5.5906315
CC[C@H](C)[C@H](NC(=O)[C@H](Cc1ccc(O)cc1)NC(=O)[C@H](CC(C)C)[n+]1[c-]n2ccccc2c1)C(=O)O,-7.5033,-7.1386585
CC[C@H](C)[C@H](NC(=O)[C@H](Cc1ccc(O)cc1)NC(=O)[C@H](CCSC)[n+]1[c-]n2ccccc2c1)C(=O)O,-6.0661,-2.3888264
CC[C@H](C)[C@H](NC(=O)[C@H](Cc1ccc(O)cc1)NC(=O)[C@H](CS)[n+]1[c-]n2ccccc2c1)C(=O)O,-3.9984,-5.366546
CC[C@H](C)[C@H](NC(=O)[C@H](Cc1ccc(O)cc1)NC(=O)[C@H](Cc1c[nH]cn1)[n+]1[c-]n2ccccc2c1)C(=O)O,-11.808,-9.335598
CC[C@H](C)[C@H](NC(=O)[C@H](Cc1ccc(O)cc1)NC(=O)[C@H]([C@@H](C)O)[n+]1[c-]n2ccccc2c1)C(=O)O,-10.4645,-9.177779
CC[C@H](C)[C@H](NC(=O)[C@H](Cc1ccc(O)cc1)[n+]1[c-]n2ccccc2c1)C(=O)N[C@@H](CCSC)C(=O)O,-4.0372,-5.2776446
CC[C@H](C)[C@H](NC(=O)[C@H](Cc1ccc(O)cc1)[n+]1[c-]n2ccccc2c1)C(=O)N[C@@H](Cc1c[nH]c2ccccc12)C(=O)O,-8.2681,-8.91964
CC[C@H](C)[C@H](NC(=O)[C@H](Cc1ccccc1)[n+]1[c-]n2ccccc2c1)C(=O)N[C@@H](Cc1ccccc1)C(=O)O,-3.8114,-8.430286
CC[C@H](C)[C@H](NC(=O)[C@H]([C@@H](C)CC)[n+]1[c-]n2ccccc2c1)C(=O)N1CCC[C@H]1C(=O)O,-4.9416,-6.2265706
CC[C@H](C)[C@H](NC(=O)[C@H]([C@@H](C)CC)[n+]1[c-]n2ccccc2c1)C(=O)NCC(=O)O,-4.5412,-4.3818994
CC[C@H](C)[C@H](NC(=O)[C@H]([C@@H](C)CC)[n+]1[c-]n2ccccc2c1)C(=O)N[C@@H](CCCNC(=N)N)C(=O)O,-11.3526,-9.187405
CC[C@H](C)[C@H](NC(=O)[C@H]([C@@H](C)CC)[n+]1[c-]n2ccccc2c1)C(=O)N[C@@H](Cc1c[nH]c2ccccc12)C(=O)O,-11.2928,-7.9543924
CC[C@H](C)[C@H](NC(=O)[C@H]([C@@H](C)CC)[n+]1[c-]n2ccccc2c1)C(=O)N[C@@H](Cc1ccc(O)cc1)C(=O)O,-9.649,-8.020424
CC[C@H](C)[C@H](NC(=O)[C@H]([C@@H](C)CC)[n+]1[c-]n2ccccc2c1)C(=O)N[C@H](C(=O)O)[C@@H](C)O,-8.4219,-6.2541795
CC[C@H](C)[C@H](NC(=O)[C@H]([C@@H](C)CC)[n+]1[c-]n2ccccc2c1)C(=O)O,-5.4726,-4.625632
CC[C@H](C)[C@H](NC(=O)[C@H]([C@@H](C)O)[n+]1[c-]n2ccccc2c1)C(=O)N[C@@H](CCC(=O)O)C(=O)O,-6.4353,-9.274391
CC[C@H](C)[C@H](NC(=O)[C@H]([C@@H](C)O)[n+]1[c-]n2ccccc2c1)C(=O)N[C@@H](CO)C(=O)O,-8.652,-8.676531
CC[C@H](C)[C@H](NC(=O)[C@H]([C@@H](C)O)[n+]1[c-]n2ccccc2c1)C(=O)N[C@H](C(=O)O)C(C)C,-8.462,-5.9355555
CSCC[C@@H](C(=O)N1CCC[C@H]1C(=O)NCC(=O)O)[n+]1[c-]n2ccccc2c1,-2.1316,-4.9021626
CSCC[C@@H](C(=O)N1CCC[C@H]1C(=O)N[C@@H](C)C(=O)O)[n+]1[c-]n2ccccc2c1,-5.559,-5.2915597
CSCC[C@@H](C(=O)N1CCC[C@H]1C(=O)N[C@@H](CCC(=O)O)C(=O)O)[n+]1[c-]n2ccccc2c1,-7.582,-7.15595
CSCC[C@@H](C(=O)N1CCC[C@H]1C(=O)N[C@@H](Cc1c[nH]c2ccccc12)C(=O)O)[n+]1[c-]n2ccccc2c1,-9.336,-8.401449
CSCC[C@@H](C(=O)NCC(=O)N[C@@H](CCC(=O)O)C(=O)O)[n+]1[c-]n2ccccc2c1,-15.1123,-8.636694
CSCC[C@@H](C(=O)NCC(=O)N[C@@H](CCC(N)=O)C(=O)O)[n+]1[c-]n2ccccc2c1,-13.912,-10.85688
CSCC[C@@H](C(=O)NCC(=O)N[C@@H](CO)C(=O)O)[n+]1[c-]n2ccccc2c1,-4.1283,-6.1375937
CSCC[C@@H](C(=O)NCC(=O)N[C@@H](CS)C(=O)O)[n+]1[c-]n2ccccc2c1,-8.1312,-6.8900847
CSCC[C@@H](C(=O)NCC(=O)N[C@@H](Cc1c[nH]c2ccccc12)C(=O)O)[n+]1[c-]n2ccccc2c1,-8.9943,-8.903159
CSCC[C@@H](C(=O)N[C@@H](C)C(=O)N[C@@H](CC(=O)O)C(=O)O)[n+]1[c-]n2ccccc2c1,-6.5193,-7.2252626
CSCC[C@@H](C(=O)N[C@@H](C)C(=O)N[C@@H](CC(N)=O)C(=O)O)[n+]1[c-]n2ccccc2c1,-13.138,-6.083066
CSCC[C@@H](C(=O)N[C@@H](C)C(=O)N[C@@H](CO)C(=O)O)[n+]1[c-]n2ccccc2c1,-6.2092,-7.3412113
CSCC[C@@H](C(=O)N[C@@H](C)C(=O)N[C@H](C(=O)O)[C@@H](C)O)[n+]1[c-]n2ccccc2c1,-5.6494,-6.7144747
CSCC[C@@H](C(=O)N[C@@H](C)C(=O)O)[n+]1[c-]n2ccccc2c1,-2.2394,-4.806586
CSCC[C@@H](C(=O)N[C@@H](CC(=O)O)C(=O)N[C@@H](CCC(=O)O)C(=O)O)[n+]1[c-]n2ccccc2c1,-8.7846,-9.419943
CSCC[C@@H](C(=O)N[C@@H](CC(=O)O)C(=O)N[C@@H](CCCNC(=N)N)C(=O)O)[n+]1[c-]n2ccccc2c1,-10.6732,-5.63723
CSCC[C@@H](C(=O)N[C@@H](CC(=O)O)C(=O)N[C@@H](CO)C(=O)O)[n+]1[c-]n2ccccc2c1,-2.6599,-7.0168457
CSCC[C@@H](C(=O)N[C@@H](CC(=O)O)C(=O)N[C@@H](Cc1ccc(O)cc1)C(=O)O)[n+]1[c-]n2ccccc2c1,-7.1426,-6.5901127
CSCC[C@@H](C(=O)N[C@@H](CC(=O)O)C(=O)N[C@@H](Cc1ccccc1)C(=O)O)[n+]1[c-]n2ccccc2c1,-6.4313,-5.9897075
CSCC[C@@H](C(=O)N[C@@H](CC(=O)O)C(=O)N[C@H](C(=O)O)C(C)C)[n+]1[c-]n2ccccc2c1,-4.6494,-5.8605514
CSCC[C@@H](C(=O)N[C@@H](CC(C)C)C(=O)NCC(=O)O)[n+]1[c-]n2ccccc2c1,-2.7241,-5.9093943
CSCC[C@@H](C(=O)N[C@@H](CC(C)C)C(=O)N[C@@H](Cc1ccc(O)cc1)C(=O)O)[n+]1[c-]n2ccccc2c1,-5.1395,-5.9933014
CSCC[C@@H](C(=O)N[C@@H](CC(N)=O)C(=O)N1CCC[C@H]1C(=O)O)[n+]1[c-]n2ccccc2c1,-9.9466,-4.436428
CSCC[C@@H](C(=O)N[C@@H](CC(N)=O)C(=O)N[C@@H](CC(N)=O)C(=O)O)[n+]1[c-]n2ccccc2c1,-11.2777,-9.309736
CSCC[C@@H](C(=O)N[C@@H](CC(N)=O)C(=O)N[C@@H](CCCNC(=N)N)C(=O)O)[n+]1[c-]n2ccccc2c1,-1.756,-9.734869
CSCC[C@@H](C(=O)N[C@@H](CC(N)=O)C(=O)N[C@@H](CS)C(=O)O)[n+]1[c-]n2ccccc2c1,-0.7423,-6.464628
CSCC[C@@H](C(=O)N[C@@H](CC(N)=O)C(=O)N[C@@H](Cc1c[nH]c2ccccc12)C(=O)O)[n+]1[c-]n2ccccc2c1,-10.8287,-8.350185
CSCC[C@@H](C(=O)N[C@@H](CC(N)=O)C(=O)N[C@@H](Cc1ccccc1)C(=O)O)[n+]1[c-]n2ccccc2c1,-9.67,-7.2922435
CSCC[C@@H](C(=O)N[C@@H](CCC(=O)O)C(=O)N[C@@H](CCC(N)=O)C(=O)O)[n+]1[c-]n2ccccc2c1,-12.6306,-8.493336
CSCC[C@@H](C(=O)N[C@@H](CCC(=O)O)C(=O)N[C@H](C(=O)O)C(C)C)[n+]1[c-]n2ccccc2c1,-6.6295,-9.955641
CSCC[C@@H](C(=O)N[C@@H](CCC(N)=O)C(=O)N[C@@H](CC(N)=O)C(=O)O)[n+]1[c-]n2ccccc2c1,-11.0016,-10.582712
CSCC[C@@H](C(=O)N[C@@H](CCC(N)=O)C(=O)N[C@@H](Cc1c[nH]c2ccccc12)C(=O)O)[n+]1[c-]n2ccccc2c1,-20.5215,-10.960815
CSCC[C@@H](C(=O)N[C@@H](CCC(N)=O)C(=O)N[C@@H](Cc1ccc(O)cc1)C(=O)O)[n+]1[c-]n2ccccc2c1,-16.368,-9.936295
CSCC[C@@H](C(=O)N[C@@H](CCC(N)=O)C(=O)N[C@@H](Cc1ccccc1)C(=O)O)[n+]1[c-]n2ccccc2c1,-12.5007,-11.419863
CSCC[C@@H](C(=O)N[C@@H](CCC(N)=O)C(=O)O)[n+]1[c-]n2ccccc2c1,-11.7587,-9.703253
CSCC[C@@H](C(=O)N[C@@H](CCCNC(=N)N)C(=O)N[C@@H](C)C(=O)O)[n+]1[c-]n2ccccc2c1,-5.4165,-6.293694
CSCC[C@@H](C(=O)N[C@@H](CCCNC(=N)N)C(=O)N[C@@H](CCC(N)=O)C(=O)O)[n+]1[c-]n2ccccc2c1,-9.6574,-12.227308
CSCC[C@@H](C(=O)N[C@@H](CCCNC(=N)N)C(=O)O)[n+]1[c-]n2ccccc2c1,-11.5371,-12.979751
CSCC[C@@H](C(=O)N[C@@H](CO)C(=O)N[C@@H](CC(C)C)C(=O)O)[n+]1[c-]n2ccccc2c1,1.4782,-5.5681963
CSCC[C@@H](C(=O)N[C@@H](CO)C(=O)N[C@@H](CCC(=O)O)C(=O)O)[n+]1[c-]n2ccccc2c1,-15.4535,-10.66923
CSCC[C@@H](C(=O)N[C@@H](CO)C(=O)N[C@@H](CS)C(=O)O)[n+]1[c-]n2ccccc2c1,-9.1398,-6.7067714
CSCC[C@@H](C(=O)N[C@@H](CO)C(=O)N[C@@H](Cc1ccc(O)cc1)C(=O)O)[n+]1[c-]n2ccccc2c1,-6.4704,-8.21493
CSCC[C@@H](C(=O)N[C@@H](CS)C(=O)N[C@@H](Cc1c[nH]cn1)C(=O)O)[n+]1[c-]n2ccccc2c1,-4.5515,-9.472432
CSCC[C@@H](C(=O)N[C@@H](CS)C(=O)O)[n+]1[c-]n2ccccc2c1,-3.9308,-5.2218237
CSCC[C@@H](C(=O)N[C@@H](Cc1c[nH]c2ccccc12)C(=O)N1CCC[C@H]1C(=O)O)[n+]1[c-]n2ccccc2c1,-9.2869,-8.754479
CSCC[C@@H](C(=O)N[C@@H](Cc1c[nH]cn1)C(=O)N[C@@H](Cc1c[nH]cn1)C(=O)O)[n+]1[c-]n2ccccc2c1,-12.697,-11.537039
CSCC[C@@H](C(=O)N[C@@H](Cc1ccc(O)cc1)C(=O)N1CCC[C@H]1C(=O)O)[n+]1[c-]n2ccccc2c1,-10.4364,-7.7368355
CSCC[C@@H](C(=O)N[C@@H](Cc1ccc(O)cc1)C(=O)N[C@@H](CCCNC(=N)N)C(=O)O)[n+]1[c-]n2ccccc2c1,-11.7261,-11.207284
CSCC[C@@H](C(=O)N[C@@H](Cc1ccc(O)cc1)C(=O)N[C@H](C(=O)O)[C@@H](C)O)[n+]1[c-]n2ccccc2c1,-4.1589,-6.912934
CSCC[C@@H](C(=O)N[C@@H](Cc1ccccc1)C(=O)N[C@@H](CC(=O)O)C(=O)O)[n+]1[c-]n2ccccc2c1,-3.6827,-7.9444447
CSCC[C@@H](C(=O)N[C@@H](Cc1ccccc1)C(=O)N[C@@H](Cc1c[nH]cn1)C(=O)O)[n+]1[c-]n2ccccc2c1,-6.9027,-6.2500005
CSCC[C@@H](C(=O)N[C@@H](Cc1ccccc1)C(=O)O)[n+]1[c-]n2ccccc2c1,-7.4246,-6.1779947
CSCC[C@@H](C(=O)N[C@H](C(=O)N[C@@H](C)C(=O)O)C(C)C)[n+]1[c-]n2ccccc2c1,-2.1215,-2.9326248
CSCC[C@@H](C(=O)N[C@H](C(=O)N[C@@H](CC(=O)O)C(=O)O)C(C)C)[n+]1[c-]n2ccccc2c1,-3.3405,-4.686189
CSCC[C@@H](C(=O)N[C@H](C(=O)N[C@@H](CC(=O)O)C(=O)O)[C@@H](C)O)[n+]1[c-]n2ccccc2c1,-9.8007,-5.6655784
CSCC[C@@H](C(=O)N[C@H](C(=O)N[C@@H](CC(C)C)C(=O)O)[C@@H](C)O)[n+]1[c-]n2ccccc2c1,-2.308,-2.9296532
CSCC[C@@H](C(=O)N[C@H](C(=O)N[C@@H](CCC(N)=O)C(=O)O)[C@@H](C)O)[n+]1[c-]n2ccccc2c1,-9.9389,-11.114454
CSCC[C@@H](C(=O)N[C@H](C(=O)N[C@@H](CCCNC(=N)N)C(=O)O)C(C)C)[n+]1[c-]n2ccccc2c1,-4.2619,-9.88314
CSCC[C@@H](C(=O)N[C@H](C(=O)N[C@@H](CO)C(=O)O)[C@@H](C)O)[n+]1[c-]n2ccccc2c1,0.0092,-7.674734
CSCC[C@@H](C(=O)N[C@H](C(=O)N[C@@H](CS)C(=O)O)[C@@H](C)O)[n+]1[c-]n2ccccc2c1,-5.1279,-6.3974113
CSCC[C@@H](C(=O)N[C@H](C(=O)N[C@@H](Cc1c[nH]c2ccccc12)C(=O)O)C(C)C)[n+]1[c-]n2ccccc2c1,-10.133,-9.393267
CSCC[C@@H](C(=O)N[C@H](C(=O)N[C@@H](Cc1ccccc1)C(=O)O)[C@@H](C)O)[n+]1[c-]n2ccccc2c1,-3.4336,-6.488924
CSCC[C@@H](C(=O)N[C@H](C(=O)N[C@H](C(=O)O)[C@@H](C)O)[C@@H](C)O)[n+]1[c-]n2ccccc2c1,-3.7789,-7.898943
CSCC[C@H](NC(=O)CNC(=O)[C@H](CC(C)C)[n+]1[c-]n2ccccc2c1)C(=O)O,-9.1799,-8.723497
CSCC[C@H](NC(=O)CNC(=O)[C@H](CCCNC(=N)N)[n+]1[c-]n2ccccc2c1)C(=O)O,-11.8134,-9.196241
CSCC[C@H](NC(=O)CNC(=O)[C@H](Cc1ccccc1)[n+]1[c-]n2ccccc2c1)C(=O)O,-13.5517,-9.789471
CSCC[C@H](NC(=O)CNC(=O)[C@H]([C@@H](C)O)[n+]1[c-]n2ccccc2c1)C(=O)O,-9.2739,-10.128672
CSCC[C@H](NC(=O)C[n+]1[c-]n2ccccc2c1)C(=O)N[C@@H](CC(N)=O)C(=O)O,-15.1695,-11.205138
CSCC[C@H](NC(=O)C[n+]1[c-]n2ccccc2c1)C(=O)N[C@@H](CCC(=O)O)C(=O)O,-10.8508,-11.429282
CSCC[C@H](NC(=O)C[n+]1[c-]n2ccccc2c1)C(=O)N[C@@H](CO)C(=O)O,-8.125,-10.531771
CSCC[C@H](NC(=O)C[n+]1[c-]n2ccccc2c1)C(=O)N[C@@H](CS)C(=O)O,-6.8965,-10.263932
CSCC[C@H](NC(=O)C[n+]1[c-]n2ccccc2c1)C(=O)O,-7.7566,-9.043688
CSCC[C@H](NC(=O)[C@@H](NC(=O)[C@H](CC(=O)O)[n+]1[c-]n2ccccc2c1)C(C)C)C(=O)O,-5.9209,-7.249341
CSCC[C@H](NC(=O)[C@@H](NC(=O)[C@H](CC(C)C)[n+]1[c-]n2ccccc2c1)C(C)C)C(=O)O,-3.4374,-4.263997
CSCC[C@H](NC(=O)[C@@H](NC(=O)[C@H](CC(N)=O)[n+]1[c-]n2ccccc2c1)C(C)C)C(=O)O,-1.0129,-6.416937
CSCC[C@H](NC(=O)[C@@H](NC(=O)[C@H](CCC(=O)O)[n+]1[c-]n2ccccc2c1)C(C)C)C(=O)O,-5.8652,-7.5814676
CSCC[C@H](NC(=O)[C@@H](NC(=O)[C@H](CCSC)[n+]1[c-]n2ccccc2c1)C(C)C)C(=O)O,-4.494,-4.706753
CSCC[C@H](NC(=O)[C@@H](NC(=O)[C@H](Cc1ccc(O)cc1)[n+]1[c-]n2ccccc2c1)[C@@H](C)O)C(=O)O,-8.7732,-7.0393486
CSCC[C@H](NC(=O)[C@@H]1CCCN1C(=O)[C@H](CCC(=O)O)[n+]1[c-]n2ccccc2c1)C(=O)O,-10.976,-6.203182
CSCC[C@H](NC(=O)[C@@H]1CCCN1C(=O)[C@H](CCC(N)=O)[n+]1[c-]n2ccccc2c1)C(=O)O,-11.9186,-7.4489264
CSCC[C@H](NC(=O)[C@@H]1CCCN1C(=O)[C@H](CCSC)[n+]1[c-]n2ccccc2c1)C(=O)O,-4.528,-5.6601477
CSCC[C@H](NC(=O)[C@@H]1CCCN1C(=O)[C@H](CS)[n+]1[c-]n2ccccc2c1)C(=O)O,-11.8267,-7.225011
CSCC[C@H](NC(=O)[C@H](C(C)C)[n+]1[c-]n2ccccc2c1)C(=O)O,-9.3565,-8.7170105
CSCC[C@H](NC(=O)[C@H](C)NC(=O)C[n+]1[c-]n2ccccc2c1)C(=O)O,-12.3467,-11.043623
CSCC[C@H](NC(=O)[C@H](C)NC(=O)[C@H](CC(=O)O)[n+]1[c-]n2ccccc2c1)C(=O)O,-1.9571,-8.274784
CSCC[C@H](NC(=O)[C@H](C)NC(=O)[C@H](CS)[n+]1[c-]n2ccccc2c1)C(=O)O,-9.8267,-6.3886347
CSCC[C@H](NC(=O)[C@H](C)NC(=O)[C@H](Cc1ccc(O)cc1)[n+]1[c-]n2ccccc2c1)C(=O)O,1.6266,-7.4181323
CSCC[C@H](NC(=O)[C@H](C)[n+]1[c-]n2ccccc2c1)C(=O)NCC(=O)O,-9.7594,-6.7296944
CSCC[C@H](NC(=O)[C@H](C)[n+]1[c-]n2ccccc2c1)C(=O)N[C@@H](Cc1c[nH]c2ccccc12)C(=O)O,-10.117,-11.325416
CSCC[C@H](NC(=O)[C@H](C)[n+]1[c-]n2ccccc2c1)C(=O)O,-6.4438,-8.431181
CSCC[C@H](NC(=O)[C@H](CC(=O)O)NC(=O)C[n+]1[c-]n2ccccc2c1)C(=O)O,-16.3246,-11.15171
CSCC[C@H](NC(=O)[C@H](CC(=O)O)NC(=O)[C@H](CCSC)[n+]1[c-]n2ccccc2c1)C(=O)O,-3.3926,-4.188593
CSCC[C@H](NC(=O)[C@H](CC(=O)O)NC(=O)[C@H](CS)[n+]1[c-]n2ccccc2c1)C(=O)O,-8.9604,-7.458905
CSCC[C@H](NC(=O)[C@H](CC(=O)O)NC(=O)[C@H](Cc1c[nH]c2ccccc12)[n+]1[c-]n2ccccc2c1)C(=O)O,-7.5093,-3.55516
CSCC[C@H](NC(=O)[C@H](CC(=O)O)[n+]1[c-]n2ccccc2c1)C(=O)N[C@@H](CC(C)C)C(=O)O,-4.1413,-6.048357
CSCC[C@H](NC(=O)[C@H](CC(=O)O)[n+]1[c-]n2ccccc2c1)C(=O)N[C@@H](CC(N)=O)C(=O)O,-13.1471,-9.603782
CSCC[C@H](NC(=O)[C@H](CC(=O)O)[n+]1[c-]n2ccccc2c1)C(=O)N[C@@H](CCC(=O)O)C(=O)O,-7.3213,-8.088299
CSCC[C@H](NC(=O)[C@H](CC(=O)O)[n+]1[c-]n2ccccc2c1)C(=O)N[C@@H](CCCNC(=N)N)C(=O)O,-13.5253,-11.7181225
CSCC[C@H](NC(=O)[C@H](CC(=O)O)[n+]1[c-]n2ccccc2c1)C(=O)N[C@@H](Cc1c[nH]c2ccccc12)C(=O)O,-9.7654,-7.761244
CSCC[C@H](NC(=O)[C@H](CC(C)C)NC(=O)C[n+]1[c-]n2ccccc2c1)C(=O)O,-13.3407,-10.531548
CSCC[C@H](NC(=O)[C@H](CC(C)C)NC(=O)[C@H](CS)[n+]1[c-]n2ccccc2c1)C(=O)O,-12.6175,-12.404659
CSCC[C@H](NC(=O)[C@H](CC(C)C)[n+]1[c-]n2ccccc2c1)C(=O)N1CCC[C@H]1C(=O)O,-3.6788,-5.562424
CSCC[C@H](NC(=O)[C@H](CC(C)C)[n+]1[c-]n2ccccc2c1)C(=O)N[C@@H](CS)C(=O)O,-5.0108,-8.24029
CSCC[C@H](NC(=O)[C@H](CC(C)C)[n+]1[c-]n2ccccc2c1)C(=O)N[C@H](C(=O)O)[C@@H](C)O,-7.4683,-5.9906225
CSCC[C@H](NC(=O)[C@H](CC(N)=O)NC(=O)[C@H](C)[n+]1[c-]n2ccccc2c1)C(=O)O,-8.6711,-9.420856
CSCC[C@H](NC(=O)[C@H](CC(N)=O)NC(=O)[C@H](CCC(=O)O)[n+]1[c-]n2ccccc2c1)C(=O)O,-6.846,-6.185708
CSCC[C@H](NC(=O)[C@H](CC(N)=O)NC(=O)[C@H](Cc1c[nH]cn1)[n+]1[c-]n2ccccc2c1)C(=O)O,-6.9598,-6.994754
CSCC[C@H](NC(=O)[C@H](CC(N)=O)NC(=O)[C@H]([C@@H](C)O)[n+]1[c-]n2ccccc2c1)C(=O)O,-8.8853,-10.450349
CSCC[C@H](NC(=O)[C@H](CC(N)=O)[n+]1[c-]n2ccccc2c1)C(=O)N[C@@H](CC(C)C)C(=O)O,-4.9244,-9.589115
CSCC[C@H](NC(=O)[C@H](CC(N)=O)[n+]1[c-]n2ccccc2c1)C(=O)N[C@@H](CCC(=O)O)C(=O)O,-12.4301,-7.1843166
CSCC[C@H](NC(=O)[C@H](CC(N)=O)[n+]1[c-]n2ccccc2c1)C(=O)N[C@H](C(=O)O)[C@@H](C)O,-5.8276,-9.507929
CSCC[C@H](NC(=O)[C@H](CCC(=O)O)NC(=O)C[n+]1[c-]n2ccccc2c1)C(=O)O,-12.5241,-11.758085
CSCC[C@H](NC(=O)[C@H](CCC(=O)O)NC(=O)[C@H](CCC(=O)O)[n+]1[c-]n2ccccc2c1)C(=O)O,-9.9037,-6.7687836
CSCC[C@H](NC(=O)[C@H](CCC(=O)O)[n+]1[c-]n2ccccc2c1)C(=O)NCC(=O)O,-10.1232,-3.6993022
CSCC[C@H](NC(=O)[C@H](CCC(=O)O)[n+]1[c-]n2ccccc2c1)C(=O)N[C@@H](CCC(N)=O)C(=O)O,-4.1232,-8.703264
CSCC[C@H](NC(=O)[C@H](CCC(N)=O)NC(=O)[C@H](C)[n+]1[c-]n2ccccc2c1)C(=O)O,-10.4777,-9.267542
CSCC[C@H](NC(=O)[C@H](CCC(N)=O)NC(=O)[C@H](CC(=O)O)[n+]1[c-]n2ccccc2c1)C(=O)O,-12.0245,-6.9036965
CSCC[C@H](NC(=O)[C@H](CCC(N)=O)NC(=O)[C@H](CC(C)C)[n+]1[c-]n2ccccc2c1)C(=O)O,-14.7382,-8.368381
CSCC[C@H](NC(=O)[C@H](CCC(N)=O)NC(=O)[C@H](CC(N)=O)[n+]1[c-]n2ccccc2c1)C(=O)O,-6.8066,-10.142233
CSCC[C@H](NC(=O)[C@H](CCC(N)=O)NC(=O)[C@H](CCSC)[n+]1[c-]n2ccccc2c1)C(=O)O,-12.5531,-5.2722955
CSCC[C@H](NC(=O)[C@H](CCC(N)=O)NC(=O)[C@H](CO)[n+]1[c-]n2ccccc2c1)C(=O)O,-13.4553,-11.434697
CSCC[C@H](NC(=O)[C@H](CCC(N)=O)NC(=O)[C@H](CS)[n+]1[c-]n2ccccc2c1)C(=O)O,-12.808,-7.6638894
CSCC[C@H](NC(=O)[C@H](CCC(N)=O)NC(=O)[C@H](Cc1ccccc1)[n+]1[c-]n2ccccc2c1)C(=O)O,-13.5989,-11.254282
CSCC[C@H](NC(=O)[C@H](CCC(N)=O)[n+]1[c-]n2ccccc2c1)C(=O)N[C@@H](CC(N)=O)C(=O)O,-12.2617,-8.919876
CSCC[C@H](NC(=O)[C@H](CCC(N)=O)[n+]1[c-]n2ccccc2c1)C(=O)N[C@@H](CCC(N)=O)C(=O)O,-7.5124,-8.361364
CSCC[C@H](NC(=O)[C@H](CCC(N)=O)[n+]1[c-]n2ccccc2c1)C(=O)N[C@@H](Cc1c[nH]c2ccccc12)C(=O)O,-10.7873,-10.089411
CSCC[C@H](NC(=O)[C@H](CCCNC(=N)N)NC(=O)[C@H](C)[n+]1[c-]n2ccccc2c1)C(=O)O,-3.0718,-7.2843747
CSCC[C@H](NC(=O)[C@H](CCCNC(=N)N)NC(=O)[C@H](CCC(=O)O)[n+]1[c-]n2ccccc2c1)C(=O)O,8.2079,-9.83415
CSCC[C@H](NC(=O)[C@H](CCCNC(=N)N)NC(=O)[C@H](CO)[n+]1[c-]n2ccccc2c1)C(=O)O,-11.1348,-12.30633
CSCC[C@H](NC(=O)[C@H](CCCNC(=N)N)[n+]1[c-]n2ccccc2c1)C(=O)NCC(=O)O,-9.9762,-5.196019
CSCC[C@H](NC(=O)[C@H](CCCNC(=N)N)[n+]1[c-]n2ccccc2c1)C(=O)N[C@@H](CC(=O)O)C(=O)O,-12.869,-10.169723
CSCC[C@H](NC(=O)[C@H](CCCNC(=N)N)[n+]1[c-]n2ccccc2c1)C(=O)N[C@@H](Cc1ccc(O)cc1)C(=O)O,-5.7144,-10.280554
CSCC[C@H](NC(=O)[C@H](CCCNC(=N)N)[n+]1[c-]n2ccccc2c1)C(=O)N[C@H](C(=O)O)C(C)C,-11.391,-8.893994
CSCC[C@H](NC(=O)[C@H](CCSC)NC(=O)[C@H](CC(N)=O)[n+]1[c-]n2ccccc2c1)C(=O)O,2.0957,-10.136633
CSCC[C@H](NC(=O)[C@H](CCSC)NC(=O)[C@H](CCC(=O)O)[n+]1[c-]n2ccccc2c1)C(=O)O,-9.421,-9.507938
CSCC[C@H](NC(=O)[C@H](CCSC)NC(=O)[C@H]([C@@H](C)O)[n+]1[c-]n2ccccc2c1)C(=O)O,-3.7338,-7.7283177
CSCC[C@H](NC(=O)[C@H](CCSC)[n+]1[c-]n2ccccc2c1)C(=O)NCC(=O)O,-3.6981,-7.520304
CSCC[C@H](NC(=O)[C@H](CCSC)[n+]1[c-]n2ccccc2c1)C(=O)N[C@@H](CCC(N)=O)C(=O)O,-13.5007,-9.581133
CSCC[C@H](NC(=O)[C@H](CCSC)[n+]1[c-]n2ccccc2c1)C(=O)N[C@@H](CCCNC(=N)N)C(=O)O,-7.8596,-7.0347733
CSCC[C@H](NC(=O)[C@H](CCSC)[n+]1[c-]n2ccccc2c1)C(=O)O,-4.5738,-5.3895836
CSCC[C@H](NC(=O)[C@H](CO)NC(=O)[C@H](CC(=O)O)[n+]1[c-]n2ccccc2c1)C(=O)O,-7.6857,-10.615812
CSCC[C@H](NC(=O)[C@H](CO)NC(=O)[C@H](CCCNC(=N)N)[n+]1[c-]n2ccccc2c1)C(=O)O,-4.8885,-11.133665
CSCC[C@H](NC(=O)[C@H](CS)NC(=O)C[n+]1[c-]n2ccccc2c1)C(=O)O,-14.7416,-11.046708
CSCC[C@H](NC(=O)[C@H](CS)NC(=O)[C@H](Cc1ccccc1)[n+]1[c-]n2ccccc2c1)C(=O)O,-8.8194,-9.909138
CSCC[C@H](NC(=O)[C@H](CS)NC(=O)[C@H]([C@@H](C)O)[n+]1[c-]n2ccccc2c1)C(=O)O,-7.5113,-8.564292
CSCC[C@H](NC(=O)[C@H](CS)[n+]1[c-]n2ccccc2c1)C(=O)NCC(=O)O,-9.8743,-7.9285226
CSCC[C@H](NC(=O)[C@H](CS)[n+]1[c-]n2ccccc2c1)C(=O)N[C@H](C(=O)O)C(C)C,-0.0387,-3.7430162
CSCC[C@H](NC(=O)[C@H](CS)[n+]1[c-]n2ccccc2c1)C(=O)N[C@H](C(=O)O)[C@@H](C)O,-8.5933,-7.7843122
CSCC[C@H](NC(=O)[C@H](CS)[n+]1[c-]n2ccccc2c1)C(=O)O,-5.9736,-4.354289
CSCC[C@H](NC(=O)[C@H](Cc1c[nH]c2ccccc12)NC(=O)[C@H](C(C)C)[n+]1[c-]n2ccccc2c1)C(=O)O,0.2367,-5.645006
CSCC[C@H](NC(=O)[C@H](Cc1c[nH]c2ccccc12)NC(=O)[C@H](CC(=O)O)[n+]1[c-]n2ccccc2c1)C(=O)O,-10.945,-8.089505
CSCC[C@H](NC(=O)[C@H](Cc1c[nH]c2ccccc12)[n+]1[c-]n2ccccc2c1)C(=O)N[C@@H](CCC(=O)O)C(=O)O,-16.5675,-8.465247
CSCC[C@H](NC(=O)[C@H](Cc1c[nH]c2ccccc12)[n+]1[c-]n2ccccc2c1)C(=O)N[C@@H](Cc1c[nH]c2ccccc12)C(=O)O,-4.4317,-6.924088
CSCC[C@H](NC(=O)[C@H](Cc1c[nH]c2ccccc12)[n+]1[c-]n2ccccc2c1)C(=O)N[C@@H](Cc1c[nH]cn1)C(=O)O,-4.3198,-5.969737
CSCC[C@H](NC(=O)[C@H](Cc1c[nH]cn1)NC(=O)[C@H](Cc1c[nH]c2ccccc12)[n+]1[c-]n2ccccc2c1)C(=O)O,-10.2645,-8.344524
CSCC[C@H](NC(=O)[C@H](Cc1c[nH]cn1)NC(=O)[C@H](Cc1c[nH]cn1)[n+]1[c-]n2ccccc2c1)C(=O)O,-10.0334,-8.15654
CSCC[C@H](NC(=O)[C@H](Cc1c[nH]cn1)[n+]1[c-]n2ccccc2c1)C(=O)NCC(=O)O,-2.7279,-7.294058
CSCC[C@H](NC(=O)[C@H](Cc1c[nH]cn1)[n+]1[c-]n2ccccc2c1)C(=O)N[C@@H](C)C(=O)O,-5.1229,-7.7923636
CSCC[C@H](NC(=O)[C@H](Cc1c[nH]cn1)[n+]1[c-]n2ccccc2c1)C(=O)N[C@@H](CCCNC(=N)N)C(=O)O,-22.3024,-19.818317
CSCC[C@H](NC(=O)[C@H](Cc1ccc(O)cc1)NC(=O)[C@H](CC(N)=O)[n+]1[c-]n2ccccc2c1)C(=O)O,-2.6344,-8.379226
CSCC[C@H](NC(=O)[C@H](Cc1ccc(O)cc1)NC(=O)[C@H](Cc1c[nH]cn1)[n+]1[c-]n2ccccc2c1)C(=O)O,-5.2196,-7.8095255
CSCC[C@H](NC(=O)[C@H](Cc1ccc(O)cc1)NC(=O)[C@H]([C@@H](C)O)[n+]1[c-]n2ccccc2c1)C(=O)O,-7.7077,-6.70004
CSCC[C@H](NC(=O)[C@H](Cc1ccc(O)cc1)[n+]1[c-]n2ccccc2c1)C(=O)N[C@@H](C)C(=O)O,-4.8103,-8.614633
CSCC[C@H](NC(=O)[C@H](Cc1ccc(O)cc1)[n+]1[c-]n2ccccc2c1)C(=O)N[C@@H](CC(=O)O)C(=O)O,-11.6963,-6.9066443
CSCC[C@H](NC(=O)[C@H](Cc1ccc(O)cc1)[n+]1[c-]n2ccccc2c1)C(=O)N[C@@H](CC(N)=O)C(=O)O,-9.9175,-7.29871
CSCC[C@H](NC(=O)[C@H](Cc1ccc(O)cc1)[n+]1[c-]n2ccccc2c1)C(=O)N[C@@H](CCC(N)=O)C(=O)O,-10.1363,-7.8051977
CSCC[C@H](NC(=O)[C@H](Cc1ccc(O)cc1)[n+]1[c-]n2ccccc2c1)C(=O)N[C@@H](Cc1c[nH]c2ccccc12)C(=O)O,-8.7799,-12.135
CSCC[C@H](NC(=O)[C@H](Cc1ccccc1)NC(=O)[C@H](C(C)C)[n+]1[c-]n2ccccc2c1)C(=O)O,-7.1607,-7.3300295
CSCC[C@H](NC(=O)[C@H](Cc1ccccc1)NC(=O)[C@H](C)[n+]1[c-]n2ccccc2c1)C(=O)O,-4.6719,-4.863737
CSCC[C@H](NC(=O)[C@H](Cc1ccccc1)NC(=O)[C@H](CCC(=O)O)[n+]1[c-]n2ccccc2c1)C(=O)O,-4.5066,-12.811789
CSCC[C@H](NC(=O)[C@H](Cc1ccccc1)NC(=O)[C@H](CCCNC(=N)N)[n+]1[c-]n2ccccc2c1)C(=O)O,-11.7268,-9.124077
CSCC[C@H](NC(=O)[C@H](Cc1ccccc1)NC(=O)[C@H](Cc1c[nH]c2ccccc12)[n+]1[c-]n2ccccc2c1)C(=O)O,-8.893,-7.9353657
CSCC[C@H](NC(=O)[C@H](Cc1ccccc1)NC(=O)[C@H]([C@@H](C)O)[n+]1[c-]n2ccccc2c1)C(=O)O,-6.7711,-8.189567
CSCC[C@H](NC(=O)[C@H](Cc1ccccc1)[n+]1[c-]n2ccccc2c1)C(=O)N[C@@H](CC(N)=O)C(=O)O,-13.3142,-8.605143
CSCC[C@H](NC(=O)[C@H](Cc1ccccc1)[n+]1[c-]n2ccccc2c1)C(=O)N[C@@H](CO)C(=O)O,-4.3151,-9.834777
CSCC[C@H](NC(=O)[C@H](Cc1ccccc1)[n+]1[c-]n2ccccc2c1)C(=O)N[C@@H](Cc1ccc(O)cc1)C(=O)O,-6.5835,-9.934802
CSCC[C@H](NC(=O)[C@H]([C@@H](C)O)[n+]1[c-]n2ccccc2c1)C(=O)N[C@@H](CS)C(=O)O,-11.6438,-7.9621496
CSCC[C@H](NC(=O)[C@H]([C@@H](C)O)[n+]1[c-]n2ccccc2c1)C(=O)O,-5.0606,-6.7970767
C[C@@H](C(=O)N1CCC[C@H]1C(=O)NCC(=O)O)[n+]1[c-]n2ccccc2c1,-3.8569,-6.4268904
C[C@@H](C(=O)N1CCC[C@H]1C(=O)N[C@@H](CC(=O)O)C(=O)O)[n+]1[c-]n2ccccc2c1,-6.4084,-7.0517325
C[C@@H](C(=O)N1CCC[C@H]1C(=O)N[C@@H](CCC(=O)O)C(=O)O)[n+]1[c-]n2ccccc2c1,-6.3519,-7.679379
C[C@@H](C(=O)N1CCC[C@H]1C(=O)N[C@@H](CCC(N)=O)C(=O)O)[n+]1[c-]n2ccccc2c1,-10.9636,-7.1553063
C[C@@H](C(=O)N1CCC[C@H]1C(=O)N[C@@H](CO)C(=O)O)[n+]1[c-]n2ccccc2c1,-7.6748,-7.9753113
C[C@@H](C(=O)N1CCC[C@H]1C(=O)N[C@@H](CS)C(=O)O)[n+]1[c-]n2ccccc2c1,-7.8008,-7.356682
C[C@@H](C(=O)N1CCC[C@H]1C(=O)N[C@@H](Cc1ccc(O)cc1)C(=O)O)[n+]1[c-]n2ccccc2c1,-6.3983,-5.6296473
C[C@@H](C(=O)N1CCC[C@H]1C(=O)O)[n+]1[c-]n2ccccc2c1,-2.508,-5.577872
C[C@@H](C(=O)NCC(=O)NCC(=O)O)[n+]1[c-]n2ccccc2c1,-7.8311,-5.3476243
C[C@@H](C(=O)NCC(=O)N[C@@H](CC(=O)O)C(=O)O)[n+]1[c-]n2ccccc2c1,-10.8582,-8.084109
C[C@@H](C(=O)NCC(=O)N[C@@H](CC(N)=O)C(=O)O)[n+]1[c-]n2ccccc2c1,-11.6817,-8.228121
C[C@@H](C(=O)N[C@@H](CC(=O)O)C(=O)N1CCC[C@H]1C(=O)O)[n+]1[c-]n2ccccc2c1,-8.1747,-7.7611027
C[C@@H](C(=O)N[C@@H](CC(=O)O)C(=O)NCC(=O)O)[n+]1[c-]n2ccccc2c1,-6.1013,-8.556746
C[C@@H](C(=O)N[C@@H](CC(=O)O)C(=O)N[C@@H](Cc1c[nH]cn1)C(=O)O)[n+]1[c-]n2ccccc2c1,-11.23,-8.142963
C[C@@H](C(=O)N[C@@H](CC(N)=O)C(=O)N[C@@H](CC(=O)O)C(=O)O)[n+]1[c-]n2ccccc2c1,-17.3077,-14.80439
C[C@@H](C(=O)N[C@@H](CC(N)=O)C(=O)N[C@@H](Cc1ccccc1)C(=O)O)[n+]1[c-]n2ccccc2c1,-9.7373,-7.846414
C[C@@H](C(=O)N[C@@H](CCC(=O)O)C(=O)N[C@@H](CC(N)=O)C(=O)O)[n+]1[c-]n2ccccc2c1,-13.485,-8.561576
C[C@@H](C(=O)N[C@@H](CCC(=O)O)C(=O)N[C@@H](CCC(=O)O)C(=O)O)[n+]1[c-]n2ccccc2c1,-10.7735,-8.723591
C[C@@H](C(=O)N[C@@H](CCC(=O)O)C(=O)N[C@@H](CCCNC(=N)N)C(=O)O)[n+]1[c-]n2ccccc2c1,-18.1674,-14.174372
C[C@@H](C(=O)N[C@@H](CCC(=O)O)C(=O)N[C@@H](Cc1c[nH]c2ccccc12)C(=O)O)[n+]1[c-]n2ccccc2c1,-15.7225,-10.197188
C[C@@H](C(=O)N[C@@H](CCC(N)=O)C(=O)N[C@@H](CC(N)=O)C(=O)O)[n+]1[c-]n2ccccc2c1,-12.2179,-14.325743
C[C@@H](C(=O)N[C@@H](CCC(N)=O)C(=O)N[C@@H](CCC(=O)O)C(=O)O)[n+]1[c-]n2ccccc2c1,-14.1543,-12.778534
C[C@@H](C(=O)N[C@@H](CCCNC(=N)N)C(=O)N[C@@H](CC(=O)O)C(=O)O)[n+]1[c-]n2ccccc2c1,-9.2837,-12.155136
C[C@@H](C(=O)N[C@@H](CCCNC(=N)N)C(=O)N[C@@H](CC(N)=O)C(=O)O)[n+]1[c-]n2ccccc2c1,-14.5012,-11.826022
C[C@@H](C(=O)N[C@@H](CCCNC(=N)N)C(=O)N[C@@H](CCCNC(=N)N)C(=O)O)[n+]1[c-]n2ccccc2c1,-22.0145,-11.109154
C[C@@H](C(=O)N[C@@H](CO)C(=O)N[C@@H](CC(N)=O)C(=O)O)[n+]1[c-]n2ccccc2c1,-11.4692,-6.275927
C[C@@H](C(=O)N[C@@H](CO)C(=O)N[C@@H](CS)C(=O)O)[n+]1[c-]n2ccccc2c1,-4.4421,-4.9167657
C[C@@H](C(=O)N[C@@H](CS)C(=O)N1CCC[C@H]1C(=O)O)[n+]1[c-]n2ccccc2c1,-8.122,-6.960537
C[C@@H](C(=O)N[C@@H](CS)C(=O)N[C@@H](CC(=O)O)C(=O)O)[n+]1[c-]n2ccccc2c1,-9.3398,-7.8113904
C[C@@H](C(=O)N[C@@H](CS)C(=O)N[C@@H](CC(N)=O)C(=O)O)[n+]1[c-]n2ccccc2c1,-10.6855,-9.008028
C[C@@H](C(=O)N[C@@H](CS)C(=O)N[C@@H](CCC(N)=O)C(=O)O)[n+]1[c-]n2ccccc2c1,-15.6134,-9.332216
C[C@@H](C(=O)N[C@@H](CS)C(=O)N[C@@H](Cc1c[nH]c2ccccc12)C(=O)O)[n+]1[c-]n2ccccc2c1,-14.1176,-8.666869
C[C@@H](C(=O)N[C@@H](Cc1c[nH]c2ccccc12)C(=O)N[C@@H](Cc1c[nH]c2ccccc12)C(=O)O)[n+]1[c-]n2ccccc2c1,-5.5729,-8.509929
C[C@@H](C(=O)N[C@@H](Cc1c[nH]c2ccccc12)C(=O)N[C@@H](Cc1ccccc1)C(=O)O)[n+]1[c-]n2ccccc2c1,-11.6582,-10.813544
C[C@@H](C(=O)N[C@@H](Cc1c[nH]cn1)C(=O)N[C@@H](CCCNC(=N)N)C(=O)O)[n+]1[c-]n2ccccc2c1,-13.3165,-11.632565
C[C@@H](C(=O)N[C@@H](Cc1c[nH]cn1)C(=O)N[C@@H](CS)C(=O)O)[n+]1[c-]n2ccccc2c1,-14.7857,-11.785395
C[C@@H](C(=O)N[C@@H](Cc1c[nH]cn1)C(=O)N[C@@H](Cc1ccc(O)cc1)C(=O)O)[n+]1[c-]n2ccccc2c1,-4.9915,-11.2322
C[C@@H](C(=O)N[C@@H](Cc1ccc(O)cc1)C(=O)N1CCC[C@H]1C(=O)O)[n+]1[c-]n2ccccc2c1,-11.4381,-9.668532
C[C@@H](C(=O)N[C@@H](Cc1ccc(O)cc1)C(=O)NCC(=O)O)[n+]1[c-]n2ccccc2c1,-2.9903,-5.4454765
C[C@@H](C(=O)N[C@@H](Cc1ccc(O)cc1)C(=O)N[C@@H](CC(=O)O)C(=O)O)[n+]1[c-]n2ccccc2c1,-14.6711,-10.106041
C[C@@H](C(=O)N[C@@H](Cc1ccc(O)cc1)C(=O)N[C@@H](Cc1c[nH]c2ccccc12)C(=O)O)[n+]1[c-]n2ccccc2c1,-3.4693,-9.293153
C[C@@H](C(=O)N[C@@H](Cc1ccccc1)C(=O)N[C@@H](CC(=O)O)C(=O)O)[n+]1[c-]n2ccccc2c1,-6.2828,-7.9251776
C[C@@H](C(=O)N[C@@H](Cc1ccccc1)C(=O)N[C@@H](CCC(N)=O)C(=O)O)[n+]1[c-]n2ccccc2c1,-17.7297,-9.316042
C[C@@H](C(=O)N[C@@H](Cc1ccccc1)C(=O)N[C@@H](CS)C(=O)O)[n+]1[c-]n2ccccc2c1,-12.9505,-9.713935
C[C@@H](O)[C@@H](C(=O)N1CCC[C@H]1C(=O)N1CCC[C@H]1C(=O)O)[n+]1[c-]n2ccccc2c1,-7.6195,-7.649452
C[C@@H](O)[C@@H](C(=O)N1CCC[C@H]1C(=O)NCC(=O)O)[n+]1[c-]n2ccccc2c1,-3.7056,-5.8652744
C[C@@H](O)[C@@H](C(=O)N1CCC[C@H]1C(=O)N[C@@H](CCCNC(=N)N)C(=O)O)[n+]1[c-]n2ccccc2c1,-5.4631,-10.078722
C[C@@H](O)[C@@H](C(=O)NCC(=O)N1CCC[C@H]1C(=O)O)[n+]1[c-]n2ccccc2c1,-5.1923,-8.335904
C[C@@H](O)[C@@H](C(=O)NCC(=O)N[C@@H](CCCNC(=N)N)C(=O)O)[n+]1[c-]n2ccccc2c1,-11.8858,-10.56345
C[C@@H](O)[C@@H](C(=O)NCC(=O)N[C@@H](Cc1c[nH]cn1)C(=O)O)[n+]1[c-]n2ccccc2c1,-12.3393,-11.535171
C[C@@H](O)[C@@H](C(=O)N[C@@H](CC(=O)O)C(=O)N1CCC[C@H]1C(=O)O)[n+]1[c-]n2ccccc2c1,-7.6746,-8.782228
C[C@@H](O)[C@@H](C(=O)N[C@@H](CC(=O)O)C(=O)N[C@@H](CCC(N)=O)C(=O)O)[n+]1[c-]n2ccccc2c1,-10.4104,-11.529694
C[C@@H](O)[C@@H](C(=O)N[C@@H](CC(=O)O)C(=O)N[C@@H](CCCNC(=N)N)C(=O)O)[n+]1[c-]n2ccccc2c1,-4.9831,-10.489485
C[C@@H](O)[C@@H](C(=O)N[C@@H](CC(=O)O)C(=O)N[C@@H](CS)C(=O)O)[n+]1[c-]n2ccccc2c1,-3.3475,-8.757123
C[C@@H](O)[C@@H](C(=O)N[C@@H](CC(N)=O)C(=O)NCC(=O)O)[n+]1[c-]n2ccccc2c1,-4.7089,-7.695368
C[C@@H](O)[C@@H](C(=O)N[C@@H](CC(N)=O)C(=O)N[C@@H](CCC(=O)O)C(=O)O)[n+]1[c-]n2ccccc2c1,-8.2731,-11.975614
C[C@@H](O)[C@@H](C(=O)N[C@@H](CC(N)=O)C(=O)N[C@@H](CO)C(=O)O)[n+]1[c-]n2ccccc2c1,-12.9905,-5.9944973
C[C@@H](O)[C@@H](C(=O)N[C@@H](CCC(=O)O)C(=O)N1CCC[C@H]1C(=O)O)[n+]1[c-]n2ccccc2c1,-14.7932,-8.312716
C[C@@H](O)[C@@H](C(=O)N[C@@H](CCC(=O)O)C(=O)N[C@@H](CCCNC(=N)N)C(=O)O)[n+]1[c-]n2ccccc2c1,-9.1518,-11.263613
C[C@@H](O)[C@@H](C(=O)N[C@@H](CCC(=O)O)C(=O)N[C@@H](Cc1c[nH]c2ccccc12)C(=O)O)[n+]1[c-]n2ccccc2c1,-21.3011,-9.096854
C[C@@H](O)[C@@H](C(=O)N[C@@H](CCC(N)=O)C(=O)N1CCC[C@H]1C(=O)O)[n+]1[c-]n2ccccc2c1,-14.9773,-11.589665
C[C@@H](O)[C@@H](C(=O)N[C@@H](CCC(N)=O)C(=O)N[C@@H](Cc1ccc(O)cc1)C(=O)O)[n+]1[c-]n2ccccc2c1,-15.3582,-10.228244
C[C@@H](O)[C@@H](C(=O)N[C@@H](CCC(N)=O)C(=O)O)[n+]1[c-]n2ccccc2c1,-7.8609,-11.250677
C[C@@H](O)[C@@H](C(=O)N[C@@H](CCCNC(=N)N)C(=O)N[C@@H](CC(N)=O)C(=O)O)[n+]1[c-]n2ccccc2c1,-4.6437,-7.008992
C[C@@H](O)[C@@H](C(=O)N[C@@H](CCCNC(=N)N)C(=O)N[C@@H](CO)C(=O)O)[n+]1[c-]n2ccccc2c1,-9.3011,-9.429759
C[C@@H](O)[C@@H](C(=O)N[C@@H](CCCNC(=N)N)C(=O)N[C@@H](Cc1c[nH]cn1)C(=O)O)[n+]1[c-]n2ccccc2c1,13.4528,-9.927446
C[C@@H](O)[C@@H](C(=O)N[C@@H](CCCNC(=N)N)C(=O)N[C@@H](Cc1ccccc1)C(=O)O)[n+]1[c-]n2ccccc2c1,-9.9028,-10.060925
C[C@@H](O)[C@@H](C(=O)N[C@@H](CCCNC(=N)N)C(=O)O)[n+]1[c-]n2ccccc2c1,-12.1697,-12.081203
C[C@@H](O)[C@@H](C(=O)N[C@@H](CO)C(=O)N[C@@H](CS)C(=O)O)[n+]1[c-]n2ccccc2c1,-5.3751,-6.625927
C[C@@H](O)[C@@H](C(=O)N[C@@H](CO)C(=O)O)[n+]1[c-]n2ccccc2c1,-4.8604,-6.4577
C[C@@H](O)[C@@H](C(=O)N[C@@H](CS)C(=O)NCC(=O)O)[n+]1[c-]n2ccccc2c1,-0.8921,-6.593258
C[C@@H](O)[C@@H](C(=O)N[C@@H](CS)C(=O)N[C@@H](CCC(N)=O)C(=O)O)[n+]1[c-]n2ccccc2c1,-13.5439,-10.743454
C[C@@H](O)[C@@H](C(=O)N[C@@H](CS)C(=O)N[C@@H](CS)C(=O)O)[n+]1[c-]n2ccccc2c1,-8.5497,-8.224226
C[C@@H](O)[C@@H](C(=O)N[C@@H](CS)C(=O)N[C@@H](Cc1c[nH]c2ccccc12)C(=O)O)[n+]1[c-]n2ccccc2c1,-12.3558,-9.079199
C[C@@H](O)[C@@H](C(=O)N[C@@H](Cc1c[nH]c2ccccc12)C(=O)N[C@@H](CC(=O)O)C(=O)O)[n+]1[c-]n2ccccc2c1,-18.3106,-11.081583
C[C@@H](O)[C@@H](C(=O)N[C@@H](Cc1c[nH]c2ccccc12)C(=O)N[C@@H](CCCNC(=N)N)C(=O)O)[n+]1[c-]n2ccccc2c1,-18.0502,-10.14191
C[C@@H](O)[C@@H](C(=O)N[C@@H](Cc1c[nH]cn1)C(=O)N[C@@H](CC(=O)O)C(=O)O)[n+]1[c-]n2ccccc2c1,-14.1634,-8.806142
C[C@@H](O)[C@@H](C(=O)N[C@@H](Cc1ccc(O)cc1)C(=O)N1CCC[C@H]1C(=O)O)[n+]1[c-]n2ccccc2c1,-11.1299,-5.7876177
C[C@@H](O)[C@@H](C(=O)N[C@@H](Cc1ccc(O)cc1)C(=O)N[C@@H](CO)C(=O)O)[n+]1[c-]n2ccccc2c1,-8.056,-8.075991
C[C@@H](O)[C@@H](C(=O)N[C@@H](Cc1ccc(O)cc1)C(=O)N[C@@H](Cc1c[nH]c2ccccc12)C(=O)O)[n+]1[c-]n2ccccc2c1,-9.6594,-8.511631
C[C@@H](O)[C@@H](C(=O)N[C@@H](Cc1ccc(O)cc1)C(=O)N[C@@H](Cc1ccccc1)C(=O)O)[n+]1[c-]n2ccccc2c1,-6.3986,-10.187702
C[C@@H](O)[C@@H](C(=O)N[C@@H](Cc1ccccc1)C(=O)N[C@@H](CO)C(=O)O)[n+]1[c-]n2ccccc2c1,-6.5204,-8.844499
C[C@@H](O)[C@@H](C(=O)N[C@@H](Cc1ccccc1)C(=O)N[C@@H](Cc1c[nH]c2ccccc12)C(=O)O)[n+]1[c-]n2ccccc2c1,-12.0387,-9.596953
C[C@@H](O)[C@@H](C(=O)N[C@@H](Cc1ccccc1)C(=O)N[C@@H](Cc1ccc(O)cc1)C(=O)O)[n+]1[c-]n2ccccc2c1,-12.9364,-12.134588
C[C@@H](O)[C@H](NC(=O)CNC(=O)[C@H](CC(N)=O)[n+]1[c-]n2ccccc2c1)C(=O)O,-3.6674,-6.6114626
C[C@@H](O)[C@H](NC(=O)CNC(=O)[C@H](CCCNC(=N)N)[n+]1[c-]n2ccccc2c1)C(=O)O,-5.1558,-8.216308
C[C@@H](O)[C@H](NC(=O)C[n+]1[c-]n2ccccc2c1)C(=O)N[C@@H](CC(=O)O)C(=O)O,-6.1648,-10.149294
C[C@@H](O)[C@H](NC(=O)C[n+]1[c-]n2ccccc2c1)C(=O)N[C@@H](Cc1ccc(O)cc1)C(=O)O,-12.7536,-12.693497
C[C@@H](O)[C@H](NC(=O)[C@@H](NC(=O)C[n+]1[c-]n2ccccc2c1)[C@@H](C)O)C(=O)O,-15.5476,-11.215456
C[C@@H](O)[C@H](NC(=O)[C@@H](NC(=O)[C@H](Cc1ccc(O)cc1)[n+]1[c-]n2ccccc2c1)[C@@H](C)O)C(=O)O,-4.3906,-5.655919
C[C@@H](O)[C@H](NC(=O)[C@@H]1CCCN1C(=O)[C@H](CC(=O)O)[n+]1[c-]n2ccccc2c1)C(=O)O,-7.6296,-6.9458294
C[C@@H](O)[C@H](NC(=O)[C@@H]1CCCN1C(=O)[C@H](CC(N)=O)[n+]1[c-]n2ccccc2c1)C(=O)O,-6.0266,-4.8168926
C[C@@H](O)[C@H](NC(=O)[C@@H]1CCCN1C(=O)[C@H](CCC(=O)O)[n+]1[c-]n2ccccc2c1)C(=O)O,-5.7116,-6.1025343
C[C@@H](O)[C@H](NC(=O)[C@@H]1CCCN1C(=O)[C@H](Cc1ccccc1)[n+]1[c-]n2ccccc2c1)C(=O)O,-14.861,-12.441287
C[C@@H](O)[C@H](NC(=O)[C@H](C)[n+]1[c-]n2ccccc2c1)C(=O)N1CCC[C@H]1C(=O)O,-4.6497,-6.509614
C[C@@H](O)[C@H](NC(=O)[C@H](C)[n+]1[c-]n2ccccc2c1)C(=O)N[C@@H](Cc1ccc(O)cc1)C(=O)O,-5.4142,-4.189641
C[C@@H](O)[C@H](NC(=O)[C@H](C)[n+]1[c-]n2ccccc2c1)C(=O)O,-8.4937,-4.203083
C[C@@H](O)[C@H](NC(=O)[C@H](CC(=O)O)NC(=O)[C@H](Cc1c[nH]cn1)[n+]1[c-]n2ccccc2c1)C(=O)O,-12.2608,-8.639435
C[C@@H](O)[C@H](NC(=O)[C@H](CC(=O)O)[n+]1[c-]n2ccccc2c1)C(=O)N[C@@H](CO)C(=O)O,-2.3549,-4.4360886
C[C@@H](O)[C@H](NC(=O)[C@H](CC(N)=O)NC(=O)[C@H](CC(N)=O)[n+]1[c-]n2ccccc2c1)C(=O)O,-12.6857,-9.446048
C[C@@H](O)[C@H](NC(=O)[C@H](CC(N)=O)NC(=O)[C@H](CCCNC(=N)N)[n+]1[c-]n2ccccc2c1)C(=O)O,-14.4675,-10.0254345
C[C@@H](O)[C@H](NC(=O)[C@H](CC(N)=O)NC(=O)[C@H](Cc1c[nH]c2ccccc12)[n+]1[c-]n2ccccc2c1)C(=O)O,-13.1609,-7.5481443
C[C@@H](O)[C@H](NC(=O)[C@H](CC(N)=O)NC(=O)[C@H](Cc1ccc(O)cc1)[n+]1[c-]n2ccccc2c1)C(=O)O,-13.1004,-10.082722
C[C@@H](O)[C@H](NC(=O)[C@H](CC(N)=O)[n+]1[c-]n2ccccc2c1)C(=O)N[C@@H](CC(=O)O)C(=O)O,-10.3625,-9.279429
C[C@@H](O)[C@H](NC(=O)[C@H](CC(N)=O)[n+]1[c-]n2ccccc2c1)C(=O)N[C@@H](Cc1ccccc1)C(=O)O,-0.2555,-8.072085
C[C@@H](O)[C@H](NC(=O)[C@H](CCC(=O)O)NC(=O)[C@H](CC(N)=O)[n+]1[c-]n2ccccc2c1)C(=O)O,-6.3571,-4.07917
C[C@@H](O)[C@H](NC(=O)[C@H](CCC(=O)O)NC(=O)[C@H](CCC(N)=O)[n+]1[c-]n2ccccc2c1)C(=O)O,-13.9387,-11.545996
C[C@@H](O)[C@H](NC(=O)[C@H](CCC(=O)O)NC(=O)[C@H](CO)[n+]1[c-]n2ccccc2c1)C(=O)O,-5.5946,-7.7485585
C[C@@H](O)[C@H](NC(=O)[C@H](CCC(=O)O)NC(=O)[C@H]([C@@H](C)O)[n+]1[c-]n2ccccc2c1)C(=O)O,-8.3008,-10.639456
C[C@@H](O)[C@H](NC(=O)[C@H](CCC(=O)O)[n+]1[c-]n2ccccc2c1)C(=O)N1CCC[C@H]1C(=O)O,-8.3218,-5.7921104
C[C@@H](O)[C@H](NC(=O)[C@H](CCC(=O)O)[n+]1[c-]n2ccccc2c1)C(=O)NCC(=O)O,-9.9573,-8.250335
C[C@@H](O)[C@H](NC(=O)[C@H](CCC(=O)O)[n+]1[c-]n2ccccc2c1)C(=O)N[C@@H](CCC(N)=O)C(=O)O,-6.9431,-8.706028
C[C@@H](O)[C@H](NC(=O)[C@H](CCC(=O)O)[n+]1[c-]n2ccccc2c1)C(=O)N[C@@H](CO)C(=O)O,-6.9756,-7.6873574
C[C@@H](O)[C@H](NC(=O)[C@H](CCC(=O)O)[n+]1[c-]n2ccccc2c1)C(=O)N[C@@H](CS)C(=O)O,-7.2305,-11.461256
C[C@@H](O)[C@H](NC(=O)[C@H](CCC(N)=O)NC(=O)[C@H](C)[n+]1[c-]n2ccccc2c1)C(=O)O,-13.2271,-9.447401
C[C@@H](O)[C@H](NC(=O)[C@H](CCC(N)=O)NC(=O)[C@H](CS)[n+]1[c-]n2ccccc2c1)C(=O)O,-14.8505,-15.876001
C[C@@H](O)[C@H](NC(=O)[C@H](CCC(N)=O)NC(=O)[C@H](Cc1c[nH]cn1)[n+]1[c-]n2ccccc2c1)C(=O)O,-15.4618,-10.67685
C[C@@H](O)[C@H](NC(=O)[C@H](CCC(N)=O)[n+]1[c-]n2ccccc2c1)C(=O)N[C@@H](CCC(N)=O)C(=O)O,-8.9765,-9.087161
C[C@@H](O)[C@H](NC(=O)[C@H](CCC(N)=O)[n+]1[c-]n2ccccc2c1)C(=O)O,-10.619,-4.9826684
C[C@@H](O)[C@H](NC(=O)[C@H](CCCNC(=N)N)NC(=O)[C@H](CCC(=O)O)[n+]1[c-]n2ccccc2c1)C(=O)O,-6.5741,-11.696357
C[C@@H](O)[C@H](NC(=O)[C@H](CCCNC(=N)N)NC(=O)[C@H]([C@@H](C)O)[n+]1[c-]n2ccccc2c1)C(=O)O,-7.5807,-9.393099
C[C@@H](O)[C@H](NC(=O)[C@H](CCCNC(=N)N)[n+]1[c-]n2ccccc2c1)C(=O)N[C@@H](CCCNC(=N)N)C(=O)O,-3.2487,-7.044423
C[C@@H](O)[C@H](NC(=O)[C@H](CCCNC(=N)N)[n+]1[c-]n2ccccc2c1)C(=O)N[C@@H](CS)C(=O)O,1.0727,-4.9806275
C[C@@H](O)[C@H](NC(=O)[C@H](CCCNC(=N)N)[n+]1[c-]n2ccccc2c1)C(=O)N[C@@H](Cc1c[nH]cn1)C(=O)O,-12.1105,-9.883736
C[C@@H](O)[C@H](NC(=O)[C@H](CO)NC(=O)[C@H](CC(N)=O)[n+]1[c-]n2ccccc2c1)C(=O)O,-13.1697,-9.282356
C[C@@H](O)[C@H](NC(=O)[C@H](CO)NC(=O)[C@H](CCC(=O)O)[n+]1[c-]n2ccccc2c1)C(=O)O,-15.112,-12.560829
C[C@@H](O)[C@H](NC(=O)[C@H](CO)NC(=O)[C@H](CCCNC(=N)N)[n+]1[c-]n2ccccc2c1)C(=O)O,-6.5092,-9.831673
C[C@@H](O)[C@H](NC(=O)[C@H](CO)NC(=O)[C@H](Cc1c[nH]c2ccccc12)[n+]1[c-]n2ccccc2c1)C(=O)O,-11.6367,-7.2273245
C[C@@H](O)[C@H](NC(=O)[C@H](CO)[n+]1[c-]n2ccccc2c1)C(=O)N1CCC[C@H]1C(=O)O,-6.1497,-5.7591534
C[C@@H](O)[C@H](NC(=O)[C@H](CO)[n+]1[c-]n2ccccc2c1)C(=O)N[C@@H](CCC(=O)O)C(=O)O,-10.2971,-5.7096767
C[C@@H](O)[C@H](NC(=O)[C@H](CS)NC(=O)[C@H](CS)[n+]1[c-]n2ccccc2c1)C(=O)O,-9.948,-8.264752
C[C@@H](O)[C@H](NC(=O)[C@H](CS)NC(=O)[C@H](Cc1ccccc1)[n+]1[c-]n2ccccc2c1)C(=O)O,-12.1012,-10.247461
C[C@@H](O)[C@H](NC(=O)[C@H](CS)[n+]1[c-]n2ccccc2c1)C(=O)N1CCC[C@H]1C(=O)O,-7.4647,-5.848545
C[C@@H](O)[C@H](NC(=O)[C@H](CS)[n+]1[c-]n2ccccc2c1)C(=O)N[C@@H](CC(N)=O)C(=O)O,-11.9136,-7.0241566
C[C@@H](O)[C@H](NC(=O)[C@H](CS)[n+]1[c-]n2ccccc2c1)C(=O)N[C@@H](Cc1ccccc1)C(=O)O,-7.7133,-5.132754
C[C@@H](O)[C@H](NC(=O)[C@H](CS)[n+]1[c-]n2ccccc2c1)C(=O)O,-7.2608,-4.7666283
C[C@@H](O)[C@H](NC(=O)[C@H](Cc1c[nH]c2ccccc12)NC(=O)[C@H](CCC(N)=O)[n+]1[c-]n2ccccc2c1)C(=O)O,-10.6697,-7.571253
C[C@@H](O)[C@H](NC(=O)[C@H](Cc1c[nH]c2ccccc12)NC(=O)[C@H](CO)[n+]1[c-]n2ccccc2c1)C(=O)O,-7.4576,-8.741723
C[C@@H](O)[C@H](NC(=O)[C@H](Cc1c[nH]c2ccccc12)NC(=O)[C@H](Cc1ccc(O)cc1)[n+]1[c-]n2ccccc2c1)C(=O)O,-8.5202,-8.893946
C[C@@H](O)[C@H](NC(=O)[C@H](Cc1c[nH]c2ccccc12)NC(=O)[C@H]([C@@H](C)O)[n+]1[c-]n2ccccc2c1)C(=O)O,-9.4295,-9.030543
C[C@@H](O)[C@H](NC(=O)[C@H](Cc1c[nH]c2ccccc12)[n+]1[c-]n2ccccc2c1)C(=O)N[C@@H](CC(N)=O)C(=O)O,-15.1055,-9.278463
C[C@@H](O)[C@H](NC(=O)[C@H](Cc1c[nH]c2ccccc12)[n+]1[c-]n2ccccc2c1)C(=O)N[C@@H](Cc1ccc(O)cc1)C(=O)O,-10.3647,-8.046465
C[C@@H](O)[C@H](NC(=O)[C@H](Cc1c[nH]c2ccccc12)[n+]1[c-]n2ccccc2c1)C(=O)N[C@@H](Cc1ccccc1)C(=O)O,-9.0982,-7.135502
C[C@@H](O)[C@H](NC(=O)[C@H](Cc1c[nH]c2ccccc12)[n+]1[c-]n2ccccc2c1)C(=O)O,-9.5305,-8.527077
C[C@@H](O)[C@H](NC(=O)[C@H](Cc1c[nH]cn1)NC(=O)C[n+]1[c-]n2ccccc2c1)C(=O)O,-17.2245,-13.476367
C[C@@H](O)[C@H](NC(=O)[C@H](Cc1c[nH]cn1)NC(=O)[C@H](Cc1c[nH]c2ccccc12)[n+]1[c-]n2ccccc2c1)C(=O)O,-9.6084,-8.875658
C[C@@H](O)[C@H](NC(=O)[C@H](Cc1c[nH]cn1)[n+]1[c-]n2ccccc2c1)C(=O)N[C@@H](CC(=O)O)C(=O)O,-0.7045,-6.324224
C[C@@H](O)[C@H](NC(=O)[C@H](Cc1c[nH]cn1)[n+]1[c-]n2ccccc2c1)C(=O)N[C@@H](CC(N)=O)C(=O)O,-3.478,-8.273207
C[C@@H](O)[C@H](NC(=O)[C@H](Cc1ccc(O)cc1)NC(=O)[C@H](C)[n+]1[c-]n2ccccc2c1)C(=O)O,-9.5939,-6.8215475
C[C@@H](O)[C@H](NC(=O)[C@H](Cc1ccc(O)cc1)NC(=O)[C@H](CCC(=O)O)[n+]1[c-]n2ccccc2c1)C(=O)O,-15.6346,-12.396345
C[C@@H](O)[C@H](NC(=O)[C@H](Cc1ccc(O)cc1)NC(=O)[C@H](CCCNC(=N)N)[n+]1[c-]n2ccccc2c1)C(=O)O,-13.4755,-9.02944
C[C@@H](O)[C@H](NC(=O)[C@H](Cc1ccc(O)cc1)[n+]1[c-]n2ccccc2c1)C(=O)N[C@@H](CC(N)=O)C(=O)O,-14.9732,-7.286532
C[C@@H](O)[C@H](NC(=O)[C@H](Cc1ccc(O)cc1)[n+]1[c-]n2ccccc2c1)C(=O)N[C@@H](Cc1ccccc1)C(=O)O,-6.4217,-10.453795
C[C@@H](O)[C@H](NC(=O)[C@H](Cc1ccccc1)NC(=O)C[n+]1[c-]n2ccccc2c1)C(=O)O,-13.621,-11.193815
C[C@@H](O)[C@H](NC(=O)[C@H](Cc1ccccc1)NC(=O)[C@H](C)[n+]1[c-]n2ccccc2c1)C(=O)O,-12.2827,-5.783825
C[C@@H](O)[C@H](NC(=O)[C@H](Cc1ccccc1)NC(=O)[C@H]([C@@H](C)O)[n+]1[c-]n2ccccc2c1)C(=O)O,-8.8599,-6.595928
C[C@@H](O)[C@H](NC(=O)[C@H](Cc1ccccc1)[n+]1[c-]n2ccccc2c1)C(=O)N[C@@H](CCC(=O)O)C(=O)O,-17.374,-10.925278
C[C@@H](O)[C@H](NC(=O)[C@H]([C@@H](C)O)[n+]1[c-]n2ccccc2c1)C(=O)N[C@@H](CCC(=O)O)C(=O)O,-11.6901,-9.146254
C[C@@H](O)[C@H](NC(=O)[C@H]([C@@H](C)O)[n+]1[c-]n2ccccc2c1)C(=O)N[C@@H](CCC(N)=O)C(=O)O,-12.3886,-11.57929
C[C@@H](O)[C@H](NC(=O)[C@H]([C@@H](C)O)[n+]1[c-]n2ccccc2c1)C(=O)N[C@@H](Cc1ccc(O)cc1)C(=O)O,-5.559,-8.908983
C[C@@H](O)[C@H](NC(=O)[C@H]([C@@H](C)O)[n+]1[c-]n2ccccc2c1)C(=O)O,-8.9159,-7.301322
C[C@H](NC(=O)CNC(=O)C[n+]1[c-]n2ccccc2c1)C(=O)O,-8.2382,-8.271685
C[C@H](NC(=O)CNC(=O)[C@H](CO)[n+]1[c-]n2ccccc2c1)C(=O)O,-7.1638,-10.087921
C[C@H](NC(=O)CNC(=O)[C@H](CS)[n+]1[c-]n2ccccc2c1)C(=O)O,-8.8509,-9.265957
C[C@H](NC(=O)CNC(=O)[C@H](Cc1ccc(O)cc1)[n+]1[c-]n2ccccc2c1)C(=O)O,-7.4987,-7.358919
C[C@H](NC(=O)C[n+]1[c-]n2ccccc2c1)C(=O)N[C@@H](CC(N)=O)C(=O)O,-15.5671,-11.074259
C[C@H](NC(=O)C[n+]1[c-]n2ccccc2c1)C(=O)N[C@@H](CCCNC(=N)N)C(=O)O,-10.051,-12.48252
C[C@H](NC(=O)C[n+]1[c-]n2ccccc2c1)C(=O)N[C@@H](Cc1c[nH]c2ccccc12)C(=O)O,-14.7076,-12.64558
C[C@H](NC(=O)[C@@H](NC(=O)[C@H](CCC(=O)O)[n+]1[c-]n2ccccc2c1)[C@@H](C)O)C(=O)O,-2.0892,-7.9552073
C[C@H](NC(=O)[C@@H]1CCCN1C(=O)[C@H](CC(N)=O)[n+]1[c-]n2ccccc2c1)C(=O)O,-6.769,-4.165008
C[C@H](NC(=O)[C@@H]1CCCN1C(=O)[C@H](CCC(N)=O)[n+]1[c-]n2ccccc2c1)C(=O)O,-8.9028,-7.868705
C[C@H](NC(=O)[C@@H]1CCCN1C(=O)[C@H](Cc1ccc(O)cc1)[n+]1[c-]n2ccccc2c1)C(=O)O,-4.0141,-4.724142
C[C@H](NC(=O)[C@H](C)NC(=O)[C@H](CCC(N)=O)[n+]1[c-]n2ccccc2c1)C(=O)O,-1.3216,-8.058109
C[C@H](NC(=O)[C@H](C)NC(=O)[C@H](CO)[n+]1[c-]n2ccccc2c1)C(=O)O,-10.34,-6.234337
C[C@H](NC(=O)[C@H](C)[n+]1[c-]n2ccccc2c1)C(=O)N[C@@H](CCC(N)=O)C(=O)O,-12.2197,-7.839917
C[C@H](NC(=O)[C@H](C)[n+]1[c-]n2ccccc2c1)C(=O)N[C@@H](CCCNC(=N)N)C(=O)O,-8.3947,-7.922431
C[C@H](NC(=O)[C@H](C)[n+]1[c-]n2ccccc2c1)C(=O)N[C@@H](CO)C(=O)O,-9.2466,-9.851246
C[C@H](NC(=O)[C@H](C)[n+]1[c-]n2ccccc2c1)C(=O)N[C@@H](Cc1c[nH]c2ccccc12)C(=O)O,-8.5367,-9.331119
C[C@H](NC(=O)[C@H](C)[n+]1[c-]n2ccccc2c1)C(=O)N[C@@H](Cc1c[nH]cn1)C(=O)O,-2.7879,-5.7687545
C[C@H](NC(=O)[C@H](CC(=O)O)[n+]1[c-]n2ccccc2c1)C(=O)N[C@@H](CC(N)=O)C(=O)O,-14.0561,-10.953123
C[C@H](NC(=O)[C@H](CC(=O)O)[n+]1[c-]n2ccccc2c1)C(=O)N[C@@H](Cc1ccc(O)cc1)C(=O)O,-10.1365,-8.25325
C[C@H](NC(=O)[C@H](CC(N)=O)NC(=O)[C@H](CO)[n+]1[c-]n2ccccc2c1)C(=O)O,-10.7692,-10.978496
C[C@H](NC(=O)[C@H](CC(N)=O)NC(=O)[C@H](Cc1ccccc1)[n+]1[c-]n2ccccc2c1)C(=O)O,-8.2074,-8.410986
C[C@H](NC(=O)[C@H](CC(N)=O)[n+]1[c-]n2ccccc2c1)C(=O)NCC(=O)O,-7.8728,-4.7596207
C[C@H](NC(=O)[C@H](CC(N)=O)[n+]1[c-]n2ccccc2c1)C(=O)N[C@@H](Cc1c[nH]c2ccccc12)C(=O)O,-10.7736,-10.529855
C[C@H](NC(=O)[C@H](CC(N)=O)[n+]1[c-]n2ccccc2c1)C(=O)N[C@@H](Cc1c[nH]cn1)C(=O)O,-8.6033,-6.6188273
C[C@H](NC(=O)[C@H](CCC(=O)O)NC(=O)[C@H](Cc1c[nH]cn1)[n+]1[c-]n2ccccc2c1)C(=O)O,-14.2752,-10.342326
C[C@H](NC(=O)[C@H](CCC(=O)O)[n+]1[c-]n2ccccc2c1)C(=O)NCC(=O)O,-6.2566,-6.9739447
C[C@H](NC(=O)[C@H](CCC(=O)O)[n+]1[c-]n2ccccc2c1)C(=O)N[C@@H](CC(=O)O)C(=O)O,-11.1277,-7.3178997
C[C@H](NC(=O)[C@H](CCC(=O)O)[n+]1[c-]n2ccccc2c1)C(=O)N[C@@H](CCC(=O)O)C(=O)O,-12.7108,-8.965937
C[C@H](NC(=O)[C@H](CCC(=O)O)[n+]1[c-]n2ccccc2c1)C(=O)N[C@@H](Cc1c[nH]c2ccccc12)C(=O)O,-17.6375,-12.114666
C[C@H](NC(=O)[C@H](CCC(=O)O)[n+]1[c-]n2ccccc2c1)C(=O)N[C@@H](Cc1ccccc1)C(=O)O,-9.2081,-10.519448
C[C@H](NC(=O)[C@H](CCC(N)=O)NC(=O)[C@H](CCC(N)=O)[n+]1[c-]n2ccccc2c1)C(=O)O,-13.7872,-9.97687
C[C@H](NC(=O)[C@H](CCC(N)=O)[n+]1[c-]n2ccccc2c1)C(=O)NCC(=O)O,-5.5467,-7.1937456
C[C@H](NC(=O)[C@H](CCC(N)=O)[n+]1[c-]n2ccccc2c1)C(=O)N[C@@H](CC(=O)O)C(=O)O,-13.3913,-11.662209
C[C@H](NC(=O)[C@H](CCC(N)=O)[n+]1[c-]n2ccccc2c1)C(=O)N[C@@H](CCC(=O)O)C(=O)O,-12.0486,-8.52601
C[C@H](NC(=O)[C@H](CCC(N)=O)[n+]1[c-]n2ccccc2c1)C(=O)N[C@@H](CCCNC(=N)N)C(=O)O,-10.0459,-7.8629055
C[C@H](NC(=O)[C@H](CCCNC(=N)N)NC(=O)C[n+]1[c-]n2ccccc2c1)C(=O)O,-8.8702,-12.395569
C[C@H](NC(=O)[C@H](CCCNC(=N)N)NC(=O)[C@H](Cc1c[nH]c2ccccc12)[n+]1[c-]n2ccccc2c1)C(=O)O,-6.1438,-6.9314632
C[C@H](NC(=O)[C@H](CCCNC(=N)N)[n+]1[c-]n2ccccc2c1)C(=O)N[C@@H](CCCNC(=N)N)C(=O)O,-10.481,-10.021257
C[C@H](NC(=O)[C@H](CO)NC(=O)[C@H](CCC(N)=O)[n+]1[c-]n2ccccc2c1)C(=O)O,-3.0842,-5.015528
C[C@H](NC(=O)[C@H](CO)[n+]1[c-]n2ccccc2c1)C(=O)N[C@@H](CCC(=O)O)C(=O)O,-10.0269,-9.096697
C[C@H](NC(=O)[C@H](CO)[n+]1[c-]n2ccccc2c1)C(=O)N[C@@H](CO)C(=O)O,-6.7824,-5.55742
C[C@H](NC(=O)[C@H](CO)[n+]1[c-]n2ccccc2c1)C(=O)N[C@@H](Cc1c[nH]cn1)C(=O)O,-4.919,-8.355191
C[C@H](NC(=O)[C@H](CS)NC(=O)[C@H](C)[n+]1[c-]n2ccccc2c1)C(=O)O,-3.3897,-5.3197317
C[C@H](NC(=O)[C@H](CS)NC(=O)[C@H](CCC(=O)O)[n+]1[c-]n2ccccc2c1)C(=O)O,-1.8339,-7.8347783
C[C@H](NC(=O)[C@H](CS)NC(=O)[C@H](CCC(N)=O)[n+]1[c-]n2ccccc2c1)C(=O)O,-4.3753,-5.0017085
C[C@H](NC(=O)[C@H](CS)NC(=O)[C@H](Cc1ccc(O)cc1)[n+]1[c-]n2ccccc2c1)C(=O)O,-7.1283,-5.2320123
C[C@H](NC(=O)[C@H](CS)NC(=O)[C@H](Cc1ccccc1)[n+]1[c-]n2ccccc2c1)C(=O)O,-0.8829,-7.4537435
C[C@H](NC(=O)[C@H](CS)NC(=O)[C@H]([C@@H](C)O)[n+]1[c-]n2ccccc2c1)C(=O)O,-5.5152,-7.4175777
C[C@H](NC(=O)[C@H](CS)[n+]1[c-]n2ccccc2c1)C(=O)N[C@@H](CS)C(=O)O,-5.1448,-6.1828346
C[C@H](NC(=O)[C@H](CS)[n+]1[c-]n2ccccc2c1)C(=O)N[C@@H](Cc1c[nH]c2ccccc12)C(=O)O,-10.0369,-10.254693
C[C@H](NC(=O)[C@H](Cc1c[nH]c2ccccc12)NC(=O)[C@H](C)[n+]1[c-]n2ccccc2c1)C(=O)O,-2.8463,-4.6130524
C[C@H](NC(=O)[C@H](Cc1c[nH]c2ccccc12)NC(=O)[C@H](CS)[n+]1[c-]n2ccccc2c1)C(=O)O,-8.335,-8.525433
C[C@H](NC(=O)[C@H](Cc1c[nH]c2ccccc12)NC(=O)[C@H](Cc1c[nH]cn1)[n+]1[c-]n2ccccc2c1)C(=O)O,-10.7829,-10.101791
C[C@H](NC(=O)[C@H](Cc1c[nH]c2ccccc12)NC(=O)[C@H]([C@@H](C)O)[n+]1[c-]n2ccccc2c1)C(=O)O,-6.5872,-9.079477
C[C@H](NC(=O)[C@H](Cc1c[nH]c2ccccc12)[n+]1[c-]n2ccccc2c1)C(=O)N[C@@H](CS)C(=O)O,-6.2604,-8.344423
C[C@H](NC(=O)[C@H](Cc1c[nH]c2ccccc12)[n+]1[c-]n2ccccc2c1)C(=O)N[C@@H](Cc1c[nH]c2ccccc12)C(=O)O,-6.1318,-8.805211
C[C@H](NC(=O)[C@H](Cc1c[nH]c2ccccc12)[n+]1[c-]n2ccccc2c1)C(=O)N[C@@H](Cc1ccc(O)cc1)C(=O)O,-10.5742,-7.633237
C[C@H](NC(=O)[C@H](Cc1c[nH]c2ccccc12)[n+]1[c-]n2ccccc2c1)C(=O)N[C@H](C(=O)O)[C@@H](C)O,0.0426,-2.8931212
C[C@H](NC(=O)[C@H](Cc1c[nH]cn1)NC(=O)[C@H](CS)[n+]1[c-]n2ccccc2c1)C(=O)O,-4.1783,-7.674874
C[C@H](NC(=O)[C@H](Cc1c[nH]cn1)NC(=O)[C@H](Cc1c[nH]cn1)[n+]1[c-]n2ccccc2c1)C(=O)O,-5.2597,-9.523841
C[C@H](NC(=O)[C@H](Cc1c[nH]cn1)NC(=O)[C@H]([C@@H](C)O)[n+]1[c-]n2ccccc2c1)C(=O)O,-9.0063,-8.360121
C[C@H](NC(=O)[C@H](Cc1c[nH]cn1)[n+]1[c-]n2ccccc2c1)C(=O)N[C@@H](Cc1c[nH]c2ccccc12)C(=O)O,-7.6193,-7.1518593
C[C@H](NC(=O)[C@H](Cc1ccc(O)cc1)NC(=O)C[n+]1[c-]n2ccccc2c1)C(=O)O,-11.2638,-9.728174
C[C@H](NC(=O)[C@H](Cc1ccc(O)cc1)NC(=O)[C@H](CC(=O)O)[n+]1[c-]n2ccccc2c1)C(=O)O,-11.2466,-7.4622965
C[C@H](NC(=O)[C@H](Cc1ccc(O)cc1)NC(=O)[C@H](CC(N)=O)[n+]1[c-]n2ccccc2c1)C(=O)O,-7.9828,-6.195778
C[C@H](NC(=O)[C@H](Cc1ccc(O)cc1)NC(=O)[C@H]([C@@H](C)O)[n+]1[c-]n2ccccc2c1)C(=O)O,-11.4173,-8.713991
C[C@H](NC(=O)[C@H](Cc1ccc(O)cc1)[n+]1[c-]n2ccccc2c1)C(=O)NCC(=O)O,-7.5059,-5.0033083
C[C@H](NC(=O)[C@H](Cc1ccccc1)NC(=O)[C@H](CC(=O)O)[n+]1[c-]n2ccccc2c1)C(=O)O,-4.2144,-8.605441
C[C@H](NC(=O)[C@H](Cc1ccccc1)NC(=O)[C@H](CCCNC(=N)N)[n+]1[c-]n2ccccc2c1)C(=O)O,-0.8749,-4.6203136
C[C@H](NC(=O)[C@H](Cc1ccccc1)NC(=O)[C@H](Cc1ccc(O)cc1)[n+]1[c-]n2ccccc2c1)C(=O)O,-4.7656,-6.6918397
C[C@H](NC(=O)[C@H](Cc1ccccc1)NC(=O)[C@H](Cc1ccccc1)[n+]1[c-]n2ccccc2c1)C(=O)O,-4.415,-7.216364
C[C@H](NC(=O)[C@H](Cc1ccccc1)[n+]1[c-]n2ccccc2c1)C(=O)N[C@@H](CCC(N)=O)C(=O)O,-12.9302,-7.3372474
C[C@H](NC(=O)[C@H](Cc1ccccc1)[n+]1[c-]n2ccccc2c1)C(=O)N[C@H](C(=O)O)[C@@H](C)O,-8.3146,-7.779362
C[C@H](NC(=O)[C@H](Cc1ccccc1)[n+]1[c-]n2ccccc2c1)C(=O)O,-4.644,-5.372983
C[C@H](NC(=O)[C@H]([C@@H](C)O)[n+]1[c-]n2ccccc2c1)C(=O)N1CCC[C@H]1C(=O)O,-5.4576,-6.838288
N=C(N)NCCC[C@@H](C(=O)N1CCC[C@H]1C(=O)NCC(=O)O)[n+]1[c-]n2ccccc2c1,-5.9529,-5.7059803
N=C(N)NCCC[C@@H](C(=O)N1CCC[C@H]1C(=O)N[C@@H](CS)C(=O)O)[n+]1[c-]n2ccccc2c1,-6.024,-8.050397
N=C(N)NCCC[C@@H](C(=O)N1CCC[C@H]1C(=O)N[C@@H](Cc1ccccc1)C(=O)O)[n+]1[c-]n2ccccc2c1,-7.4806,-5.59827
N=C(N)NCCC[C@@H](C(=O)NCC(=O)NCC(=O)O)[n+]1[c-]n2ccccc2c1,-4.4901,-9.460138
N=C(N)NCCC[C@@H](C(=O)NCC(=O)N[C@@H](CC(=O)O)C(=O)O)[n+]1[c-]n2ccccc2c1,-8.4048,-11.5716715
N=C(N)NCCC[C@@H](C(=O)NCC(=O)N[C@@H](CS)C(=O)O)[n+]1[c-]n2ccccc2c1,-8.3488,-9.65611
N=C(N)NCCC[C@@H](C(=O)N[C@@H](CC(=O)O)C(=O)N[C@@H](CC(=O)O)C(=O)O)[n+]1[c-]n2ccccc2c1,-8.0063,-9.30702
N=C(N)NCCC[C@@H](C(=O)N[C@@H](CC(=O)O)C(=O)N[C@@H](CCC(=O)O)C(=O)O)[n+]1[c-]n2ccccc2c1,-6.4374,-6.236915
N=C(N)NCCC[C@@H](C(=O)N[C@@H](CC(N)=O)C(=O)N1CCC[C@H]1C(=O)O)[n+]1[c-]n2ccccc2c1,-10.1271,-8.837694
N=C(N)NCCC[C@@H](C(=O)N[C@@H](CC(N)=O)C(=O)N[C@@H](Cc1c[nH]cn1)C(=O)O)[n+]1[c-]n2ccccc2c1,-8.8699,-7.8120284
N=C(N)NCCC[C@@H](C(=O)N[C@@H](CC(N)=O)C(=O)N[C@@H](Cc1ccc(O)cc1)C(=O)O)[n+]1[c-]n2ccccc2c1,-13.9997,-10.623392
N=C(N)NCCC[C@@H](C(=O)N[C@@H](CCC(=O)O)C(=O)N[C@@H](CCC(=O)O)C(=O)O)[n+]1[c-]n2ccccc2c1,-5.6023,-14.691974
N=C(N)NCCC[C@@H](C(=O)N[C@@H](CCC(N)=O)C(=O)N[C@@H](CC(=O)O)C(=O)O)[n+]1[c-]n2ccccc2c1,-14.4673,-9.712962
N=C(N)NCCC[C@@H](C(=O)N[C@@H](CCC(N)=O)C(=O)N[C@@H](Cc1ccccc1)C(=O)O)[n+]1[c-]n2ccccc2c1,-18.6272,-9.599974
N=C(N)NCCC[C@@H](C(=O)N[C@@H](CO)C(=O)N[C@@H](CCC(=O)O)C(=O)O)[n+]1[c-]n2ccccc2c1,-6.5479,-9.14867
N=C(N)NCCC[C@@H](C(=O)N[C@@H](CO)C(=O)N[C@@H](CCC(N)=O)C(=O)O)[n+]1[c-]n2ccccc2c1,-3.0252,-8.749999
N=C(N)NCCC[C@@H](C(=O)N[C@@H](CS)C(=O)N[C@@H](CC(=O)O)C(=O)O)[n+]1[c-]n2ccccc2c1,-8.1429,-10.379379
N=C(N)NCCC[C@@H](C(=O)N[C@@H](CS)C(=O)N[C@@H](CCC(=O)O)C(=O)O)[n+]1[c-]n2ccccc2c1,-4.1979,-9.994156
N=C(N)NCCC[C@@H](C(=O)N[C@@H](CS)C(=O)N[C@@H](CS)C(=O)O)[n+]1[c-]n2ccccc2c1,-3.6518,-9.810617
N=C(N)NCCC[C@@H](C(=O)N[C@@H](CS)C(=O)N[C@@H](Cc1ccccc1)C(=O)O)[n+]1[c-]n2ccccc2c1,-9.5411,-9.486732
N=C(N)NCCC[C@@H](C(=O)N[C@@H](Cc1c[nH]c2ccccc12)C(=O)NCC(=O)O)[n+]1[c-]n2ccccc2c1,-6.6455,-8.449275
N=C(N)NCCC[C@@H](C(=O)N[C@@H](Cc1c[nH]c2ccccc12)C(=O)N[C@@H](CC(N)=O)C(=O)O)[n+]1[c-]n2ccccc2c1,-10.7413,-9.714378
N=C(N)NCCC[C@@H](C(=O)N[C@@H](Cc1c[nH]cn1)C(=O)N[C@@H](CS)C(=O)O)[n+]1[c-]n2ccccc2c1,-8.3643,-9.981173
N=C(N)NCCC[C@@H](C(=O)N[C@@H](Cc1c[nH]cn1)C(=O)N[C@@H](Cc1c[nH]cn1)C(=O)O)[n+]1[c-]n2ccccc2c1,-5.4429,-8.450099
N=C(N)NCCC[C@@H](C(=O)N[C@@H](Cc1c[nH]cn1)C(=O)N[C@@H](Cc1ccccc1)C(=O)O)[n+]1[c-]n2ccccc2c1,-7.4362,-8.316811
N=C(N)NCCC[C@@H](C(=O)N[C@@H](Cc1c[nH]cn1)C(=O)O)[n+]1[c-]n2ccccc2c1,-1.9622,-7.107301
N=C(N)NCCC[C@@H](C(=O)N[C@@H](Cc1ccc(O)cc1)C(=O)NCC(=O)O)[n+]1[c-]n2ccccc2c1,-4.8781,-9.395434
N=C(N)NCCC[C@@H](C(=O)N[C@@H](Cc1ccccc1)C(=O)N[C@@H](CS)C(=O)O)[n+]1[c-]n2ccccc2c1,-9.3206,-9.477369
N=C(N)NCCC[C@@H](C(=O)N[C@@H](Cc1ccccc1)C(=O)N[C@@H](Cc1c[nH]c2ccccc12)C(=O)O)[n+]1[c-]n2ccccc2c1,-15.7229,-10.485414
N=C(N)NCCC[C@@H](C(=O)N[C@@H](Cc1ccccc1)C(=O)N[C@@H](Cc1c[nH]cn1)C(=O)O)[n+]1[c-]n2ccccc2c1,-7.3392,-7.603646
N=C(N)NCCC[C@@H](C(=O)N[C@@H](Cc1ccccc1)C(=O)O)[n+]1[c-]n2ccccc2c1,-4.527,-11.124112
N=C(N)NCCC[C@H](NC(=O)CNC(=O)C[n+]1[c-]n2ccccc2c1)C(=O)O,-15.486,-8.221172
N=C(N)NCCC[C@H](NC(=O)CNC(=O)[C@H](Cc1ccc(O)cc1)[n+]1[c-]n2ccccc2c1)C(=O)O,-12.1917,-13.050124
N=C(N)NCCC[C@H](NC(=O)CNC(=O)[C@H](Cc1ccccc1)[n+]1[c-]n2ccccc2c1)C(=O)O,-6.9889,-14.283817
N=C(N)NCCC[C@H](NC(=O)C[n+]1[c-]n2ccccc2c1)C(=O)NCC(=O)O,-26.3925,-20.465523
N=C(N)NCCC[C@H](NC(=O)C[n+]1[c-]n2ccccc2c1)C(=O)N[C@@H](CS)C(=O)O,-1.3673,-11.229943
N=C(N)NCCC[C@H](NC(=O)C[n+]1[c-]n2ccccc2c1)C(=O)N[C@@H](Cc1c[nH]cn1)C(=O)O,-5.8099,-11.705635
N=C(N)NCCC[C@H](NC(=O)C[n+]1[c-]n2ccccc2c1)C(=O)N[C@@H](Cc1ccccc1)C(=O)O,-12.0897,-13.6008835
N=C(N)NCCC[C@H](NC(=O)[C@@H]1CCCN1C(=O)[C@H](CC(N)=O)[n+]1[c-]n2ccccc2c1)C(=O)O,-10.5728,-8.390364
N=C(N)NCCC[C@H](NC(=O)[C@@H]1CCCN1C(=O)[C@H](CCC(=O)O)[n+]1[c-]n2ccccc2c1)C(=O)O,-5.4955,-6.319438
N=C(N)NCCC[C@H](NC(=O)[C@H](CC(=O)O)NC(=O)[C@H](Cc1ccccc1)[n+]1[c-]n2ccccc2c1)C(=O)O,-7.8959,-10.255091
N=C(N)NCCC[C@H](NC(=O)[C@H](CC(=O)O)[n+]1[c-]n2ccccc2c1)C(=O)N1CCC[C@H]1C(=O)O,-7.509,-12.600154
N=C(N)NCCC[C@H](NC(=O)[C@H](CC(=O)O)[n+]1[c-]n2ccccc2c1)C(=O)N[C@@H](CC(N)=O)C(=O)O,-27.2594,-16.73875
N=C(N)NCCC[C@H](NC(=O)[C@H](CC(=O)O)[n+]1[c-]n2ccccc2c1)C(=O)N[C@@H](Cc1ccc(O)cc1)C(=O)O,-16.0142,-12.466421
N=C(N)NCCC[C@H](NC(=O)[C@H](CC(=O)O)[n+]1[c-]n2ccccc2c1)C(=O)N[C@@H](Cc1ccccc1)C(=O)O,-13.3096,-13.688834
N=C(N)NCCC[C@H](NC(=O)[C@H](CC(=O)O)[n+]1[c-]n2ccccc2c1)C(=O)O,-17.3558,-14.250745
N=C(N)NCCC[C@H](NC(=O)[C@H](CC(N)=O)NC(=O)[C@H](CC(N)=O)[n+]1[c-]n2ccccc2c1)C(=O)O,-22.4831,-14.33613
N=C(N)NCCC[C@H](NC(=O)[C@H](CC(N)=O)NC(=O)[C@H](CCC(N)=O)[n+]1[c-]n2ccccc2c1)C(=O)O,-21.2904,-15.034845
N=C(N)NCCC[C@H](NC(=O)[C@H](CC(N)=O)NC(=O)[C@H](Cc1ccc(O)cc1)[n+]1[c-]n2ccccc2c1)C(=O)O,-10.3646,-7.158081
N=C(N)NCCC[C@H](NC(=O)[C@H](CC(N)=O)[n+]1[c-]n2ccccc2c1)C(=O)N[C@@H](Cc1c[nH]c2ccccc12)C(=O)O,-10.4389,-12.209282
N=C(N)NCCC[C@H](NC(=O)[C@H](CCC(=O)O)NC(=O)[C@H](CCC(=O)O)[n+]1[c-]n2ccccc2c1)C(=O)O,-9.7737,-7.636752
N=C(N)NCCC[C@H](NC(=O)[C@H](CCC(=O)O)NC(=O)[C@H](Cc1c[nH]cn1)[n+]1[c-]n2ccccc2c1)C(=O)O,-13.2024,-8.897999
N=C(N)NCCC[C@H](NC(=O)[C@H](CCC(=O)O)[n+]1[c-]n2ccccc2c1)C(=O)N[C@@H](CC(=O)O)C(=O)O,-10.5513,-11.924863
N=C(N)NCCC[C@H](NC(=O)[C@H](CCC(=O)O)[n+]1[c-]n2ccccc2c1)C(=O)N[C@@H](CCC(N)=O)C(=O)O,-9.5734,-8.448831
N=C(N)NCCC[C@H](NC(=O)[C@H](CCC(=O)O)[n+]1[c-]n2ccccc2c1)C(=O)N[C@@H](CO)C(=O)O,-5.8513,-9.418445
N=C(N)NCCC[C@H](NC(=O)[C@H](CCC(=O)O)[n+]1[c-]n2ccccc2c1)C(=O)N[C@@H](Cc1ccc(O)cc1)C(=O)O,2.376,-11.087554
N=C(N)NCCC[C@H](NC(=O)[C@H](CCC(=O)O)[n+]1[c-]n2ccccc2c1)C(=O)O,-8.3822,-10.590172
N=C(N)NCCC[C@H](NC(=O)[C@H](CCC(N)=O)[n+]1[c-]n2ccccc2c1)C(=O)N1CCC[C@H]1C(=O)O,-13.7574,-10.366818
N=C(N)NCCC[C@H](NC(=O)[C@H](CCC(N)=O)[n+]1[c-]n2ccccc2c1)C(=O)N[C@@H](CO)C(=O)O,-6.0135,-10.356501
N=C(N)NCCC[C@H](NC(=O)[C@H](CCC(N)=O)[n+]1[c-]n2ccccc2c1)C(=O)N[C@@H](CS)C(=O)O,-11.3188,-10.952919
N=C(N)NCCC[C@H](NC(=O)[C@H](CCC(N)=O)[n+]1[c-]n2ccccc2c1)C(=O)O,-7.5996,-8.902369
N=C(N)NCCC[C@H](NC(=O)[C@H](CCCNC(=N)N)NC(=O)[C@H](CCC(=O)O)[n+]1[c-]n2ccccc2c1)C(=O)O,-9.925,-7.949135
N=C(N)NCCC[C@H](NC(=O)[C@H](CCCNC(=N)N)NC(=O)[C@H](CCCNC(=N)N)[n+]1[c-]n2ccccc2c1)C(=O)O,-2.1966,-9.008384
N=C(N)NCCC[C@H](NC(=O)[C@H](CCCNC(=N)N)NC(=O)[C@H](Cc1c[nH]cn1)[n+]1[c-]n2ccccc2c1)C(=O)O,-20.8375,-15.492009
N=C(N)NCCC[C@H](NC(=O)[C@H](CCCNC(=N)N)[n+]1[c-]n2ccccc2c1)C(=O)N[C@@H](Cc1c[nH]cn1)C(=O)O,-2.0216,-9.780289
N=C(N)NCCC[C@H](NC(=O)[C@H](CO)NC(=O)[C@H](CCCNC(=N)N)[n+]1[c-]n2ccccc2c1)C(=O)O,-9.1968,-7.010391
N=C(N)NCCC[C@H](NC(=O)[C@H](CO)NC(=O)[C@H](CO)[n+]1[c-]n2ccccc2c1)C(=O)O,-14.1196,-19.820295
N=C(N)NCCC[C@H](NC(=O)[C@H](CO)[n+]1[c-]n2ccccc2c1)C(=O)N[C@@H](CCC(N)=O)C(=O)O,-8.6834,-7.47274
N=C(N)NCCC[C@H](NC(=O)[C@H](CO)[n+]1[c-]n2ccccc2c1)C(=O)N[C@@H](CO)C(=O)O,-14.0231,-16.10534
N=C(N)NCCC[C@H](NC(=O)[C@H](CO)[n+]1[c-]n2ccccc2c1)C(=O)N[C@@H](CS)C(=O)O,-5.4536,-7.4468174
N=C(N)NCCC[C@H](NC(=O)[C@H](CO)[n+]1[c-]n2ccccc2c1)C(=O)N[C@@H](Cc1ccc(O)cc1)C(=O)O,0.6023,-8.180115
N=C(N)NCCC[C@H](NC(=O)[C@H](CS)NC(=O)[C@H](CCC(=O)O)[n+]1[c-]n2ccccc2c1)C(=O)O,-14.7377,-9.168779
N=C(N)NCCC[C@H](NC(=O)[C@H](CS)NC(=O)[C@H](CO)[n+]1[c-]n2ccccc2c1)C(=O)O,-11.9627,-9.77706
N=C(N)NCCC[C@H](NC(=O)[C@H](CS)NC(=O)[C@H](Cc1ccccc1)[n+]1[c-]n2ccccc2c1)C(=O)O,-10.3777,-12.962731
N=C(N)NCCC[C@H](NC(=O)[C@H](CS)[n+]1[c-]n2ccccc2c1)C(=O)N[C@@H](CC(=O)O)C(=O)O,-11.9096,-6.3514886
N=C(N)NCCC[C@H](NC(=O)[C@H](CS)[n+]1[c-]n2ccccc2c1)C(=O)N[C@@H](CS)C(=O)O,-5.4218,-7.8519993
N=C(N)NCCC[C@H](NC(=O)[C@H](CS)[n+]1[c-]n2ccccc2c1)C(=O)N[C@@H](Cc1ccccc1)C(=O)O,-10.5469,-11.655532
N=C(N)NCCC[C@H](NC(=O)[C@H](Cc1c[nH]c2ccccc12)NC(=O)C[n+]1[c-]n2ccccc2c1)C(=O)O,-14.402,-13.415915
N=C(N)NCCC[C@H](NC(=O)[C@H](Cc1c[nH]c2ccccc12)NC(=O)[C@H](CCC(=O)O)[n+]1[c-]n2ccccc2c1)C(=O)O,-18.1163,-13.556779
N=C(N)NCCC[C@H](NC(=O)[C@H](Cc1c[nH]c2ccccc12)[n+]1[c-]n2ccccc2c1)C(=O)N[C@@H](CC(=O)O)C(=O)O,-9.7991,-10.963551
N=C(N)NCCC[C@H](NC(=O)[C@H](Cc1c[nH]c2ccccc12)[n+]1[c-]n2ccccc2c1)C(=O)N[C@@H](CCC(=O)O)C(=O)O,-12.6323,-11.886761
N=C(N)NCCC[C@H](NC(=O)[C@H](Cc1c[nH]c2ccccc12)[n+]1[c-]n2ccccc2c1)C(=O)N[C@@H](Cc1c[nH]cn1)C(=O)O,-15.9813,-12.995237
N=C(N)NCCC[C@H](NC(=O)[C@H](Cc1c[nH]c2ccccc12)[n+]1[c-]n2ccccc2c1)C(=O)O,-10.7726,-11.029835
N=C(N)NCCC[C@H](NC(=O)[C@H](Cc1c[nH]cn1)NC(=O)C[n+]1[c-]n2ccccc2c1)C(=O)O,-17.3403,-14.566593
N=C(N)NCCC[C@H](NC(=O)[C@H](Cc1c[nH]cn1)NC(=O)[C@H](CC(N)=O)[n+]1[c-]n2ccccc2c1)C(=O)O,-18.6318,-17.155792
N=C(N)NCCC[C@H](NC(=O)[C@H](Cc1c[nH]cn1)NC(=O)[C@H](CCC(N)=O)[n+]1[c-]n2ccccc2c1)C(=O)O,-4.0851,-6.29078
N=C(N)NCCC[C@H](NC(=O)[C@H](Cc1c[nH]cn1)NC(=O)[C@H](Cc1c[nH]cn1)[n+]1[c-]n2ccccc2c1)C(=O)O,-15.3645,-13.565603
N=C(N)NCCC[C@H](NC(=O)[C@H](Cc1c[nH]cn1)NC(=O)[C@H](Cc1ccccc1)[n+]1[c-]n2ccccc2c1)C(=O)O,-12.3339,-9.363144
N=C(N)NCCC[C@H](NC(=O)[C@H](Cc1c[nH]cn1)[n+]1[c-]n2ccccc2c1)C(=O)N[C@@H](CO)C(=O)O,-8.2139,-8.544477
N=C(N)NCCC[C@H](NC(=O)[C@H](Cc1ccc(O)cc1)NC(=O)[C@H](CC(N)=O)[n+]1[c-]n2ccccc2c1)C(=O)O,-3.5506,-8.731556
N=C(N)NCCC[C@H](NC(=O)[C@H](Cc1ccc(O)cc1)NC(=O)[C@H](CCC(N)=O)[n+]1[c-]n2ccccc2c1)C(=O)O,-9.63,-10.084039
N=C(N)NCCC[C@H](NC(=O)[C@H](Cc1ccc(O)cc1)NC(=O)[C@H](CO)[n+]1[c-]n2ccccc2c1)C(=O)O,-8.9454,-11.686661
N=C(N)NCCC[C@H](NC(=O)[C@H](Cc1ccc(O)cc1)NC(=O)[C@H](Cc1ccc(O)cc1)[n+]1[c-]n2ccccc2c1)C(=O)O,-7.5647,-10.738954
N=C(N)NCCC[C@H](NC(=O)[C@H](Cc1ccc(O)cc1)[n+]1[c-]n2ccccc2c1)C(=O)NCC(=O)O,-4.8493,-11.003988
N=C(N)NCCC[C@H](NC(=O)[C@H](Cc1ccc(O)cc1)[n+]1[c-]n2ccccc2c1)C(=O)N[C@@H](CS)C(=O)O,-10.0817,-7.55842
N=C(N)NCCC[C@H](NC(=O)[C@H](Cc1ccc(O)cc1)[n+]1[c-]n2ccccc2c1)C(=O)N[C@@H](Cc1c[nH]c2ccccc12)C(=O)O,-4.5599,-10.192284
N=C(N)NCCC[C@H](NC(=O)[C@H](Cc1ccccc1)NC(=O)[C@H](CS)[n+]1[c-]n2ccccc2c1)C(=O)O,-14.4692,-18.93173
N=C(N)NCCC[C@H](NC(=O)[C@H](Cc1ccccc1)NC(=O)[C@H](Cc1ccc(O)cc1)[n+]1[c-]n2ccccc2c1)C(=O)O,-5.7515,-9.966669
N=C(N)NCCC[C@H](NC(=O)[C@H](Cc1ccccc1)[n+]1[c-]n2ccccc2c1)C(=O)N[C@@H](CC(=O)O)C(=O)O,-5.0642,-11.185064
N=C(N)NCCC[C@H](NC(=O)[C@H](Cc1ccccc1)[n+]1[c-]n2ccccc2c1)C(=O)N[C@@H](CO)C(=O)O,-10.762,-13.453004
N=C(N)NCCC[C@H](NC(=O)[C@H](Cc1ccccc1)[n+]1[c-]n2ccccc2c1)C(=O)N[C@@H](Cc1c[nH]c2ccccc12)C(=O)O,-18.7371,-11.897524
NC(=O)CC[C@@H](C(=O)N1CCC[C@H]1C(=O)N[C@@H](Cc1ccc(O)cc1)C(=O)O)[n+]1[c-]n2ccccc2c1,-12.0893,-8.633566
NC(=O)CC[C@@H](C(=O)NCC(=O)N[C@@H](Cc1c[nH]c2ccccc12)C(=O)O)[n+]1[c-]n2ccccc2c1,-6.3222,-8.114997
NC(=O)CC[C@@H](C(=O)NCC(=O)N[C@@H](Cc1ccc(O)cc1)C(=O)O)[n+]1[c-]n2ccccc2c1,-4.2083,-6.384442
NC(=O)CC[C@@H](C(=O)N[C@@H](CC(=O)O)C(=O)N[C@@H](CCC(=O)O)C(=O)O)[n+]1[c-]n2ccccc2c1,-14.0469,-14.956742
NC(=O)CC[C@@H](C(=O)N[C@@H](CC(N)=O)C(=O)N1CCC[C@H]1C(=O)O)[n+]1[c-]n2ccccc2c1,-10.4331,-9.666939
NC(=O)CC[C@@H](C(=O)N[C@@H](CC(N)=O)C(=O)N[C@@H](CS)C(=O)O)[n+]1[c-]n2ccccc2c1,0.0307,-8.179144
NC(=O)CC[C@@H](C(=O)N[C@@H](CC(N)=O)C(=O)N[C@@H](Cc1c[nH]c2ccccc12)C(=O)O)[n+]1[c-]n2ccccc2c1,-14.6513,-15.840812
NC(=O)CC[C@@H](C(=O)N[C@@H](CCC(=O)O)C(=O)N[C@@H](CCC(=O)O)C(=O)O)[n+]1[c-]n2ccccc2c1,-12.5956,-10.310051
NC(=O)CC[C@@H](C(=O)N[C@@H](CO)C(=O)O)[n+]1[c-]n2ccccc2c1,-4.4666,-5.8404255
NC(=O)CC[C@@H](C(=O)N[C@@H](CS)C(=O)N1CCC[C@H]1C(=O)O)[n+]1[c-]n2ccccc2c1,-8.2121,-9.456655
NC(=O)CC[C@@H](C(=O)N[C@@H](CS)C(=O)N[C@@H](CC(N)=O)C(=O)O)[n+]1[c-]n2ccccc2c1,-9.0513,-9.2052555
NC(=O)CC[C@@H](C(=O)N[C@@H](CS)C(=O)N[C@@H](Cc1ccc(O)cc1)C(=O)O)[n+]1[c-]n2ccccc2c1,-6.99,-7.204111
NC(=O)CC[C@@H](C(=O)N[C@@H](Cc1c[nH]c2ccccc12)C(=O)N[C@@H](CS)C(=O)O)[n+]1[c-]n2ccccc2c1,-7.5506,-5.68903
NC(=O)CC[C@@H](C(=O)N[C@@H](Cc1c[nH]c2ccccc12)C(=O)N[C@@H](Cc1c[nH]c2ccccc12)C(=O)O)[n+]1[c-]n2ccccc2c1,-16.9997,-10.015362
NC(=O)CC[C@@H](C(=O)N[C@@H](Cc1c[nH]cn1)C(=O)N1CCC[C@H]1C(=O)O)[n+]1[c-]n2ccccc2c1,1.9032,-11.059591
NC(=O)CC[C@@H](C(=O)N[C@@H](Cc1c[nH]cn1)C(=O)N[C@@H](Cc1c[nH]c2ccccc12)C(=O)O)[n+]1[c-]n2ccccc2c1,-15.9666,-8.481523
NC(=O)CC[C@@H](C(=O)N[C@@H](Cc1ccc(O)cc1)C(=O)NCC(=O)O)[n+]1[c-]n2ccccc2c1,-10.2526,-7.629237
NC(=O)CC[C@@H](C(=O)N[C@@H](Cc1ccc(O)cc1)C(=O)N[C@@H](CCC(=O)O)C(=O)O)[n+]1[c-]n2ccccc2c1,-22.8302,-15.945242
NC(=O)CC[C@@H](C(=O)N[C@@H](Cc1ccc(O)cc1)C(=O)N[C@@H](Cc1ccccc1)C(=O)O)[n+]1[c-]n2ccccc2c1,-7.5639,-8.963951
NC(=O)CC[C@@H](C(=O)N[C@@H](Cc1ccccc1)C(=O)N[C@@H](CC(N)=O)C(=O)O)[n+]1[c-]n2ccccc2c1,-15.3464,-8.08601
NC(=O)CC[C@@H](C(=O)N[C@@H](Cc1ccccc1)C(=O)N[C@@H](CCC(=O)O)C(=O)O)[n+]1[c-]n2ccccc2c1,-15.7894,-12.394718
NC(=O)CC[C@@H](C(=O)N[C@@H](Cc1ccccc1)C(=O)N[C@@H](Cc1ccc(O)cc1)C(=O)O)[n+]1[c-]n2ccccc2c1,-10.5514,-8.548632
NC(=O)CC[C@@H](C(=O)N[C@@H](Cc1ccccc1)C(=O)O)[n+]1[c-]n2ccccc2c1,-6.7192,-7.6869154
NC(=O)CC[C@H](NC(=O)CNC(=O)C[n+]1[c-]n2ccccc2c1)C(=O)O,-17.6924,-9.613853
NC(=O)CC[C@H](NC(=O)CNC(=O)[C@H](CCC(N)=O)[n+]1[c-]n2ccccc2c1)C(=O)O,-10.0376,-10.382728
NC(=O)CC[C@H](NC(=O)CNC(=O)[C@H](Cc1c[nH]c2ccccc12)[n+]1[c-]n2ccccc2c1)C(=O)O,-15.2187,-9.069347
NC(=O)CC[C@H](NC(=O)C[n+]1[c-]n2ccccc2c1)C(=O)N[C@@H](CC(=O)O)C(=O)O,-12.2576,-13.83345
NC(=O)CC[C@H](NC(=O)C[n+]1[c-]n2ccccc2c1)C(=O)N[C@@H](CS)C(=O)O,-16.0725,-13.467882
NC(=O)CC[C@H](NC(=O)C[n+]1[c-]n2ccccc2c1)C(=O)N[C@@H](Cc1c[nH]c2ccccc12)C(=O)O,-9.6719,-11.817871
NC(=O)CC[C@H](NC(=O)[C@@H]1CCCN1C(=O)[C@H](CS)[n+]1[c-]n2ccccc2c1)C(=O)O,-11.3005,-7.814495
NC(=O)CC[C@H](NC(=O)[C@H](CC(=O)O)NC(=O)[C@H](CC(N)=O)[n+]1[c-]n2ccccc2c1)C(=O)O,-14.4761,-11.466158
NC(=O)CC[C@H](NC(=O)[C@H](CC(=O)O)NC(=O)[C@H](Cc1ccc(O)cc1)[n+]1[c-]n2ccccc2c1)C(=O)O,-5.5399,-8.772332
NC(=O)CC[C@H](NC(=O)[C@H](CC(=O)O)[n+]1[c-]n2ccccc2c1)C(=O)N[C@@H](CCC(=O)O)C(=O)O,-23.5037,-20.655678
NC(=O)CC[C@H](NC(=O)[C@H](CC(=O)O)[n+]1[c-]n2ccccc2c1)C(=O)N[C@@H](CO)C(=O)O,-9.9919,-8.005899
NC(=O)CC[C@H](NC(=O)[C@H](CC(=O)O)[n+]1[c-]n2ccccc2c1)C(=O)N[C@@H](CS)C(=O)O,-10.0859,-8.269492
NC(=O)CC[C@H](NC(=O)[C@H](CC(N)=O)NC(=O)[C@H](Cc1c[nH]c2ccccc12)[n+]1[c-]n2ccccc2c1)C(=O)O,-11.9942,-8.838039
NC(=O)CC[C@H](NC(=O)[C@H](CC(N)=O)[n+]1[c-]n2ccccc2c1)C(=O)N1CCC[C@H]1C(=O)O,-2.7647,-7.940178
NC(=O)CC[C@H](NC(=O)[C@H](CC(N)=O)[n+]1[c-]n2ccccc2c1)C(=O)NCC(=O)O,-7.7379,-8.26009
NC(=O)CC[C@H](NC(=O)[C@H](CC(N)=O)[n+]1[c-]n2ccccc2c1)C(=O)N[C@@H](CC(=O)O)C(=O)O,-11.357,-7.8737035
NC(=O)CC[C@H](NC(=O)[C@H](CC(N)=O)[n+]1[c-]n2ccccc2c1)C(=O)N[C@@H](CO)C(=O)O,-10.9003,-11.2556305
NC(=O)CC[C@H](NC(=O)[C@H](CCC(=O)O)NC(=O)C[n+]1[c-]n2ccccc2c1)C(=O)O,-16.2734,-14.105236
NC(=O)CC[C@H](NC(=O)[C@H](CCC(=O)O)NC(=O)[C@H](CC(=O)O)[n+]1[c-]n2ccccc2c1)C(=O)O,-17.7452,-12.148474
NC(=O)CC[C@H](NC(=O)[C@H](CCC(=O)O)NC(=O)[C@H](CCC(N)=O)[n+]1[c-]n2ccccc2c1)C(=O)O,-16.2234,-8.623271
NC(=O)CC[C@H](NC(=O)[C@H](CCC(=O)O)[n+]1[c-]n2ccccc2c1)C(=O)N[C@@H](CS)C(=O)O,-5.6833,-7.576469
NC(=O)CC[C@H](NC(=O)[C@H](CCC(=O)O)[n+]1[c-]n2ccccc2c1)C(=O)N[C@@H](Cc1ccc(O)cc1)C(=O)O,-15.4954,-8.282839
NC(=O)CC[C@H](NC(=O)[C@H](CCC(N)=O)NC(=O)[C@H](CCC(=O)O)[n+]1[c-]n2ccccc2c1)C(=O)O,-17.5477,-10.238124
NC(=O)CC[C@H](NC(=O)[C@H](CCC(N)=O)NC(=O)[C@H](CO)[n+]1[c-]n2ccccc2c1)C(=O)O,-13.859,-10.8546
NC(=O)CC[C@H](NC(=O)[C@H](CCC(N)=O)NC(=O)[C@H](Cc1ccc(O)cc1)[n+]1[c-]n2ccccc2c1)C(=O)O,-8.1813,-10.180798
NC(=O)CC[C@H](NC(=O)[C@H](CCC(N)=O)[n+]1[c-]n2ccccc2c1)C(=O)NCC(=O)O,-8.6731,-8.203474
NC(=O)CC[C@H](NC(=O)[C@H](CCC(N)=O)[n+]1[c-]n2ccccc2c1)C(=O)N[C@@H](CCC(=O)O)C(=O)O,-21.562,-11.050106
NC(=O)CC[C@H](NC(=O)[C@H](CCC(N)=O)[n+]1[c-]n2ccccc2c1)C(=O)N[C@@H](CO)C(=O)O,-14.7992,-11.202301
NC(=O)CC[C@H](NC(=O)[C@H](CCC(N)=O)[n+]1[c-]n2ccccc2c1)C(=O)N[C@@H](Cc1c[nH]c2ccccc12)C(=O)O,-16.2932,-10.394287
NC(=O)CC[C@H](NC(=O)[C@H](CCC(N)=O)[n+]1[c-]n2ccccc2c1)C(=O)N[C@@H](Cc1ccccc1)C(=O)O,-16.4108,-9.716958
NC(=O)CC[C@H](NC(=O)[C@H](CO)NC(=O)C[n+]1[c-]n2ccccc2c1)C(=O)O,-19.2039,-11.700791
NC(=O)CC[C@H](NC(=O)[C@H](CO)NC(=O)[C@H](Cc1c[nH]c2ccccc12)[n+]1[c-]n2ccccc2c1)C(=O)O,-11.6745,-9.221403
NC(=O)CC[C@H](NC(=O)[C@H](CO)NC(=O)[C@H](Cc1c[nH]cn1)[n+]1[c-]n2ccccc2c1)C(=O)O,-9.039,-9.944873
NC(=O)CC[C@H](NC(=O)[C@H](CS)NC(=O)C[n+]1[c-]n2ccccc2c1)C(=O)O,-13.8391,-12.606574
NC(=O)CC[C@H](NC(=O)[C@H](CS)NC(=O)[C@H](CO)[n+]1[c-]n2ccccc2c1)C(=O)O,-12.3824,-13.594996
NC(=O)CC[C@H](NC(=O)[C@H](CS)NC(=O)[C@H](Cc1c[nH]c2ccccc12)[n+]1[c-]n2ccccc2c1)C(=O)O,-16.4354,-10.423597
NC(=O)CC[C@H](NC(=O)[C@H](CS)NC(=O)[C@H](Cc1ccc(O)cc1)[n+]1[c-]n2ccccc2c1)C(=O)O,-6.3576,-6.9492
NC(=O)CC[C@H](NC(=O)[C@H](CS)[n+]1[c-]n2ccccc2c1)C(=O)N[C@@H](CCC(=O)O)C(=O)O,-20.4544,-15.82015
NC(=O)CC[C@H](NC(=O)[C@H](CS)[n+]1[c-]n2ccccc2c1)C(=O)N[C@@H](CO)C(=O)O,-17.3147,-11.966936
NC(=O)CC[C@H](NC(=O)[C@H](CS)[n+]1[c-]n2ccccc2c1)C(=O)N[C@@H](Cc1ccc(O)cc1)C(=O)O,-14.388,-8.515581
NC(=O)CC[C@H](NC(=O)[C@H](CS)[n+]1[c-]n2ccccc2c1)C(=O)N[C@@H](Cc1ccccc1)C(=O)O,-12.2753,-9.93172
NC(=O)CC[C@H](NC(=O)[C@H](CS)[n+]1[c-]n2ccccc2c1)C(=O)O,-9.1721,-8.138484
NC(=O)CC[C@H](NC(=O)[C@H](Cc1c[nH]c2ccccc12)NC(=O)[C@H](CC(=O)O)[n+]1[c-]n2ccccc2c1)C(=O)O,-10.1918,-7.6541348
NC(=O)CC[C@H](NC(=O)[C@H](Cc1c[nH]c2ccccc12)[n+]1[c-]n2ccccc2c1)C(=O)N[C@@H](CC(N)=O)C(=O)O,-14.5744,-12.447016
NC(=O)CC[C@H](NC(=O)[C@H](Cc1c[nH]c2ccccc12)[n+]1[c-]n2ccccc2c1)C(=O)N[C@@H](Cc1ccccc1)C(=O)O,-19.7485,-10.267337
NC(=O)CC[C@H](NC(=O)[C@H](Cc1c[nH]cn1)NC(=O)[C@H](CS)[n+]1[c-]n2ccccc2c1)C(=O)O,-13.2333,-7.311942
NC(=O)CC[C@H](NC(=O)[C@H](Cc1c[nH]cn1)NC(=O)[C@H](Cc1ccccc1)[n+]1[c-]n2ccccc2c1)C(=O)O,-16.1791,-9.200464
NC(=O)CC[C@H](NC(=O)[C@H](Cc1c[nH]cn1)[n+]1[c-]n2ccccc2c1)C(=O)N[C@@H](CCC(=O)O)C(=O)O,-10.6666,-8.154637
NC(=O)CC[C@H](NC(=O)[C@H](Cc1ccc(O)cc1)NC(=O)[C@H](CCC(=O)O)[n+]1[c-]n2ccccc2c1)C(=O)O,-6.1468,-10.732781
NC(=O)CC[C@H](NC(=O)[C@H](Cc1ccccc1)[n+]1[c-]n2ccccc2c1)C(=O)N[C@@H](CC(=O)O)C(=O)O,-19.469,-11.854151
NC(=O)CC[C@H](NC(=O)[C@H](Cc1ccccc1)[n+]1[c-]n2ccccc2c1)C(=O)N[C@@H](CO)C(=O)O,-12.1899,-13.408607
NC(=O)CC[C@H](NC(=O)[C@H](Cc1ccccc1)[n+]1[c-]n2ccccc2c1)C(=O)N[C@@H](Cc1c[nH]c2ccccc12)C(=O)O,-18.1499,-9.6356125
NC(=O)CC[C@H](NC(=O)[C@H](Cc1ccccc1)[n+]1[c-]n2ccccc2c1)C(=O)O,-12.4267,-11.027641
NC(=O)C[C@@H](C(=O)N[C@@H](CC(=O)O)C(=O)N[C@@H](CCC(=O)O)C(=O)O)[n+]1[c-]n2ccccc2c1,-5.6537,-9.0371
NC(=O)C[C@@H](C(=O)N[C@@H](CC(=O)O)C(=O)N[C@@H](Cc1c[nH]cn1)C(=O)O)[n+]1[c-]n2ccccc2c1,-9.5048,-9.659262
NC(=O)C[C@@H](C(=O)N[C@@H](CC(=O)O)C(=O)N[C@@H](Cc1ccccc1)C(=O)O)[n+]1[c-]n2ccccc2c1,-14.4801,-8.502929
NC(=O)C[C@@H](C(=O)N[C@@H](CCC(=O)O)C(=O)NCC(=O)O)[n+]1[c-]n2ccccc2c1,-7.6749,-4.753438
NC(=O)C[C@@H](C(=O)N[C@@H](CCC(=O)O)C(=O)N[C@@H](CS)C(=O)O)[n+]1[c-]n2ccccc2c1,-9.6038,-10.352778
NC(=O)C[C@@H](C(=O)N[C@@H](CCC(=O)O)C(=O)N[C@@H](Cc1c[nH]cn1)C(=O)O)[n+]1[c-]n2ccccc2c1,-15.1184,-11.105842
NC(=O)C[C@@H](C(=O)N[C@@H](CO)C(=O)N[C@@H](Cc1c[nH]c2ccccc12)C(=O)O)[n+]1[c-]n2ccccc2c1,-6.1256,-9.568045
NC(=O)C[C@@H](C(=O)N[C@@H](CO)C(=O)N[C@@H](Cc1c[nH]cn1)C(=O)O)[n+]1[c-]n2ccccc2c1,-6.5412,-6.015628
NC(=O)C[C@@H](C(=O)N[C@@H](CO)C(=O)O)[n+]1[c-]n2ccccc2c1,-2.3683,-5.412207
NC(=O)C[C@@H](C(=O)N[C@@H](Cc1c[nH]c2ccccc12)C(=O)N[C@@H](CCC(=O)O)C(=O)O)[n+]1[c-]n2ccccc2c1,-7.6135,-11.278973
NC(=O)C[C@@H](C(=O)N[C@@H](Cc1c[nH]c2ccccc12)C(=O)N[C@@H](CO)C(=O)O)[n+]1[c-]n2ccccc2c1,-10.2827,-6.2444224
NC(=O)C[C@@H](C(=O)N[C@@H](Cc1c[nH]c2ccccc12)C(=O)N[C@@H](Cc1ccc(O)cc1)C(=O)O)[n+]1[c-]n2ccccc2c1,-10.5189,-8.27084
NC(=O)C[C@@H](C(=O)N[C@@H](Cc1c[nH]cn1)C(=O)N[C@@H](CS)C(=O)O)[n+]1[c-]n2ccccc2c1,-8.8273,-9.349217
NC(=O)C[C@@H](C(=O)N[C@@H](Cc1c[nH]cn1)C(=O)O)[n+]1[c-]n2ccccc2c1,-11.0121,-9.369111
NC(=O)C[C@@H](C(=O)N[C@@H](Cc1ccc(O)cc1)C(=O)N[C@@H](CCC(=O)O)C(=O)O)[n+]1[c-]n2ccccc2c1,-9.5337,-7.6655354
NC(=O)C[C@@H](C(=O)N[C@@H](Cc1ccc(O)cc1)C(=O)N[C@@H](CS)C(=O)O)[n+]1[c-]n2ccccc2c1,-9.1021,-10.689215
NC(=O)C[C@@H](C(=O)N[C@@H](Cc1ccc(O)cc1)C(=O)N[C@@H](Cc1c[nH]c2ccccc12)C(=O)O)[n+]1[c-]n2ccccc2c1,-13.7018,-9.080271
NC(=O)C[C@@H](C(=O)N[C@@H](Cc1ccc(O)cc1)C(=O)N[C@@H](Cc1c[nH]cn1)C(=O)O)[n+]1[c-]n2ccccc2c1,-2.2584,-6.4326706
NC(=O)C[C@@H](C(=O)N[C@@H](Cc1ccc(O)cc1)C(=O)O)[n+]1[c-]n2ccccc2c1,-5.7172,-7.402067
NC(=O)C[C@@H](C(=O)N[C@@H](Cc1ccccc1)C(=O)NCC(=O)O)[n+]1[c-]n2ccccc2c1,-1.4688,-5.3715315
NC(=O)C[C@@H](C(=O)N[C@@H](Cc1ccccc1)C(=O)N[C@@H](CCC(=O)O)C(=O)O)[n+]1[c-]n2ccccc2c1,-12.4631,-11.292797
NC(=O)C[C@H](NC(=O)CNC(=O)[C@H](Cc1ccc(O)cc1)[n+]1[c-]n2ccccc2c1)C(=O)O,-9.8086,-7.81065
NC(=O)C[C@H](NC(=O)C[n+]1[c-]n2ccccc2c1)C(=O)NCC(=O)O,-8.5704,-9.774539
NC(=O)C[C@H](NC(=O)C[n+]1[c-]n2ccccc2c1)C(=O)N[C@@H](CC(=O)O)C(=O)O,-18.0986,-14.156191
NC(=O)C[C@H](NC(=O)C[n+]1[c-]n2ccccc2c1)C(=O)N[C@@H](Cc1c[nH]cn1)C(=O)O,-18.0399,-13.715462
NC(=O)C[C@H](NC(=O)[C@@H]1CCCN1C(=O)[C@H](CC(N)=O)[n+]1[c-]n2ccccc2c1)C(=O)O,-2.3985,-9.125035
NC(=O)C[C@H](NC(=O)[C@H](CC(=O)O)NC(=O)C[n+]1[c-]n2ccccc2c1)C(=O)O,-16.7119,-11.635217
NC(=O)C[C@H](NC(=O)[C@H](CC(=O)O)NC(=O)[C@H](CC(=O)O)[n+]1[c-]n2ccccc2c1)C(=O)O,-10.2008,-8.46187
NC(=O)C[C@H](NC(=O)[C@H](CC(=O)O)NC(=O)[C@H](CCC(=O)O)[n+]1[c-]n2ccccc2c1)C(=O)O,-9.2041,-9.379576
NC(=O)C[C@H](NC(=O)[C@H](CC(=O)O)NC(=O)[C@H](Cc1c[nH]c2ccccc12)[n+]1[c-]n2ccccc2c1)C(=O)O,-11.3132,-8.357225
NC(=O)C[C@H](NC(=O)[C@H](CC(=O)O)[n+]1[c-]n2ccccc2c1)C(=O)N1CCC[C@H]1C(=O)O,-6.6636,-5.9255056
NC(=O)C[C@H](NC(=O)[C@H](CC(=O)O)[n+]1[c-]n2ccccc2c1)C(=O)N[C@@H](CO)C(=O)O,-12.1404,-6.06071
NC(=O)C[C@H](NC(=O)[C@H](CC(=O)O)[n+]1[c-]n2ccccc2c1)C(=O)N[C@@H](Cc1c[nH]c2ccccc12)C(=O)O,-9.5025,-7.7980604
NC(=O)C[C@H](NC(=O)[C@H](CC(=O)O)[n+]1[c-]n2ccccc2c1)C(=O)N[C@@H](Cc1ccc(O)cc1)C(=O)O,-15.4471,-10.873965
NC(=O)C[C@H](NC(=O)[C@H](CC(N)=O)NC(=O)[C@H](CCC(=O)O)[n+]1[c-]n2ccccc2c1)C(=O)O,-14.184,-11.087204
NC(=O)C[C@H](NC(=O)[C@H](CC(N)=O)NC(=O)[C@H](Cc1c[nH]cn1)[n+]1[c-]n2ccccc2c1)C(=O)O,-11.6722,-9.162144
NC(=O)C[C@H](NC(=O)[C@H](CC(N)=O)[n+]1[c-]n2ccccc2c1)C(=O)N[C@@H](CO)C(=O)O,-11.0412,-8.7928505
NC(=O)C[C@H](NC(=O)[C@H](CC(N)=O)[n+]1[c-]n2ccccc2c1)C(=O)N[C@@H](Cc1ccccc1)C(=O)O,-17.259,-13.73851
NC(=O)C[C@H](NC(=O)[C@H](CC(N)=O)[n+]1[c-]n2ccccc2c1)C(=O)O,-6.9859,-5.562411
NC(=O)C[C@H](NC(=O)[C@H](CCC(=O)O)NC(=O)[C@H](CC(N)=O)[n+]1[c-]n2ccccc2c1)C(=O)O,-12.2229,-9.148277
NC(=O)C[C@H](NC(=O)[C@H](CCC(=O)O)NC(=O)[C@H](CS)[n+]1[c-]n2ccccc2c1)C(=O)O,-11.1279,-9.434537
NC(=O)C[C@H](NC(=O)[C@H](CCC(=O)O)NC(=O)[C@H](Cc1c[nH]c2ccccc12)[n+]1[c-]n2ccccc2c1)C(=O)O,-14.2636,-8.953795
NC(=O)C[C@H](NC(=O)[C@H](CCC(=O)O)[n+]1[c-]n2ccccc2c1)C(=O)NCC(=O)O,-4.9786,-4.916663
NC(=O)C[C@H](NC(=O)[C@H](CCC(=O)O)[n+]1[c-]n2ccccc2c1)C(=O)N[C@@H](CS)C(=O)O,-8.2458,-7.8713794
NC(=O)C[C@H](NC(=O)[C@H](CCC(=O)O)[n+]1[c-]n2ccccc2c1)C(=O)N[C@@H](Cc1c[nH]c2ccccc12)C(=O)O,-7.82,-8.41478
NC(=O)C[C@H](NC(=O)[C@H](CCC(=O)O)[n+]1[c-]n2ccccc2c1)C(=O)N[C@@H](Cc1c[nH]cn1)C(=O)O,-13.4169,-7.7826486
NC(=O)C[C@H](NC(=O)[C@H](CCC(=O)O)[n+]1[c-]n2ccccc2c1)C(=O)N[C@@H](Cc1ccc(O)cc1)C(=O)O,-1.2975,-5.993195
NC(=O)C[C@H](NC(=O)[C@H](CO)NC(=O)[C@H](Cc1c[nH]c2ccccc12)[n+]1[c-]n2ccccc2c1)C(=O)O,-11.858,-10.5169735
NC(=O)C[C@H](NC(=O)[C@H](CO)[n+]1[c-]n2ccccc2c1)C(=O)N[C@@H](CS)C(=O)O,-14.1025,-11.214137
NC(=O)C[C@H](NC(=O)[C@H](CS)NC(=O)[C@H](CC(N)=O)[n+]1[c-]n2ccccc2c1)C(=O)O,-4.392,-10.682453
NC(=O)C[C@H](NC(=O)[C@H](CS)NC(=O)[C@H](Cc1c[nH]cn1)[n+]1[c-]n2ccccc2c1)C(=O)O,-9.9914,-8.057867
NC(=O)C[C@H](NC(=O)[C@H](CS)[n+]1[c-]n2ccccc2c1)C(=O)NCC(=O)O,-3.5103,-1.9108784
NC(=O)C[C@H](NC(=O)[C@H](CS)[n+]1[c-]n2ccccc2c1)C(=O)N[C@@H](Cc1c[nH]cn1)C(=O)O,-8.2834,-5.751236
NC(=O)C[C@H](NC(=O)[C@H](CS)[n+]1[c-]n2ccccc2c1)C(=O)N[C@@H](Cc1ccc(O)cc1)C(=O)O,-11.2959,-10.291853
NC(=O)C[C@H](NC(=O)[C@H](Cc1c[nH]c2ccccc12)NC(=O)C[n+]1[c-]n2ccccc2c1)C(=O)O,-11.0442,-12.635176
NC(=O)C[C@H](NC(=O)[C@H](Cc1c[nH]c2ccccc12)NC(=O)[C@H](CC(=O)O)[n+]1[c-]n2ccccc2c1)C(=O)O,-16.2523,-9.276595
NC(=O)C[C@H](NC(=O)[C@H](Cc1c[nH]c2ccccc12)NC(=O)[C@H](CC(N)=O)[n+]1[c-]n2ccccc2c1)C(=O)O,-14.1112,-10.871679
NC(=O)C[C@H](NC(=O)[C@H](Cc1c[nH]c2ccccc12)NC(=O)[C@H](CO)[n+]1[c-]n2ccccc2c1)C(=O)O,-9.5217,-7.7225423
NC(=O)C[C@H](NC(=O)[C@H](Cc1c[nH]c2ccccc12)[n+]1[c-]n2ccccc2c1)C(=O)N[C@@H](CC(=O)O)C(=O)O,-14.9523,-9.70631
NC(=O)C[C@H](NC(=O)[C@H](Cc1c[nH]c2ccccc12)[n+]1[c-]n2ccccc2c1)C(=O)N[C@@H](CS)C(=O)O,-12.7047,-10.469026
NC(=O)C[C@H](NC(=O)[C@H](Cc1c[nH]cn1)NC(=O)[C@H](CC(N)=O)[n+]1[c-]n2ccccc2c1)C(=O)O,-12.4447,-8.870966
NC(=O)C[C@H](NC(=O)[C@H](Cc1c[nH]cn1)NC(=O)[C@H](CCC(=O)O)[n+]1[c-]n2ccccc2c1)C(=O)O,-2.7961,-9.729799
NC(=O)C[C@H](NC(=O)[C@H](Cc1c[nH]cn1)NC(=O)[C@H](Cc1ccccc1)[n+]1[c-]n2ccccc2c1)C(=O)O,-18.2765,-11.646318
NC(=O)C[C@H](NC(=O)[C@H](Cc1c[nH]cn1)[n+]1[c-]n2ccccc2c1)C(=O)N[C@@H](CS)C(=O)O,-13.0553,-9.79907
NC(=O)C[C@H](NC(=O)[C@H](Cc1c[nH]cn1)[n+]1[c-]n2ccccc2c1)C(=O)N[C@@H](Cc1ccc(O)cc1)C(=O)O,-16.1087,-11.44736
NC(=O)C[C@H](NC(=O)[C@H](Cc1c[nH]cn1)[n+]1[c-]n2ccccc2c1)C(=O)N[C@@H](Cc1ccccc1)C(=O)O,-5.3909,-6.618663
NC(=O)C[C@H](NC(=O)[C@H](Cc1c[nH]cn1)[n+]1[c-]n2ccccc2c1)C(=O)O,-10.1771,-8.436667
NC(=O)C[C@H](NC(=O)[C@H](Cc1ccc(O)cc1)NC(=O)[C@H](CC(N)=O)[n+]1[c-]n2ccccc2c1)C(=O)O,-6.1517,-8.376266
NC(=O)C[C@H](NC(=O)[C@H](Cc1ccc(O)cc1)[n+]1[c-]n2ccccc2c1)C(=O)N[C@@H](Cc1c[nH]c2ccccc12)C(=O)O,-14.0615,-9.499308
NC(=O)C[C@H](NC(=O)[C@H](Cc1ccc(O)cc1)[n+]1[c-]n2ccccc2c1)C(=O)N[C@@H](Cc1c[nH]cn1)C(=O)O,-5.7922,-6.199194
NC(=O)C[C@H](NC(=O)[C@H](Cc1ccccc1)NC(=O)[C@H](Cc1c[nH]cn1)[n+]1[c-]n2ccccc2c1)C(=O)O,-13.6041,-13.146618
NC(=O)C[C@H](NC(=O)[C@H](Cc1ccccc1)[n+]1[c-]n2ccccc2c1)C(=O)N[C@@H](Cc1c[nH]cn1)C(=O)O,-15.2211,-12.858147
NC(=O)C[C@H](NC(=O)[C@H](Cc1ccccc1)[n+]1[c-]n2ccccc2c1)C(=O)N[C@@H](Cc1ccccc1)C(=O)O,-12.385,-8.303431
O=C(CNC(=O)[C@H](CO)[n+]1[c-]n2ccccc2c1)N[C@@H](CS)C(=O)O,-10.1277,-7.21432
O=C(CNC(=O)[C@H](CO)[n+]1[c-]n2ccccc2c1)N[C@@H](Cc1ccccc1)C(=O)O,-7.5483,-9.813784
O=C(CNC(=O)[C@H](CS)[n+]1[c-]n2ccccc2c1)N[C@@H](Cc1c[nH]cn1)C(=O)O,-9.2305,-9.9663515
O=C(CNC(=O)[C@H](CS)[n+]1[c-]n2ccccc2c1)N[C@@H](Cc1ccc(O)cc1)C(=O)O,-15.4705,-9.324228
O=C(CNC(=O)[C@H](Cc1c[nH]c2ccccc12)[n+]1[c-]n2ccccc2c1)N[C@@H](CS)C(=O)O,-5.8629,-9.556185
O=C(CNC(=O)[C@H](Cc1c[nH]cn1)[n+]1[c-]n2ccccc2c1)N[C@@H](CS)C(=O)O,-9.5405,-7.942073
O=C(CNC(=O)[C@H](Cc1ccc(O)cc1)[n+]1[c-]n2ccccc2c1)N[C@@H](CS)C(=O)O,-10.4485,-8.722041
O=C(CNC(=O)[C@H](Cc1ccc(O)cc1)[n+]1[c-]n2ccccc2c1)N[C@@H](Cc1c[nH]c2ccccc12)C(=O)O,-9.6909,-7.8846397
O=C(CNC(=O)[C@H](Cc1ccccc1)[n+]1[c-]n2ccccc2c1)N[C@@H](Cc1c[nH]c2ccccc12)C(=O)O,-13.1575,-10.397422
O=C(CNC(=O)[C@H](Cc1ccccc1)[n+]1[c-]n2ccccc2c1)N[C@@H](Cc1ccc(O)cc1)C(=O)O,-20.7314,-12.685859
O=C(C[n+]1[c-]n2ccccc2c1)NCC(=O)N[C@@H](CO)C(=O)O,-8.8825,-11.174008
O=C(C[n+]1[c-]n2ccccc2c1)NCC(=O)N[C@@H](Cc1c[nH]cn1)C(=O)O,-9.7584,-10.716604
O=C(C[n+]1[c-]n2ccccc2c1)N[C@@H](CO)C(=O)N[C@@H](Cc1c[nH]c2ccccc12)C(=O)O,-15.7417,-13.181901
O=C(C[n+]1[c-]n2ccccc2c1)N[C@@H](CO)C(=O)N[C@@H](Cc1ccc(O)cc1)C(=O)O,-9.0935,-12.384981
O=C(C[n+]1[c-]n2ccccc2c1)N[C@@H](Cc1c[nH]c2ccccc12)C(=O)N[C@@H](CO)C(=O)O,-12.265,-14.064449
O=C(C[n+]1[c-]n2ccccc2c1)N[C@@H](Cc1c[nH]c2ccccc12)C(=O)N[C@@H](Cc1c[nH]cn1)C(=O)O,-14.6985,-12.889254
O=C(C[n+]1[c-]n2ccccc2c1)N[C@@H](Cc1c[nH]c2ccccc12)C(=O)N[C@@H](Cc1ccccc1)C(=O)O,-12.3804,-13.356453
O=C(C[n+]1[c-]n2ccccc2c1)N[C@@H](Cc1ccc(O)cc1)C(=O)O,-8.1081,-9.915102
O=C(C[n+]1[c-]n2ccccc2c1)N[C@@H](Cc1ccccc1)C(=O)N[C@@H](Cc1c[nH]cn1)C(=O)O,-9.4254,-11.994009
O=C(C[n+]1[c-]n2ccccc2c1)N[C@@H](Cc1ccccc1)C(=O)O,-7.6998,-7.398734
O=C(O)CC[C@@H](C(=O)N1CCC[C@H]1C(=O)N[C@@H](Cc1c[nH]c2ccccc12)C(=O)O)[n+]1[c-]n2ccccc2c1,-6.6668,-7.4843454
O=C(O)CC[C@@H](C(=O)N1CCC[C@H]1C(=O)N[C@@H](Cc1ccccc1)C(=O)O)[n+]1[c-]n2ccccc2c1,-7.4908,-9.351746
O=C(O)CC[C@@H](C(=O)NCC(=O)N[C@@H](Cc1ccc(O)cc1)C(=O)O)[n+]1[c-]n2ccccc2c1,-9.6027,-6.355821
O=C(O)CC[C@@H](C(=O)N[C@@H](CC(=O)O)C(=O)N[C@@H](CC(=O)O)C(=O)O)[n+]1[c-]n2ccccc2c1,-5.1967,-9.403883
O=C(O)CC[C@@H](C(=O)N[C@@H](CC(=O)O)C(=O)N[C@@H](Cc1c[nH]c2ccccc12)C(=O)O)[n+]1[c-]n2ccccc2c1,-8.7312,-10.168951
O=C(O)CC[C@@H](C(=O)N[C@@H](CC(=O)O)C(=O)N[C@@H](Cc1ccc(O)cc1)C(=O)O)[n+]1[c-]n2ccccc2c1,-4.9091,-6.540037
O=C(O)CC[C@@H](C(=O)N[C@@H](Cc1c[nH]c2ccccc12)C(=O)NCC(=O)O)[n+]1[c-]n2ccccc2c1,-7.1188,-7.021903
O=C(O)CC[C@@H](C(=O)N[C@@H](Cc1c[nH]c2ccccc12)C(=O)N[C@@H](Cc1c[nH]c2ccccc12)C(=O)O)[n+]1[c-]n2ccccc2c1,-14.3777,-13.379004
O=C(O)CC[C@@H](C(=O)N[C@@H](Cc1c[nH]c2ccccc12)C(=O)N[C@@H](Cc1ccc(O)cc1)C(=O)O)[n+]1[c-]n2ccccc2c1,-10.5065,-9.856374
O=C(O)CC[C@@H](C(=O)N[C@@H](Cc1ccc(O)cc1)C(=O)NCC(=O)O)[n+]1[c-]n2ccccc2c1,-4.4719,-6.050895
O=C(O)CC[C@@H](C(=O)N[C@@H](Cc1ccc(O)cc1)C(=O)N[C@@H](CO)C(=O)O)[n+]1[c-]n2ccccc2c1,-5.9489,-8.185932
O=C(O)CC[C@@H](C(=O)N[C@@H](Cc1ccc(O)cc1)C(=O)N[C@@H](Cc1ccc(O)cc1)C(=O)O)[n+]1[c-]n2ccccc2c1,-10.3623,-11.554557
O=C(O)CC[C@@H](C(=O)N[C@@H](Cc1ccc(O)cc1)C(=O)N[C@@H](Cc1ccccc1)C(=O)O)[n+]1[c-]n2ccccc2c1,-1.253,-6.1373415
O=C(O)CC[C@@H](C(=O)N[C@@H](Cc1ccccc1)C(=O)N[C@@H](Cc1c[nH]c2ccccc12)C(=O)O)[n+]1[c-]n2ccccc2c1,-6.3496,-8.812273
O=C(O)CC[C@@H](C(=O)N[C@@H](Cc1ccccc1)C(=O)O)[n+]1[c-]n2ccccc2c1,-4.9289,-7.1714215
O=C(O)CC[C@H](NC(=O)CNC(=O)[C@H](Cc1c[nH]cn1)[n+]1[c-]n2ccccc2c1)C(=O)O,-9.3162,-10.34734
O=C(O)CC[C@H](NC(=O)C[n+]1[c-]n2ccccc2c1)C(=O)N1CCC[C@H]1C(=O)O,-9.5689,-10.089149
O=C(O)CC[C@H](NC(=O)C[n+]1[c-]n2ccccc2c1)C(=O)N[C@@H](Cc1ccc(O)cc1)C(=O)O,-13.2964,-12.946207
O=C(O)CC[C@H](NC(=O)[C@@H]1CCCN1C(=O)[C@H](CC(=O)O)[n+]1[c-]n2ccccc2c1)C(=O)O,0.8719,-3.651277
O=C(O)CC[C@H](NC(=O)[C@@H]1CCCN1C(=O)[C@H](CCC(=O)O)[n+]1[c-]n2ccccc2c1)C(=O)O,-4.6193,-7.124464
O=C(O)CC[C@H](NC(=O)[C@@H]1CCCN1C(=O)[C@H](CO)[n+]1[c-]n2ccccc2c1)C(=O)O,-6.5834,-10.229809
O=C(O)CC[C@H](NC(=O)[C@H](CC(=O)O)NC(=O)C[n+]1[c-]n2ccccc2c1)C(=O)O,-17.7897,-11.998381
O=C(O)CC[C@H](NC(=O)[C@H](CC(=O)O)[n+]1[c-]n2ccccc2c1)C(=O)N[C@@H](Cc1ccc(O)cc1)C(=O)O,-17.5292,-8.010878
O=C(O)CC[C@H](NC(=O)[C@H](CC(=O)O)[n+]1[c-]n2ccccc2c1)C(=O)N[C@@H](Cc1ccccc1)C(=O)O,-12.0049,-8.345154
O=C(O)CC[C@H](NC(=O)[C@H](CCC(=O)O)NC(=O)[C@H](Cc1ccc(O)cc1)[n+]1[c-]n2ccccc2c1)C(=O)O,-15.0287,-10.204171
O=C(O)CC[C@H](NC(=O)[C@H](CCC(=O)O)[n+]1[c-]n2ccccc2c1)C(=O)NCC(=O)O,-8.1227,-8.285335
O=C(O)CC[C@H](NC(=O)[C@H](CCC(=O)O)[n+]1[c-]n2ccccc2c1)C(=O)N[C@@H](CS)C(=O)O,-1.265,-7.6735625
O=C(O)CC[C@H](NC(=O)[C@H](CCC(=O)O)[n+]1[c-]n2ccccc2c1)C(=O)N[C@@H](Cc1ccc(O)cc1)C(=O)O,-16.9643,-7.871533
O=C(O)CC[C@H](NC(=O)[C@H](CCC(=O)O)[n+]1[c-]n2ccccc2c1)C(=O)O,-9.8272,-6.7114267
O=C(O)CC[C@H](NC(=O)[C@H](CO)NC(=O)[C@H](Cc1c[nH]c2ccccc12)[n+]1[c-]n2ccccc2c1)C(=O)O,-7.8164,-7.4561367
O=C(O)CC[C@H](NC(=O)[C@H](CO)[n+]1[c-]n2ccccc2c1)C(=O)N[C@@H](CS)C(=O)O,-7.9965,-8.321117
O=C(O)CC[C@H](NC(=O)[C@H](CS)[n+]1[c-]n2ccccc2c1)C(=O)N1CCC[C@H]1C(=O)O,-11.2008,-9.107731
O=C(O)CC[C@H](NC(=O)[C@H](CS)[n+]1[c-]n2ccccc2c1)C(=O)N[C@@H](Cc1ccccc1)C(=O)O,-13.4072,-8.189133
O=C(O)CC[C@H](NC(=O)[C@H](Cc1c[nH]c2ccccc12)NC(=O)[C@H](CCC(=O)O)[n+]1[c-]n2ccccc2c1)C(=O)O,-13.2519,-11.689817
O=C(O)CC[C@H](NC(=O)[C@H](Cc1c[nH]c2ccccc12)NC(=O)[C@H](Cc1c[nH]cn1)[n+]1[c-]n2ccccc2c1)C(=O)O,-5.9316,-8.827953
O=C(O)CC[C@H](NC(=O)[C@H](Cc1c[nH]c2ccccc12)[n+]1[c-]n2ccccc2c1)C(=O)N[C@@H](CC(=O)O)C(=O)O,-14.0041,-6.6875467
O=C(O)CC[C@H](NC(=O)[C@H](Cc1c[nH]c2ccccc12)[n+]1[c-]n2ccccc2c1)C(=O)N[C@@H](CO)C(=O)O,-5.6184,-7.5415864
O=C(O)CC[C@H](NC(=O)[C@H](Cc1c[nH]c2ccccc12)[n+]1[c-]n2ccccc2c1)C(=O)N[C@@H](Cc1ccccc1)C(=O)O,-7.6684,-11.636065
O=C(O)CC[C@H](NC(=O)[C@H](Cc1c[nH]c2ccccc12)[n+]1[c-]n2ccccc2c1)C(=O)O,-8.0538,-4.59706
O=C(O)CC[C@H](NC(=O)[C@H](Cc1c[nH]cn1)NC(=O)[C@H](CCC(=O)O)[n+]1[c-]n2ccccc2c1)C(=O)O,-8.9647,-10.13845
O=C(O)CC[C@H](NC(=O)[C@H](Cc1c[nH]cn1)NC(=O)[C@H](Cc1ccccc1)[n+]1[c-]n2ccccc2c1)C(=O)O,-15.3299,-11.691048
O=C(O)CC[C@H](NC(=O)[C@H](Cc1ccc(O)cc1)NC(=O)[C@H](Cc1c[nH]cn1)[n+]1[c-]n2ccccc2c1)C(=O)O,-15.8752,-10.053425
O=C(O)CC[C@H](NC(=O)[C@H](Cc1ccc(O)cc1)[n+]1[c-]n2ccccc2c1)C(=O)O,-11.4743,-9.765695
O=C(O)CC[C@H](NC(=O)[C@H](Cc1ccccc1)NC(=O)[C@H](CO)[n+]1[c-]n2ccccc2c1)C(=O)O,-11.5275,-8.878424
O=C(O)CC[C@H](NC(=O)[C@H](Cc1ccccc1)NC(=O)[C@H](Cc1ccc(O)cc1)[n+]1[c-]n2ccccc2c1)C(=O)O,-10.5747,-9.564863
O=C(O)CC[C@H](NC(=O)[C@H](Cc1ccccc1)[n+]1[c-]n2ccccc2c1)C(=O)N[C@@H](CO)C(=O)O,-14.3206,-8.405029
O=C(O)CC[C@H](NC(=O)[C@H](Cc1ccccc1)[n+]1[c-]n2ccccc2c1)C(=O)N[C@@H](CS)C(=O)O,-12.41,-9.457526
O=C(O)CNC(=O)CNC(=O)[C@H](CO)[n+]1[c-]n2ccccc2c1,-10.0466,-9.267253
O=C(O)CNC(=O)CNC(=O)[C@H](Cc1ccc(O)cc1)[n+]1[c-]n2ccccc2c1,-6.5911,-6.698661
O=C(O)CNC(=O)[C@@H]1CCCN1C(=O)C[n+]1[c-]n2ccccc2c1,-12.5998,-8.927286
O=C(O)CNC(=O)[C@@H]1CCCN1C(=O)[C@H](CC(=O)O)[n+]1[c-]n2ccccc2c1,0.0079,-6.562855
O=C(O)CNC(=O)[C@@H]1CCCN1C(=O)[C@H](CO)[n+]1[c-]n2ccccc2c1,-2.4227,-6.407971
O=C(O)CNC(=O)[C@H](CC(=O)O)NC(=O)[C@H](CC(=O)O)[n+]1[c-]n2ccccc2c1,-2.5269,-2.9983397
O=C(O)CNC(=O)[C@H](CO)NC(=O)[C@H](CC(=O)O)[n+]1[c-]n2ccccc2c1,-7.8427,-5.9857125
O=C(O)CNC(=O)[C@H](CO)NC(=O)[C@H](Cc1c[nH]c2ccccc12)[n+]1[c-]n2ccccc2c1,-9.5614,-8.450513
O=C(O)CNC(=O)[C@H](CO)[n+]1[c-]n2ccccc2c1,-5.2161,-3.6456587
O=C(O)CNC(=O)[C@H](CS)NC(=O)[C@H](Cc1ccc(O)cc1)[n+]1[c-]n2ccccc2c1,-8.9197,-5.6120124
O=C(O)CNC(=O)[C@H](CS)[n+]1[c-]n2ccccc2c1,-7.0647,-5.0424824
O=C(O)CNC(=O)[C@H](Cc1c[nH]c2ccccc12)NC(=O)C[n+]1[c-]n2ccccc2c1,-5.1583,-11.250391
O=C(O)CNC(=O)[C@H](Cc1c[nH]c2ccccc12)NC(=O)[C@H](CC(=O)O)[n+]1[c-]n2ccccc2c1,-10.3704,-7.723255
O=C(O)CNC(=O)[C@H](Cc1c[nH]cn1)NC(=O)[C@H](CO)[n+]1[c-]n2ccccc2c1,-5.4509,-9.309839
O=C(O)CNC(=O)[C@H](Cc1c[nH]cn1)[n+]1[c-]n2ccccc2c1,-8.8662,-6.6162076
O=C(O)CNC(=O)[C@H](Cc1ccc(O)cc1)NC(=O)C[n+]1[c-]n2ccccc2c1,-5.0407,-8.966528
O=C(O)CNC(=O)[C@H](Cc1ccc(O)cc1)NC(=O)[C@H](CC(=O)O)[n+]1[c-]n2ccccc2c1,-8.5986,-8.873466
O=C(O)CNC(=O)[C@H](Cc1ccccc1)NC(=O)[C@H](Cc1c[nH]c2ccccc12)[n+]1[c-]n2ccccc2c1,-8.4351,-6.359006
O=C(O)CNC(=O)[C@H](Cc1ccccc1)NC(=O)[C@H](Cc1ccc(O)cc1)[n+]1[c-]n2ccccc2c1,-10.5214,-5.258976
O=C(O)C[C@@H](C(=O)N1CCC[C@H]1C(=O)N[C@@H](CS)C(=O)O)[n+]1[c-]n2ccccc2c1,-2.8415,-7.039197
O=C(O)C[C@@H](C(=O)N1CCC[C@H]1C(=O)N[C@@H](Cc1c[nH]cn1)C(=O)O)[n+]1[c-]n2ccccc2c1,3.209,-3.7815447
O=C(O)C[C@@H](C(=O)NCC(=O)N[C@@H](Cc1c[nH]c2ccccc12)C(=O)O)[n+]1[c-]n2ccccc2c1,-10.6771,-6.3714013
O=C(O)C[C@@H](C(=O)NCC(=O)N[C@@H](Cc1ccccc1)C(=O)O)[n+]1[c-]n2ccccc2c1,-8.467,-5.2001953
O=C(O)C[C@@H](C(=O)N[C@@H](CO)C(=O)N[C@@H](CS)C(=O)O)[n+]1[c-]n2ccccc2c1,-8.5138,-9.723933
O=C(O)C[C@@H](C(=O)N[C@@H](CO)C(=O)O)[n+]1[c-]n2ccccc2c1,-2.1535,-3.4473777
O=C(O)C[C@@H](C(=O)N[C@@H](CS)C(=O)N[C@@H](CS)C(=O)O)[n+]1[c-]n2ccccc2c1,-8.4821,-5.45977
O=C(O)C[C@@H](C(=O)N[C@@H](CS)C(=O)O)[n+]1[c-]n2ccccc2c1,-2.0771,-5.768925
O=C(O)C[C@@H](C(=O)N[C@@H](Cc1c[nH]c2ccccc12)C(=O)N[C@@H](CO)C(=O)O)[n+]1[c-]n2ccccc2c1,-6.3435,-8.927698
O=C(O)C[C@@H](C(=O)N[C@@H](Cc1c[nH]c2ccccc12)C(=O)N[C@@H](Cc1c[nH]c2ccccc12)C(=O)O)[n+]1[c-]n2ccccc2c1,-6.9154,-10.463009
O=C(O)C[C@@H](C(=O)N[C@@H](Cc1c[nH]c2ccccc12)C(=O)N[C@@H](Cc1ccc(O)cc1)C(=O)O)[n+]1[c-]n2ccccc2c1,-16.6961,-10.363263
O=C(O)C[C@@H](C(=O)N[C@@H](Cc1c[nH]c2ccccc12)C(=O)N[C@@H](Cc1ccccc1)C(=O)O)[n+]1[c-]n2ccccc2c1,-9.871,-6.810399
O=C(O)C[C@@H](C(=O)N[C@@H](Cc1c[nH]cn1)C(=O)N[C@@H](CS)C(=O)O)[n+]1[c-]n2ccccc2c1,-9.311,-10.290131
O=C(O)C[C@@H](C(=O)N[C@@H](Cc1ccccc1)C(=O)N[C@@H](CO)C(=O)O)[n+]1[c-]n2ccccc2c1,-3.8255,-6.6373816
O=C(O)C[C@H](NC(=O)CNC(=O)[C@H](Cc1c[nH]c2ccccc12)[n+]1[c-]n2ccccc2c1)C(=O)O,-10.1853,-9.505056
O=C(O)C[C@H](NC(=O)CNC(=O)[C@H](Cc1ccccc1)[n+]1[c-]n2ccccc2c1)C(=O)O,-11.8095,-9.1660385
O=C(O)C[C@H](NC(=O)C[n+]1[c-]n2ccccc2c1)C(=O)N[C@@H](Cc1c[nH]cn1)C(=O)O,-20.2769,-12.711134
O=C(O)C[C@H](NC(=O)C[n+]1[c-]n2ccccc2c1)C(=O)N[C@@H](Cc1ccc(O)cc1)C(=O)O,-10.1875,-11.292117
O=C(O)C[C@H](NC(=O)C[n+]1[c-]n2ccccc2c1)C(=O)O,-8.3289,-7.5297165
O=C(O)C[C@H](NC(=O)[C@@H]1CCCN1C(=O)[C@H](Cc1ccc(O)cc1)[n+]1[c-]n2ccccc2c1)C(=O)O,-9.5856,-11.862316
O=C(O)C[C@H](NC(=O)[C@H](CC(=O)O)NC(=O)[C@H](Cc1c[nH]c2ccccc12)[n+]1[c-]n2ccccc2c1)C(=O)O,-3.7427,-8.462267
O=C(O)C[C@H](NC(=O)[C@H](CC(=O)O)[n+]1[c-]n2ccccc2c1)C(=O)N[C@@H](Cc1c[nH]cn1)C(=O)O,-3.9898,-7.56229
O=C(O)C[C@H](NC(=O)[C@H](CO)NC(=O)[C@H](CO)[n+]1[c-]n2ccccc2c1)C(=O)O,-7.1779,-9.222466
O=C(O)C[C@H](NC(=O)[C@H](CO)NC(=O)[C@H](Cc1c[nH]cn1)[n+]1[c-]n2ccccc2c1)C(=O)O,-11.9431,-11.899704
O=C(O)C[C@H](NC(=O)[C@H](CO)[n+]1[c-]n2ccccc2c1)C(=O)N1CCC[C@H]1C(=O)O,-3.5649,-5.5610228
O=C(O)C[C@H](NC(=O)[C@H](CS)NC(=O)[C@H](Cc1ccccc1)[n+]1[c-]n2ccccc2c1)C(=O)O,-7.4283,-8.593087
O=C(O)C[C@H](NC(=O)[C@H](CS)[n+]1[c-]n2ccccc2c1)C(=O)N[C@@H](Cc1ccc(O)cc1)C(=O)O,-6.2298,-4.4194937
O=C(O)C[C@H](NC(=O)[C@H](Cc1c[nH]c2ccccc12)NC(=O)[C@H](Cc1ccccc1)[n+]1[c-]n2ccccc2c1)C(=O)O,-6.5748,-11.090263
O=C(O)C[C@H](NC(=O)[C@H](Cc1c[nH]c2ccccc12)[n+]1[c-]n2ccccc2c1)C(=O)N[C@@H](CO)C(=O)O,-1.4935,-5.1601734
O=C(O)C[C@H](NC(=O)[C@H](Cc1c[nH]c2ccccc12)[n+]1[c-]n2ccccc2c1)C(=O)N[C@@H](Cc1ccccc1)C(=O)O,-1.7277,-8.107226
O=C(O)C[C@H](NC(=O)[C@H](Cc1c[nH]c2ccccc12)[n+]1[c-]n2ccccc2c1)C(=O)O,-7.5408,-6.739606
O=C(O)C[C@H](NC(=O)[C@H](Cc1c[nH]cn1)[n+]1[c-]n2ccccc2c1)C(=O)N[C@@H](CS)C(=O)O,-8.807,-6.588494
O=C(O)C[C@H](NC(=O)[C@H](Cc1ccc(O)cc1)NC(=O)C[n+]1[c-]n2ccccc2c1)C(=O)O,-11.3759,-10.880569
O=C(O)C[C@H](NC(=O)[C@H](Cc1ccc(O)cc1)[n+]1[c-]n2ccccc2c1)C(=O)N[C@@H](CO)C(=O)O,-3.5028,-9.151947
O=C(O)C[C@H](NC(=O)[C@H](Cc1ccc(O)cc1)[n+]1[c-]n2ccccc2c1)C(=O)N[C@@H](CS)C(=O)O,-5.2354,-9.066963
O=C(O)C[C@H](NC(=O)[C@H](Cc1ccc(O)cc1)[n+]1[c-]n2ccccc2c1)C(=O)N[C@@H](Cc1c[nH]c2ccccc12)C(=O)O,-1.3432,-11.7977705
O=C(O)C[C@H](NC(=O)[C@H](Cc1ccccc1)[n+]1[c-]n2ccccc2c1)C(=O)N[C@@H](CO)C(=O)O,-11.2109,-11.653681
O=C(O)[C@@H]1CCCN1C(=O)CNC(=O)[C@H](CO)[n+]1[c-]n2ccccc2c1,-4.4222,-6.939752
O=C(O)[C@@H]1CCCN1C(=O)CNC(=O)[C@H](CS)[n+]1[c-]n2ccccc2c1,-7.6565,-10.912208
O=C(O)[C@@H]1CCCN1C(=O)[C@H](CO)NC(=O)[C@H](Cc1c[nH]cn1)[n+]1[c-]n2ccccc2c1,-11.2568,-9.277023
O=C(O)[C@@H]1CCCN1C(=O)[C@H](CS)NC(=O)[C@H](Cc1c[nH]cn1)[n+]1[c-]n2ccccc2c1,-14.3943,-9.1986685
O=C(O)[C@@H]1CCCN1C(=O)[C@H](CS)NC(=O)[C@H](Cc1ccc(O)cc1)[n+]1[c-]n2ccccc2c1,-7.5423,-5.2776065
O=C(O)[C@@H]1CCCN1C(=O)[C@H](Cc1c[nH]c2ccccc12)NC(=O)[C@H](CO)[n+]1[c-]n2ccccc2c1,-6.8046,-7.86648
O=C(O)[C@@H]1CCCN1C(=O)[C@H](Cc1c[nH]cn1)NC(=O)[C@H](Cc1ccc(O)cc1)[n+]1[c-]n2ccccc2c1,-6.4077,-6.7076516
O=C(O)[C@@H]1CCCN1C(=O)[C@H](Cc1ccc(O)cc1)NC(=O)[C@H](Cc1ccccc1)[n+]1[c-]n2ccccc2c1,-10.0992,-8.941496
O=C(O)[C@@H]1CCCN1C(=O)[C@H](Cc1ccccc1)NC(=O)[C@H](CO)[n+]1[c-]n2ccccc2c1,-9.9281,-4.6645074
O=C(O)[C@H](CO)NC(=O)[C@@H]1CCCN1C(=O)C[n+]1[c-]n2ccccc2c1,-11.4891,-12.51293
O=C(O)[C@H](CO)NC(=O)[C@@H]1CCCN1C(=O)[C@H](CO)[n+]1[c-]n2ccccc2c1,-8.2566,-8.637094
O=C(O)[C@H](CO)NC(=O)[C@@H]1CCCN1C(=O)[C@H](Cc1c[nH]c2ccccc12)[n+]1[c-]n2ccccc2c1,-9.4155,-6.8461695
O=C(O)[C@H](CO)NC(=O)[C@@H]1CCCN1C(=O)[C@H](Cc1ccc(O)cc1)[n+]1[c-]n2ccccc2c1,-9.9045,-6.916375
O=C(O)[C@H](CO)NC(=O)[C@H](CS)NC(=O)[C@H](CS)[n+]1[c-]n2ccccc2c1,-6.0799,-7.211846
O=C(O)[C@H](CO)NC(=O)[C@H](CS)NC(=O)[C@H](Cc1ccc(O)cc1)[n+]1[c-]n2ccccc2c1,-12.0806,-7.808855
O=C(O)[C@H](CO)NC(=O)[C@H](Cc1c[nH]c2ccccc12)NC(=O)[C@H](CS)[n+]1[c-]n2ccccc2c1,4.8882,-7.5226846
O=C(O)[C@H](CO)NC(=O)[C@H](Cc1c[nH]c2ccccc12)NC(=O)[C@H](Cc1c[nH]c2ccccc12)[n+]1[c-]n2ccccc2c1,-11.6518,-8.603144
O=C(O)[C@H](CO)NC(=O)[C@H](Cc1c[nH]c2ccccc12)NC(=O)[C@H](Cc1ccc(O)cc1)[n+]1[c-]n2ccccc2c1,-8.5054,-6.8499966
O=C(O)[C@H](CO)NC(=O)[C@H](Cc1c[nH]c2ccccc12)[n+]1[c-]n2ccccc2c1,-8.9643,-6.673854
O=C(O)[C@H](CO)NC(=O)[C@H](Cc1c[nH]cn1)[n+]1[c-]n2ccccc2c1,-8.4665,-7.4748383
O=C(O)[C@H](CO)NC(=O)[C@H](Cc1ccccc1)NC(=O)[C@H](CO)[n+]1[c-]n2ccccc2c1,-10.5641,-11.998204
O=C(O)[C@H](CO)NC(=O)[C@H](Cc1ccccc1)[n+]1[c-]n2ccccc2c1,-9.9706,-7.062496
O=C(O)[C@H](CS)NC(=O)[C@@H]1CCCN1C(=O)[C@H](Cc1c[nH]c2ccccc12)[n+]1[c-]n2ccccc2c1,-7.7595,-7.7513485
O=C(O)[C@H](CS)NC(=O)[C@H](CO)NC(=O)[C@H](CO)[n+]1[c-]n2ccccc2c1,-9.4555,-7.3188143
O=C(O)[C@H](CS)NC(=O)[C@H](CS)NC(=O)[C@H](CO)[n+]1[c-]n2ccccc2c1,-5.3589,-5.7228084
O=C(O)[C@H](CS)NC(=O)[C@H](CS)NC(=O)[C@H](Cc1c[nH]c2ccccc12)[n+]1[c-]n2ccccc2c1,-10.7199,-8.116043
O=C(O)[C@H](CS)NC(=O)[C@H](CS)NC(=O)[C@H](Cc1ccc(O)cc1)[n+]1[c-]n2ccccc2c1,-11.8109,-8.205855
O=C(O)[C@H](CS)NC(=O)[C@H](CS)[n+]1[c-]n2ccccc2c1,-3.1099,-5.6336665
O=C(O)[C@H](CS)NC(=O)[C@H](Cc1c[nH]c2ccccc12)NC(=O)[C@H](Cc1c[nH]c2ccccc12)[n+]1[c-]n2ccccc2c1,-9.1903,-11.081669
O=C(O)[C@H](CS)NC(=O)[C@H](Cc1c[nH]c2ccccc12)[n+]1[c-]n2ccccc2c1,-4.1743,-6.5752225
O=C(O)[C@H](CS)NC(=O)[C@H](Cc1c[nH]cn1)NC(=O)[C@H](CO)[n+]1[c-]n2ccccc2c1,-6.1178,-6.8580933
O=C(O)[C@H](CS)NC(=O)[C@H](Cc1ccccc1)NC(=O)[C@H](Cc1ccc(O)cc1)[n+]1[c-]n2ccccc2c1,-7.9478,-7.114138
O=C(O)[C@H](Cc1c[nH]c2ccccc12)NC(=O)[C@@H]1CCCN1C(=O)[C@H](CS)[n+]1[c-]n2ccccc2c1,-6.6349,-8.779745
O=C(O)[C@H](Cc1c[nH]c2ccccc12)NC(=O)[C@@H]1CCCN1C(=O)[C@H](Cc1ccccc1)[n+]1[c-]n2ccccc2c1,-12.123,-9.630636
O=C(O)[C@H](Cc1c[nH]c2ccccc12)NC(=O)[C@H](CO)[n+]1[c-]n2ccccc2c1,-7.0077,-8.05506
O=C(O)[C@H](Cc1c[nH]c2ccccc12)NC(=O)[C@H](CS)NC(=O)[C@H](CO)[n+]1[c-]n2ccccc2c1,-4.8798,-10.526783
O=C(O)[C@H](Cc1c[nH]c2ccccc12)NC(=O)[C@H](Cc1c[nH]c2ccccc12)NC(=O)[C@H](Cc1ccc(O)cc1)[n+]1[c-]n2ccccc2c1,-8.6306,-9.559906
O=C(O)[C@H](Cc1c[nH]c2ccccc12)NC(=O)[C@H](Cc1c[nH]c2ccccc12)NC(=O)[C@H](Cc1ccccc1)[n+]1[c-]n2ccccc2c1,-9.0666,-9.09177
O=C(O)[C@H](Cc1c[nH]c2ccccc12)NC(=O)[C@H](Cc1c[nH]c2ccccc12)[n+]1[c-]n2ccccc2c1,-7.1072,-6.14946
O=C(O)[C@H](Cc1c[nH]c2ccccc12)NC(=O)[C@H](Cc1ccc(O)cc1)NC(=O)[C@H](CO)[n+]1[c-]n2ccccc2c1,-17.6655,-10.651964
O=C(O)[C@H](Cc1c[nH]c2ccccc12)NC(=O)[C@H](Cc1ccc(O)cc1)[n+]1[c-]n2ccccc2c1,-9.7359,-10.804403
O=C(O)[C@H](Cc1c[nH]c2ccccc12)NC(=O)[C@H](Cc1ccccc1)NC(=O)[C@H](Cc1c[nH]c2ccccc12)[n+]1[c-]n2ccccc2c1,-8.4104,-8.3241
O=C(O)[C@H](Cc1c[nH]c2ccccc12)NC(=O)[C@H](Cc1ccccc1)NC(=O)[C@H](Cc1ccc(O)cc1)[n+]1[c-]n2ccccc2c1,-10.3892,-12.323114
O=C(O)[C@H](Cc1c[nH]cn1)NC(=O)[C@@H]1CCCN1C(=O)C[n+]1[c-]n2ccccc2c1,-7.5486,-8.981927
O=C(O)[C@H](Cc1c[nH]cn1)NC(=O)[C@@H]1CCCN1C(=O)[C@H](Cc1ccc(O)cc1)[n+]1[c-]n2ccccc2c1,-6.3912,-5.176856
O=C(O)[C@H](Cc1c[nH]cn1)NC(=O)[C@H](CO)NC(=O)[C@H](Cc1c[nH]c2ccccc12)[n+]1[c-]n2ccccc2c1,-9.7374,-9.93022
O=C(O)[C@H](Cc1c[nH]cn1)NC(=O)[C@H](CO)[n+]1[c-]n2ccccc2c1,-4.162,-7.965279
O=C(O)[C@H](Cc1c[nH]cn1)NC(=O)[C@H](CS)NC(=O)[C@H](Cc1c[nH]cn1)[n+]1[c-]n2ccccc2c1,-6.3056,-6.55911
O=C(O)[C@H](Cc1c[nH]cn1)NC(=O)[C@H](Cc1c[nH]c2ccccc12)NC(=O)[C@H](CS)[n+]1[c-]n2ccccc2c1,-12.7901,-9.8750305
O=C(O)[C@H](Cc1c[nH]cn1)[n+]1[c-]n2ccccc2c1,-1.7182,-6.205315
O=C(O)[C@H](Cc1ccc(O)cc1)NC(=O)[C@@H]1CCCN1C(=O)[C@H](Cc1c[nH]cn1)[n+]1[c-]n2ccccc2c1,-12.1683,-12.622299
O=C(O)[C@H](Cc1ccc(O)cc1)NC(=O)[C@@H]1CCCN1C(=O)[C@H](Cc1ccccc1)[n+]1[c-]n2ccccc2c1,-6.5469,-7.4799433
O=C(O)[C@H](Cc1ccc(O)cc1)NC(=O)[C@H](CO)NC(=O)[C@H](Cc1c[nH]c2ccccc12)[n+]1[c-]n2ccccc2c1,-10.5617,-7.1690655
O=C(O)[C@H](Cc1ccc(O)cc1)NC(=O)[C@H](CO)NC(=O)[C@H](Cc1c[nH]cn1)[n+]1[c-]n2ccccc2c1,-13.8997,-9.496745
O=C(O)[C@H](Cc1ccc(O)cc1)NC(=O)[C@H](CO)[n+]1[c-]n2ccccc2c1,-7.4377,-7.7370005
O=C(O)[C@H](Cc1ccc(O)cc1)NC(=O)[C@H](Cc1c[nH]c2ccccc12)NC(=O)[C@H](CO)[n+]1[c-]n2ccccc2c1,-4.9446,-7.38774
O=C(O)[C@H](Cc1ccc(O)cc1)NC(=O)[C@H](Cc1c[nH]c2ccccc12)NC(=O)[C@H](Cc1c[nH]c2ccccc12)[n+]1[c-]n2ccccc2c1,-17.4149,-11.768061
O=C(O)[C@H](Cc1ccc(O)cc1)NC(=O)[C@H](Cc1c[nH]c2ccccc12)NC(=O)[C@H](Cc1ccc(O)cc1)[n+]1[c-]n2ccccc2c1,-16.48,-9.222034
O=C(O)[C@H](Cc1ccc(O)cc1)NC(=O)[C@H](Cc1c[nH]c2ccccc12)[n+]1[c-]n2ccccc2c1,-8.9425,-8.784118
O=C(O)[C@H](Cc1ccc(O)cc1)NC(=O)[C@H](Cc1c[nH]cn1)NC(=O)[C@H](Cc1c[nH]cn1)[n+]1[c-]n2ccccc2c1,-9.4056,-11.122547
O=C(O)[C@H](Cc1ccc(O)cc1)NC(=O)[C@H](Cc1c[nH]cn1)NC(=O)[C@H](Cc1ccccc1)[n+]1[c-]n2ccccc2c1,-7.815,-10.042883
O=C(O)[C@H](Cc1ccc(O)cc1)NC(=O)[C@H](Cc1c[nH]cn1)[n+]1[c-]n2ccccc2c1,-8.0193,-9.399111
O=C(O)[C@H](Cc1ccc(O)cc1)NC(=O)[C@H](Cc1ccc(O)cc1)NC(=O)[C@H](Cc1c[nH]cn1)[n+]1[c-]n2ccccc2c1,-4.9857,-8.424288
O=C(O)[C@H](Cc1ccccc1)NC(=O)[C@@H]1CCCN1C(=O)[C@H](CS)[n+]1[c-]n2ccccc2c1,-4.7006,-7.604251
O=C(O)[C@H](Cc1ccccc1)NC(=O)[C@H](CO)NC(=O)[C@H](Cc1ccc(O)cc1)[n+]1[c-]n2ccccc2c1,-16.4197,-17.905869
O=C(O)[C@H](Cc1ccccc1)NC(=O)[C@H](CS)[n+]1[c-]n2ccccc2c1,-7.2918,-7.9658813
O=C(O)[C@H](Cc1ccccc1)NC(=O)[C@H](Cc1c[nH]c2ccccc12)NC(=O)[C@H](CS)[n+]1[c-]n2ccccc2c1,-6.1262,-5.6714935
O=C(O)[C@H](Cc1ccccc1)NC(=O)[C@H](Cc1c[nH]c2ccccc12)NC(=O)[C@H](Cc1c[nH]c2ccccc12)[n+]1[c-]n2ccccc2c1,-11.6763,-7.7648077
O=C(O)[C@H](Cc1ccccc1)NC(=O)[C@H](Cc1c[nH]cn1)NC(=O)[C@H](Cc1c[nH]cn1)[n+]1[c-]n2ccccc2c1,-8.9911,-8.971416
O=C(O)[C@H](Cc1ccccc1)NC(=O)[C@H](Cc1ccc(O)cc1)NC(=O)[C@H](Cc1c[nH]c2ccccc12)[n+]1[c-]n2ccccc2c1,-8.963,-10.916516
O=C(O)[C@H](Cc1ccccc1)NC(=O)[C@H](Cc1ccc(O)cc1)[n+]1[c-]n2ccccc2c1,-8.7922,-7.3981743
O=C(O)[C@H](Cc1ccccc1)NC(=O)[C@H](Cc1ccccc1)NC(=O)[C@H](CO)[n+]1[c-]n2ccccc2c1,-16.7345,-8.64317
CC(C)C[C@@H](C(=O)N1CCC[C@H]1C(=O)N[C@@H](C)C(=O)O)[n+]1[c-]n2ccccc2c1,-7.5612,-7.4202213
CC(C)C[C@@H](C(=O)N1CCC[C@H]1C(=O)N[C@@H](CC(=O)O)C(=O)O)[n+]1[c-]n2ccccc2c1,-5.6433,-9.258044
CC(C)C[C@@H](C(=O)N1CCC[C@H]1C(=O)N[C@@H](CCC(=O)O)C(=O)O)[n+]1[c-]n2ccccc2c1,-7.0455,-8.917944
CC(C)C[C@@H](C(=O)N1CCC[C@H]1C(=O)N[C@@H](Cc1c[nH]c2ccccc12)C(=O)O)[n+]1[c-]n2ccccc2c1,-4.2745,-8.363449
CC(C)C[C@@H](C(=O)N1CCC[C@H]1C(=O)N[C@@H](Cc1c[nH]cn1)C(=O)O)[n+]1[c-]n2ccccc2c1,-6.3341,-5.9742627
CC(C)C[C@@H](C(=O)NCC(=O)N1CCC[C@H]1C(=O)O)[n+]1[c-]n2ccccc2c1,-2.8245,-7.393473
CC(C)C[C@@H](C(=O)NCC(=O)N[C@@H](CCC(N)=O)C(=O)O)[n+]1[c-]n2ccccc2c1,-15.0757,-10.967009
CC(C)C[C@@H](C(=O)N[C@@H](C)C(=O)N[C@@H](Cc1ccc(O)cc1)C(=O)O)[n+]1[c-]n2ccccc2c1,-4.3453,-6.57444
CC(C)C[C@@H](C(=O)N[C@@H](C)C(=O)N[C@@H](Cc1ccccc1)C(=O)O)[n+]1[c-]n2ccccc2c1,-8.1124,-6.935484
CC(C)C[C@@H](C(=O)N[C@@H](C)C(=O)O)[n+]1[c-]n2ccccc2c1,-2.3654,-5.1110883
CC(C)C[C@@H](C(=O)N[C@@H](CC(=O)O)C(=O)N[C@@H](C)C(=O)O)[n+]1[c-]n2ccccc2c1,-4.4677,-4.4089956
CC(C)C[C@@H](C(=O)N[C@@H](CC(=O)O)C(=O)N[C@@H](Cc1c[nH]c2ccccc12)C(=O)O)[n+]1[c-]n2ccccc2c1,-12.287,-8.971868
CC(C)C[C@@H](C(=O)N[C@@H](CC(=O)O)C(=O)O)[n+]1[c-]n2ccccc2c1,-9.8222,-7.5954695
CC(C)C[C@@H](C(=O)N[C@@H](CC(N)=O)C(=O)NCC(=O)O)[n+]1[c-]n2ccccc2c1,-9.5154,-9.742787
CC(C)C[C@@H](C(=O)N[C@@H](CC(N)=O)C(=O)N[C@@H](CC(=O)O)C(=O)O)[n+]1[c-]n2ccccc2c1,-15.9566,-6.8352714
CC(C)C[C@@H](C(=O)N[C@@H](CCC(=O)O)C(=O)N1CCC[C@H]1C(=O)O)[n+]1[c-]n2ccccc2c1,-10.3305,-5.0985084
CC(C)C[C@@H](C(=O)N[C@@H](CCC(=O)O)C(=O)NCC(=O)O)[n+]1[c-]n2ccccc2c1,-6.6752,-7.1085324
CC(C)C[C@@H](C(=O)N[C@@H](CCC(=O)O)C(=O)N[C@@H](CCCNC(=N)N)C(=O)O)[n+]1[c-]n2ccccc2c1,-7.96,-10.321028
CC(C)C[C@@H](C(=O)N[C@@H](CCC(=O)O)C(=O)N[C@@H](Cc1ccc(O)cc1)C(=O)O)[n+]1[c-]n2ccccc2c1,-8.3935,-6.699417
CC(C)C[C@@H](C(=O)N[C@@H](CCC(N)=O)C(=O)N[C@@H](CCCNC(=N)N)C(=O)O)[n+]1[c-]n2ccccc2c1,-13.2998,-8.1723
CC(C)C[C@@H](C(=O)N[C@@H](CCC(N)=O)C(=O)N[C@@H](Cc1ccc(O)cc1)C(=O)O)[n+]1[c-]n2ccccc2c1,-13.0469,-8.925604
CC(C)C[C@@H](C(=O)N[C@@H](CCCNC(=N)N)C(=O)N[C@@H](Cc1ccccc1)C(=O)O)[n+]1[c-]n2ccccc2c1,-3.6718,-7.1130342
CC(C)C[C@@H](C(=O)N[C@@H](CCCNC(=N)N)C(=O)N[C@H](C(=O)O)C(C)C)[n+]1[c-]n2ccccc2c1,-3.8656,-6.0339584
CC(C)C[C@@H](C(=O)N[C@@H](CO)C(=O)N[C@@H](CS)C(=O)O)[n+]1[c-]n2ccccc2c1,-9.3088,-4.275738
CC(C)C[C@@H](C(=O)N[C@@H](CO)C(=O)N[C@@H](Cc1ccccc1)C(=O)O)[n+]1[c-]n2ccccc2c1,-9.6343,-5.1076255
CC(C)C[C@@H](C(=O)N[C@@H](CS)C(=O)N[C@@H](Cc1ccccc1)C(=O)O)[n+]1[c-]n2ccccc2c1,0.0005,-6.694821
CC(C)C[C@@H](C(=O)N[C@@H](CS)C(=O)O)[n+]1[c-]n2ccccc2c1,-3.7092,-4.948646
CC(C)C[C@@H](C(=O)N[C@@H](Cc1c[nH]c2ccccc12)C(=O)N[C@@H](CCC(=O)O)C(=O)O)[n+]1[c-]n2ccccc2c1,-9.7813,-7.5664983
CC(C)C[C@@H](C(=O)N[C@@H](Cc1c[nH]c2ccccc12)C(=O)N[C@@H](CCCNC(=N)N)C(=O)O)[n+]1[c-]n2ccccc2c1,-2.8894,-7.8506684
CC(C)C[C@@H](C(=O)N[C@@H](Cc1c[nH]c2ccccc12)C(=O)N[C@@H](Cc1ccc(O)cc1)C(=O)O)[n+]1[c-]n2ccccc2c1,-7.6642,-8.95674
CC(C)C[C@@H](C(=O)N[C@@H](Cc1c[nH]c2ccccc12)C(=O)N[C@H](C(=O)O)[C@@H](C)O)[n+]1[c-]n2ccccc2c1,-13.7329,-7.204261
CC(C)C[C@@H](C(=O)N[C@@H](Cc1c[nH]cn1)C(=O)N[C@@H](CC(=O)O)C(=O)O)[n+]1[c-]n2ccccc2c1,-9.0245,-12.57518
CC(C)C[C@@H](C(=O)N[C@@H](Cc1c[nH]cn1)C(=O)N[C@@H](CC(N)=O)C(=O)O)[n+]1[c-]n2ccccc2c1,-10.8971,-7.817587
CC(C)C[C@@H](C(=O)N[C@@H](Cc1c[nH]cn1)C(=O)N[C@@H](CS)C(=O)O)[n+]1[c-]n2ccccc2c1,-10.3454,-5.6914783
CC(C)C[C@@H](C(=O)N[C@@H](Cc1c[nH]cn1)C(=O)N[C@@H](Cc1ccccc1)C(=O)O)[n+]1[c-]n2ccccc2c1,-5.2506,-6.4655313
CC(C)C[C@@H](C(=O)N[C@@H](Cc1ccc(O)cc1)C(=O)N1CCC[C@H]1C(=O)O)[n+]1[c-]n2ccccc2c1,-10.6318,-8.391979
CC(C)C[C@@H](C(=O)N[C@@H](Cc1ccc(O)cc1)C(=O)N[C@@H](CCCNC(=N)N)C(=O)O)[n+]1[c-]n2ccccc2c1,-24.7001,-17.820614
CC(C)C[C@@H](C(=O)N[C@@H](Cc1ccc(O)cc1)C(=O)N[C@H](C(=O)O)[C@@H](C)O)[n+]1[c-]n2ccccc2c1,-9.6963,-5.4118457
CC(C)C[C@@H](C(=O)N[C@@H](Cc1ccccc1)C(=O)N1CCC[C@H]1C(=O)O)[n+]1[c-]n2ccccc2c1,-10.2201,-6.3533525
CC(C)C[C@@H](C(=O)N[C@@H](Cc1ccccc1)C(=O)N[C@@H](CCC(=O)O)C(=O)O)[n+]1[c-]n2ccccc2c1,-12.5484,-9.595278
CC(C)C[C@@H](C(=O)N[C@@H](Cc1ccccc1)C(=O)N[C@@H](CO)C(=O)O)[n+]1[c-]n2ccccc2c1,-12.9289,-5.2081804
CC(C)C[C@@H](C(=O)N[C@@H](Cc1ccccc1)C(=O)N[C@@H](CS)C(=O)O)[n+]1[c-]n2ccccc2c1,-9.3616,-7.108748
CC(C)C[C@@H](C(=O)N[C@@H](Cc1ccccc1)C(=O)N[C@@H](Cc1ccccc1)C(=O)O)[n+]1[c-]n2ccccc2c1,-9.1599,-8.881536
CC(C)C[C@@H](C(=O)N[C@@H](Cc1ccccc1)C(=O)N[C@H](C(=O)O)C(C)C)[n+]1[c-]n2ccccc2c1,-3.17,-4.0075383
CC(C)C[C@@H](C(=O)N[C@H](C(=O)N[C@@H](CCC(=O)O)C(=O)O)C(C)C)[n+]1[c-]n2ccccc2c1,-13.8078,-9.684562
CC(C)C[C@@H](C(=O)N[C@H](C(=O)N[C@@H](CCC(=O)O)C(=O)O)[C@@H](C)O)[n+]1[c-]n2ccccc2c1,-16.2428,-9.716502
CC(C)C[C@@H](C(=O)N[C@H](C(=O)N[C@@H](Cc1c[nH]c2ccccc12)C(=O)O)C(C)C)[n+]1[c-]n2ccccc2c1,-6.0816,-9.300615
CC(C)C[C@H](NC(=O)CNC(=O)C[n+]1[c-]n2ccccc2c1)C(=O)O,-8.5791,-8.685369
CC(C)C[C@H](NC(=O)CNC(=O)[C@H]([C@@H](C)O)[n+]1[c-]n2ccccc2c1)C(=O)O,-9.8547,-7.672335
CC(C)C[C@H](NC(=O)C[n+]1[c-]n2ccccc2c1)C(=O)N1CCC[C@H]1C(=O)O,-9.4461,-10.3189335
CC(C)C[C@H](NC(=O)C[n+]1[c-]n2ccccc2c1)C(=O)NCC(=O)O,-6.1904,-8.773078
CC(C)C[C@H](NC(=O)C[n+]1[c-]n2ccccc2c1)C(=O)N[C@@H](Cc1c[nH]c2ccccc12)C(=O)O,-14.4343,-12.68432
CC(C)C[C@H](NC(=O)C[n+]1[c-]n2ccccc2c1)C(=O)O,-7.0642,-7.7135553
CC(C)C[C@H](NC(=O)[C@@H](NC(=O)C[n+]1[c-]n2ccccc2c1)C(C)C)C(=O)O,-11.1768,-10.002673
CC(C)C[C@H](NC(=O)[C@@H](NC(=O)[C@H](CC(N)=O)[n+]1[c-]n2ccccc2c1)C(C)C)C(=O)O,-8.5091,-5.233306
CC(C)C[C@H](NC(=O)[C@@H](NC(=O)[C@H](CCC(N)=O)[n+]1[c-]n2ccccc2c1)[C@@H](C)O)C(=O)O,1.5582,-5.942499
CC(C)C[C@H](NC(=O)[C@@H](NC(=O)[C@H](CCCNC(=N)N)[n+]1[c-]n2ccccc2c1)[C@@H](C)O)C(=O)O,-7.4734,-6.682106
CC(C)C[C@H](NC(=O)[C@@H](NC(=O)[C@H](Cc1c[nH]cn1)[n+]1[c-]n2ccccc2c1)C(C)C)C(=O)O,-3.3914,-4.173362
CC(C)C[C@H](NC(=O)[C@@H](NC(=O)[C@H](Cc1c[nH]cn1)[n+]1[c-]n2ccccc2c1)[C@@H](C)O)C(=O)O,-7.1285,-6.7616396
CC(C)C[C@H](NC(=O)[C@@H](NC(=O)[C@H](Cc1ccc(O)cc1)[n+]1[c-]n2ccccc2c1)C(C)C)C(=O)O,-4.8623,-4.41628
CC(C)C[C@H](NC(=O)[C@@H](NC(=O)[C@H]([C@@H](C)O)[n+]1[c-]n2ccccc2c1)C(C)C)C(=O)O,-5.5741,-5.2385535
CC(C)C[C@H](NC(=O)[C@@H]1CCCN1C(=O)C[n+]1[c-]n2ccccc2c1)C(=O)O,-14.6107,-10.925673
CC(C)C[C@H](NC(=O)[C@@H]1CCCN1C(=O)[C@H](CC(=O)O)[n+]1[c-]n2ccccc2c1)C(=O)O,-2.9029,-2.8197086
CC(C)C[C@H](NC(=O)[C@@H]1CCCN1C(=O)[C@H](Cc1ccc(O)cc1)[n+]1[c-]n2ccccc2c1)C(=O)O,-7.5104,-5.7581835
CC(C)C[C@H](NC(=O)[C@@H]1CCCN1C(=O)[C@H]([C@@H](C)O)[n+]1[c-]n2ccccc2c1)C(=O)O,-11.3573,-8.34515
CC(C)C[C@H](NC(=O)[C@H](C(C)C)[n+]1[c-]n2ccccc2c1)C(=O)N1CCC[C@H]1C(=O)O,-7.8282,-6.634227
CC(C)C[C@H](NC(=O)[C@H](C(C)C)[n+]1[c-]n2ccccc2c1)C(=O)N[C@@H](C)C(=O)O,-3.481,-4.743785
CC(C)C[C@H](NC(=O)[C@H](C(C)C)[n+]1[c-]n2ccccc2c1)C(=O)N[C@@H](CC(=O)O)C(=O)O,-7.9731,-5.7185
CC(C)C[C@H](NC(=O)[C@H](C(C)C)[n+]1[c-]n2ccccc2c1)C(=O)N[C@@H](CC(N)=O)C(=O)O,-7.0632,-6.2927275
CC(C)C[C@H](NC(=O)[C@H](C(C)C)[n+]1[c-]n2ccccc2c1)C(=O)N[C@@H](CCCNC(=N)N)C(=O)O,-7.7603,-10.901138
CC(C)C[C@H](NC(=O)[C@H](C(C)C)[n+]1[c-]n2ccccc2c1)C(=O)N[C@@H](Cc1c[nH]c2ccccc12)C(=O)O,-8.4653,-8.134367
CC(C)C[C@H](NC(=O)[C@H](C(C)C)[n+]1[c-]n2ccccc2c1)C(=O)N[C@@H](Cc1c[nH]cn1)C(=O)O,-4.6491,-5.2210503
CC(C)C[C@H](NC(=O)[C@H](C(C)C)[n+]1[c-]n2ccccc2c1)C(=O)N[C@@H](Cc1ccc(O)cc1)C(=O)O,-12.4808,-7.4928093
CC(C)C[C@H](NC(=O)[C@H](C(C)C)[n+]1[c-]n2ccccc2c1)C(=O)N[C@H](C(=O)O)C(C)C,-1.3003,-6.30476
CC(C)C[C@H](NC(=O)[C@H](C(C)C)[n+]1[c-]n2ccccc2c1)C(=O)N[C@H](C(=O)O)[C@@H](C)O,-6.933,-4.8600826
CC(C)C[C@H](NC(=O)[C@H](C)NC(=O)[C@H](Cc1c[nH]c2ccccc12)[n+]1[c-]n2ccccc2c1)C(=O)O,-1.7133,-3.7890418
CC(C)C[C@H](NC(=O)[C@H](C)NC(=O)[C@H]([C@@H](C)O)[n+]1[c-]n2ccccc2c1)C(=O)O,-9.9433,-9.7444105
CC(C)C[C@H](NC(=O)[C@H](C)[n+]1[c-]n2ccccc2c1)C(=O)N[C@@H](C)C(=O)O,-1.6492,-4.118582
CC(C)C[C@H](NC(=O)[C@H](C)[n+]1[c-]n2ccccc2c1)C(=O)N[C@@H](CC(=O)O)C(=O)O,-5.4527,-6.36999
CC(C)C[C@H](NC(=O)[C@H](C)[n+]1[c-]n2ccccc2c1)C(=O)N[C@@H](CCC(N)=O)C(=O)O,-7.5617,-7.828964
CC(C)C[C@H](NC(=O)[C@H](C)[n+]1[c-]n2ccccc2c1)C(=O)N[C@@H](Cc1ccc(O)cc1)C(=O)O,-7.2971,-4.8904295
CC(C)C[C@H](NC(=O)[C@H](CC(=O)O)NC(=O)[C@H](CC(C)C)[n+]1[c-]n2ccccc2c1)C(=O)O,0.1231,-6.1543856
CC(C)C[C@H](NC(=O)[C@H](CC(=O)O)NC(=O)[C@H](CC(N)=O)[n+]1[c-]n2ccccc2c1)C(=O)O,-5.1118,-8.084426
CC(C)C[C@H](NC(=O)[C@H](CC(=O)O)NC(=O)[C@H](CS)[n+]1[c-]n2ccccc2c1)C(=O)O,2.088,-0.74132264
CC(C)C[C@H](NC(=O)[C@H](CC(=O)O)NC(=O)[C@H](Cc1ccccc1)[n+]1[c-]n2ccccc2c1)C(=O)O,-4.8345,-5.351227
CC(C)C[C@H](NC(=O)[C@H](CC(=O)O)[n+]1[c-]n2ccccc2c1)C(=O)NCC(=O)O,-4.3008,-2.350295
CC(C)C[C@H](NC(=O)[C@H](CC(=O)O)[n+]1[c-]n2ccccc2c1)C(=O)N[C@@H](C)C(=O)O,-5.0779,-4.9078736
CC(C)C[C@H](NC(=O)[C@H](CC(=O)O)[n+]1[c-]n2ccccc2c1)C(=O)N[C@@H](CCC(N)=O)C(=O)O,-11.8154,-8.809031
CC(C)C[C@H](NC(=O)[C@H](CC(=O)O)[n+]1[c-]n2ccccc2c1)C(=O)O,-3.1221,-4.8300295
CC(C)C[C@H](NC(=O)[C@H](CC(C)C)NC(=O)[C@H](CC(C)C)[n+]1[c-]n2ccccc2c1)C(=O)O,-1.7524,-4.8080006
CC(C)C[C@H](NC(=O)[C@H](CC(C)C)[n+]1[c-]n2ccccc2c1)C(=O)NCC(=O)O,-3.7229,-4.702426
CC(C)C[C@H](NC(=O)[C@H](CC(C)C)[n+]1[c-]n2ccccc2c1)C(=O)N[C@@H](CC(N)=O)C(=O)O,-14.4554,-10.455612
CC(C)C[C@H](NC(=O)[C@H](CC(C)C)[n+]1[c-]n2ccccc2c1)C(=O)N[C@@H](CCC(=O)O)C(=O)O,-5.1376,-9.457068
CC(C)C[C@H](NC(=O)[C@H](CC(C)C)[n+]1[c-]n2ccccc2c1)C(=O)N[C@@H](CCC(N)=O)C(=O)O,-10.773,-6.5747986
CC(C)C[C@H](NC(=O)[C@H](CC(C)C)[n+]1[c-]n2ccccc2c1)C(=O)N[C@@H](Cc1ccccc1)C(=O)O,-10.7723,-9.4307995
CC(C)C[C@H](NC(=O)[C@H](CC(C)C)[n+]1[c-]n2ccccc2c1)C(=O)N[C@H](C(=O)O)[C@@H](C)O,-6.9783,-3.5912607
CC(C)C[C@H](NC(=O)[C@H](CC(N)=O)NC(=O)[C@H](CC(=O)O)[n+]1[c-]n2ccccc2c1)C(=O)O,-5.1123,-2.8107986
CC(C)C[C@H](NC(=O)[C@H](CC(N)=O)NC(=O)[C@H](CCC(N)=O)[n+]1[c-]n2ccccc2c1)C(=O)O,-8.5984,-5.4875917
CC(C)C[C@H](NC(=O)[C@H](CC(N)=O)NC(=O)[C@H](Cc1ccc(O)cc1)[n+]1[c-]n2ccccc2c1)C(=O)O,-9.1223,-8.482674
CC(C)C[C@H](NC(=O)[C@H](CC(N)=O)[n+]1[c-]n2ccccc2c1)C(=O)N1CCC[C@H]1C(=O)O,-9.2364,-5.4283085
CC(C)C[C@H](NC(=O)[C@H](CC(N)=O)[n+]1[c-]n2ccccc2c1)C(=O)N[C@@H](CO)C(=O)O,-6.9554,-5.716377
CC(C)C[C@H](NC(=O)[C@H](CC(N)=O)[n+]1[c-]n2ccccc2c1)C(=O)N[C@@H](Cc1ccccc1)C(=O)O,-2.4046,-6.033886
CC(C)C[C@H](NC(=O)[C@H](CC(N)=O)[n+]1[c-]n2ccccc2c1)C(=O)O,-6.1512,-5.3640695
CC(C)C[C@H](NC(=O)[C@H](CCC(=O)O)NC(=O)[C@H](C(C)C)[n+]1[c-]n2ccccc2c1)C(=O)O,-11.0368,-8.924194
CC(C)C[C@H](NC(=O)[C@H](CCC(=O)O)NC(=O)[C@H](CC(C)C)[n+]1[c-]n2ccccc2c1)C(=O)O,-10.3344,-8.862795
CC(C)C[C@H](NC(=O)[C@H](CCC(=O)O)NC(=O)[C@H](Cc1ccccc1)[n+]1[c-]n2ccccc2c1)C(=O)O,-7.2397,-8.570602
CC(C)C[C@H](NC(=O)[C@H](CCC(N)=O)NC(=O)[C@H](C(C)C)[n+]1[c-]n2ccccc2c1)C(=O)O,-1.715,-9.9680195
CC(C)C[C@H](NC(=O)[C@H](CCC(N)=O)NC(=O)[C@H](Cc1c[nH]cn1)[n+]1[c-]n2ccccc2c1)C(=O)O,-10.3986,-10.236673
CC(C)C[C@H](NC(=O)[C@H](CCC(N)=O)[n+]1[c-]n2ccccc2c1)C(=O)N[C@@H](C)C(=O)O,-5.1717,-7.618615
CC(C)C[C@H](NC(=O)[C@H](CCC(N)=O)[n+]1[c-]n2ccccc2c1)C(=O)N[C@@H](CC(=O)O)C(=O)O,-6.8976,-6.9428997
CC(C)C[C@H](NC(=O)[C@H](CCC(N)=O)[n+]1[c-]n2ccccc2c1)C(=O)N[C@H](C(=O)O)[C@@H](C)O,-2.6487,-8.8502035
CC(C)C[C@H](NC(=O)[C@H](CCCNC(=N)N)NC(=O)[C@H](C)[n+]1[c-]n2ccccc2c1)C(=O)O,-3.5628,-11.2533
CC(C)C[C@H](NC(=O)[C@H](CCCNC(=N)N)NC(=O)[C@H](CCC(=O)O)[n+]1[c-]n2ccccc2c1)C(=O)O,-11.0296,-10.958598
CC(C)C[C@H](NC(=O)[C@H](CCCNC(=N)N)NC(=O)[C@H](Cc1c[nH]c2ccccc12)[n+]1[c-]n2ccccc2c1)C(=O)O,-0.5423,-7.90018
CC(C)C[C@H](NC(=O)[C@H](CCCNC(=N)N)NC(=O)[C@H](Cc1ccc(O)cc1)[n+]1[c-]n2ccccc2c1)C(=O)O,-4.707,-7.401364
CC(C)C[C@H](NC(=O)[C@H](CCCNC(=N)N)NC(=O)[C@H]([C@@H](C)O)[n+]1[c-]n2ccccc2c1)C(=O)O,-9.6522,-7.506618
CC(C)C[C@H](NC(=O)[C@H](CCCNC(=N)N)[n+]1[c-]n2ccccc2c1)C(=O)N[C@@H](CC(=O)O)C(=O)O,11.6837,-9.63485
CC(C)C[C@H](NC(=O)[C@H](CCCNC(=N)N)[n+]1[c-]n2ccccc2c1)C(=O)N[C@@H](CCC(=O)O)C(=O)O,-4.9457,-6.4531603
CC(C)C[C@H](NC(=O)[C@H](CCCNC(=N)N)[n+]1[c-]n2ccccc2c1)C(=O)N[C@@H](CCC(N)=O)C(=O)O,-8.1496,-8.409915
CC(C)C[C@H](NC(=O)[C@H](CCCNC(=N)N)[n+]1[c-]n2ccccc2c1)C(=O)N[C@@H](Cc1ccc(O)cc1)C(=O)O,-4.8582,-8.680269
CC(C)C[C@H](NC(=O)[C@H](CO)NC(=O)[C@H](CCC(=O)O)[n+]1[c-]n2ccccc2c1)C(=O)O,1.6163,-7.4395847
CC(C)C[C@H](NC(=O)[C@H](CO)NC(=O)[C@H](Cc1ccccc1)[n+]1[c-]n2ccccc2c1)C(=O)O,-4.96,-3.0852451
CC(C)C[C@H](NC(=O)[C@H](CO)NC(=O)[C@H]([C@@H](C)O)[n+]1[c-]n2ccccc2c1)C(=O)O,-7.9098,-6.4374437
CC(C)C[C@H](NC(=O)[C@H](CO)[n+]1[c-]n2ccccc2c1)C(=O)NCC(=O)O,-13.5969,-9.716951
CC(C)C[C@H](NC(=O)[C@H](CO)[n+]1[c-]n2ccccc2c1)C(=O)N[C@@H](CCC(=O)O)C(=O)O,-12.8676,-15.3642025
CC(C)C[C@H](NC(=O)[C@H](CS)NC(=O)[C@H](CC(C)C)[n+]1[c-]n2ccccc2c1)C(=O)O,-5.2201,-3.3872917
CC(C)C[C@H](NC(=O)[C@H](CS)NC(=O)[C@H](CO)[n+]1[c-]n2ccccc2c1)C(=O)O,-4.5546,-7.4052124
CC(C)C[C@H](NC(=O)[C@H](CS)NC(=O)[C@H](Cc1ccccc1)[n+]1[c-]n2ccccc2c1)C(=O)O,-10.9621,-7.8026905
CC(C)C[C@H](NC(=O)[C@H](CS)[n+]1[c-]n2ccccc2c1)C(=O)N[C@@H](CC(N)=O)C(=O)O,-9.6784,-7.061786
CC(C)C[C@H](NC(=O)[C@H](CS)[n+]1[c-]n2ccccc2c1)C(=O)N[C@@H](Cc1ccccc1)C(=O)O,-6.7037,-4.259876
CC(C)C[C@H](NC(=O)[C@H](Cc1c[nH]c2ccccc12)NC(=O)[C@H](CC(N)=O)[n+]1[c-]n2ccccc2c1)C(=O)O,-6.351,-6.9915547
CC(C)C[C@H](NC(=O)[C@H](Cc1c[nH]c2ccccc12)NC(=O)[C@H](CCC(N)=O)[n+]1[c-]n2ccccc2c1)C(=O)O,-5.028,-7.117977
CC(C)C[C@H](NC(=O)[C@H](Cc1c[nH]c2ccccc12)NC(=O)[C@H](CS)[n+]1[c-]n2ccccc2c1)C(=O)O,-4.4256,-8.920468
CC(C)C[C@H](NC(=O)[C@H](Cc1c[nH]c2ccccc12)NC(=O)[C@H](Cc1ccc(O)cc1)[n+]1[c-]n2ccccc2c1)C(=O)O,-7.9102,-7.810869
CC(C)C[C@H](NC(=O)[C@H](Cc1c[nH]c2ccccc12)NC(=O)[C@H]([C@@H](C)O)[n+]1[c-]n2ccccc2c1)C(=O)O,-4.7641,-8.206379
CC(C)C[C@H](NC(=O)[C@H](Cc1c[nH]c2ccccc12)[n+]1[c-]n2ccccc2c1)C(=O)N[C@@H](C)C(=O)O,-2.8972,-4.2511153
CC(C)C[C@H](NC(=O)[C@H](Cc1c[nH]c2ccccc12)[n+]1[c-]n2ccccc2c1)C(=O)N[C@@H](CC(=O)O)C(=O)O,-4.9724,-6.5707436
CC(C)C[C@H](NC(=O)[C@H](Cc1c[nH]c2ccccc12)[n+]1[c-]n2ccccc2c1)C(=O)N[C@@H](CC(N)=O)C(=O)O,-8.8619,-7.2327023
CC(C)C[C@H](NC(=O)[C@H](Cc1c[nH]c2ccccc12)[n+]1[c-]n2ccccc2c1)C(=O)N[C@@H](CCC(=O)O)C(=O)O,-17.7306,-12.284362
CC(C)C[C@H](NC(=O)[C@H](Cc1c[nH]c2ccccc12)[n+]1[c-]n2ccccc2c1)C(=O)N[C@@H](CS)C(=O)O,-5.9974,-6.5045466
CC(C)C[C@H](NC(=O)[C@H](Cc1c[nH]cn1)NC(=O)[C@H](CC(=O)O)[n+]1[c-]n2ccccc2c1)C(=O)O,-5.6024,-10.23938
CC(C)C[C@H](NC(=O)[C@H](Cc1c[nH]cn1)NC(=O)[C@H](CCC(=O)O)[n+]1[c-]n2ccccc2c1)C(=O)O,-9.496,-9.623241
CC(C)C[C@H](NC(=O)[C@H](Cc1c[nH]cn1)NC(=O)[C@H](CCCNC(=N)N)[n+]1[c-]n2ccccc2c1)C(=O)O,-10.2195,-8.764007
CC(C)C[C@H](NC(=O)[C@H](Cc1c[nH]cn1)NC(=O)[C@H](CS)[n+]1[c-]n2ccccc2c1)C(=O)O,-7.7073,-7.916774
CC(C)C[C@H](NC(=O)[C@H](Cc1c[nH]cn1)NC(=O)[C@H](Cc1c[nH]cn1)[n+]1[c-]n2ccccc2c1)C(=O)O,-8.7642,-8.816901
CC(C)C[C@H](NC(=O)[C@H](Cc1c[nH]cn1)NC(=O)[C@H](Cc1ccc(O)cc1)[n+]1[c-]n2ccccc2c1)C(=O)O,-8.0339,-6.8137674
CC(C)C[C@H](NC(=O)[C@H](Cc1c[nH]cn1)[n+]1[c-]n2ccccc2c1)C(=O)N[C@@H](CC(=O)O)C(=O)O,1.2901,-6.570151
CC(C)C[C@H](NC(=O)[C@H](Cc1c[nH]cn1)[n+]1[c-]n2ccccc2c1)C(=O)N[C@@H](CCCNC(=N)N)C(=O)O,2.8544,-6.533496
CC(C)C[C@H](NC(=O)[C@H](Cc1c[nH]cn1)[n+]1[c-]n2ccccc2c1)C(=O)N[C@@H](CO)C(=O)O,-0.2503,-6.601632
CC(C)C[C@H](NC(=O)[C@H](Cc1ccc(O)cc1)NC(=O)[C@H](CS)[n+]1[c-]n2ccccc2c1)C(=O)O,-4.9115,-3.9223018
CC(C)C[C@H](NC(=O)[C@H](Cc1ccc(O)cc1)NC(=O)[C@H](Cc1c[nH]c2ccccc12)[n+]1[c-]n2ccccc2c1)C(=O)O,-11.8117,-7.2049155
CC(C)C[C@H](NC(=O)[C@H](Cc1ccc(O)cc1)NC(=O)[C@H](Cc1ccccc1)[n+]1[c-]n2ccccc2c1)C(=O)O,-6.3205,-9.22574
CC(C)C[C@H](NC(=O)[C@H](Cc1ccc(O)cc1)NC(=O)[C@H]([C@@H](C)O)[n+]1[c-]n2ccccc2c1)C(=O)O,-9.567,-6.72624
CC(C)C[C@H](NC(=O)[C@H](Cc1ccc(O)cc1)[n+]1[c-]n2ccccc2c1)C(=O)N1CCC[C@H]1C(=O)O,-8.7078,-6.439932
CC(C)C[C@H](NC(=O)[C@H](Cc1ccc(O)cc1)[n+]1[c-]n2ccccc2c1)C(=O)N[C@@H](CS)C(=O)O,-5.0654,-6.3035793
CC(C)C[C@H](NC(=O)[C@H](Cc1ccc(O)cc1)[n+]1[c-]n2ccccc2c1)C(=O)N[C@@H](Cc1c[nH]cn1)C(=O)O,-11.8437,-9.934549
CC(C)C[C@H](NC(=O)[C@H](Cc1ccc(O)cc1)[n+]1[c-]n2ccccc2c1)C(=O)N[C@H](C(=O)O)[C@@H](C)O,-5.9564,-5.281029
CC(C)C[C@H](NC(=O)[C@H](Cc1ccccc1)NC(=O)C[n+]1[c-]n2ccccc2c1)C(=O)O,-13.3565,-10.265324
CC(C)C[C@H](NC(=O)[C@H](Cc1ccccc1)NC(=O)[C@H](C(C)C)[n+]1[c-]n2ccccc2c1)C(=O)O,-6.3676,-7.5239763
CC(C)C[C@H](NC(=O)[C@H](Cc1ccccc1)NC(=O)[C@H](CCCNC(=N)N)[n+]1[c-]n2ccccc2c1)C(=O)O,-9.0785,-7.184087
CC(C)C[C@H](NC(=O)[C@H](Cc1ccccc1)NC(=O)[C@H](Cc1ccc(O)cc1)[n+]1[c-]n2ccccc2c1)C(=O)O,-6.5526,-6.870384
CC(C)C[C@H](NC(=O)[C@H](Cc1ccccc1)[n+]1[c-]n2ccccc2c1)C(=O)N1CCC[C@H]1C(=O)O,-11.9041,-5.373938
CC(C)C[C@H](NC(=O)[C@H](Cc1ccccc1)[n+]1[c-]n2ccccc2c1)C(=O)N[C@@H](CC(N)=O)C(=O)O,-12.4146,-8.78585
CC(C)C[C@H](NC(=O)[C@H](Cc1ccccc1)[n+]1[c-]n2ccccc2c1)C(=O)N[C@@H](CCC(=O)O)C(=O)O,-14.1901,-13.820188
CC(C)C[C@H](NC(=O)[C@H](Cc1ccccc1)[n+]1[c-]n2ccccc2c1)C(=O)N[C@@H](Cc1c[nH]cn1)C(=O)O,-4.5174,-6.2841234
CC(C)C[C@H](NC(=O)[C@H](Cc1ccccc1)[n+]1[c-]n2ccccc2c1)C(=O)N[C@H](C(=O)O)C(C)C,-7.2174,-5.2867036
CC(C)C[C@H](NC(=O)[C@H]([C@@H](C)O)[n+]1[c-]n2ccccc2c1)C(=O)N[C@@H](CC(N)=O)C(=O)O,-7.0588,-9.869154
CC(C)C[C@H](NC(=O)[C@H]([C@@H](C)O)[n+]1[c-]n2ccccc2c1)C(=O)N[C@@H](Cc1c[nH]c2ccccc12)C(=O)O,-10.577,-10.543621
CC(C)[C@@H](C(=O)N1CCC[C@H]1C(=O)N[C@@H](Cc1c[nH]c2ccccc12)C(=O)O)[n+]1[c-]n2ccccc2c1,-4.7624,-8.772503
CC(C)[C@@H](C(=O)NCC(=O)N1CCC[C@H]1C(=O)O)[n+]1[c-]n2ccccc2c1,-4.3855,-6.7844605
CC(C)[C@@H](C(=O)NCC(=O)N[C@@H](CC(=O)O)C(=O)O)[n+]1[c-]n2ccccc2c1,-9.6955,-9.699309
CC(C)[C@@H](C(=O)NCC(=O)N[C@@H](CC(N)=O)C(=O)O)[n+]1[c-]n2ccccc2c1,-10.7339,-8.859554
CC(C)[C@@H](C(=O)NCC(=O)N[C@@H](CCC(N)=O)C(=O)O)[n+]1[c-]n2ccccc2c1,-19.3671,-13.664989
CC(C)[C@@H](C(=O)NCC(=O)N[C@@H](CCCNC(=N)N)C(=O)O)[n+]1[c-]n2ccccc2c1,-5.7756,-9.048164
CC(C)[C@@H](C(=O)NCC(=O)N[C@@H](Cc1ccc(O)cc1)C(=O)O)[n+]1[c-]n2ccccc2c1,-14.1946,-11.308592
CC(C)[C@@H](C(=O)N[C@@H](C)C(=O)N[C@@H](C)C(=O)O)[n+]1[c-]n2ccccc2c1,-3.199,-4.016773
CC(C)[C@@H](C(=O)N[C@@H](C)C(=O)N[C@@H](CCC(=O)O)C(=O)O)[n+]1[c-]n2ccccc2c1,-6.7489,-11.422175
CC(C)[C@@H](C(=O)N[C@@H](C)C(=O)N[C@@H](CS)C(=O)O)[n+]1[c-]n2ccccc2c1,-5.7748,-8.053503
CC(C)[C@@H](C(=O)N[C@@H](CC(=O)O)C(=O)NCC(=O)O)[n+]1[c-]n2ccccc2c1,-7.859,-7.8543854
CC(C)[C@@H](C(=O)N[C@@H](CC(=O)O)C(=O)N[C@@H](CC(N)=O)C(=O)O)[n+]1[c-]n2ccccc2c1,-11.9107,-10.894284
CC(C)[C@@H](C(=O)N[C@@H](CC(=O)O)C(=O)N[C@@H](CCC(N)=O)C(=O)O)[n+]1[c-]n2ccccc2c1,-9.7179,-14.862282
CC(C)[C@@H](C(=O)N[C@@H](CC(=O)O)C(=O)O)[n+]1[c-]n2ccccc2c1,-8.7976,-6.381428
CC(C)[C@@H](C(=O)N[C@@H](CC(N)=O)C(=O)N[C@@H](CS)C(=O)O)[n+]1[c-]n2ccccc2c1,-0.829,-5.140913
CC(C)[C@@H](C(=O)N[C@@H](CCC(=O)O)C(=O)NCC(=O)O)[n+]1[c-]n2ccccc2c1,-8.09,-8.652465
CC(C)[C@@H](C(=O)N[C@@H](CCC(=O)O)C(=O)N[C@@H](CC(N)=O)C(=O)O)[n+]1[c-]n2ccccc2c1,-21.7043,-12.41778
CC(C)[C@@H](C(=O)N[C@@H](CCC(=O)O)C(=O)N[C@@H](CO)C(=O)O)[n+]1[c-]n2ccccc2c1,-9.0285,-11.727749
CC(C)[C@@H](C(=O)N[C@@H](CCC(=O)O)C(=O)N[C@@H](CS)C(=O)O)[n+]1[c-]n2ccccc2c1,-6.5161,-7.329162
CC(C)[C@@H](C(=O)N[C@@H](CCC(N)=O)C(=O)N[C@@H](CS)C(=O)O)[n+]1[c-]n2ccccc2c1,-13.678,-7.367774
CC(C)[C@@H](C(=O)N[C@@H](CCC(N)=O)C(=O)N[C@@H](Cc1ccc(O)cc1)C(=O)O)[n+]1[c-]n2ccccc2c1,-14.6273,-12.101083
CC(C)[C@@H](C(=O)N[C@@H](CCC(N)=O)C(=O)N[C@@H](Cc1ccccc1)C(=O)O)[n+]1[c-]n2ccccc2c1,-10.5961,-8.516452
CC(C)[C@@H](C(=O)N[C@@H](CCC(N)=O)C(=O)O)[n+]1[c-]n2ccccc2c1,-11.8637,-11.768173
CC(C)[C@@H](C(=O)N[C@@H](CCCNC(=N)N)C(=O)NCC(=O)O)[n+]1[c-]n2ccccc2c1,-9.6034,-10.080523
CC(C)[C@@H](C(=O)N[C@@H](CCCNC(=N)N)C(=O)N[C@@H](C)C(=O)O)[n+]1[c-]n2ccccc2c1,-6.1542,-11.065472
CC(C)[C@@H](C(=O)N[C@@H](CCCNC(=N)N)C(=O)N[C@@H](CCC(N)=O)C(=O)O)[n+]1[c-]n2ccccc2c1,-9.4831,-10.433386
CC(C)[C@@H](C(=O)N[C@@H](CCCNC(=N)N)C(=O)N[C@@H](CCCNC(=N)N)C(=O)O)[n+]1[c-]n2ccccc2c1,-6.8361,-8.445141
CC(C)[C@@H](C(=O)N[C@@H](CCCNC(=N)N)C(=O)N[C@@H](CO)C(=O)O)[n+]1[c-]n2ccccc2c1,-2.2747,-9.67083
CC(C)[C@@H](C(=O)N[C@@H](CCCNC(=N)N)C(=O)N[C@@H](Cc1ccc(O)cc1)C(=O)O)[n+]1[c-]n2ccccc2c1,-6.1824,-9.495316
CC(C)[C@@H](C(=O)N[C@@H](CCCNC(=N)N)C(=O)O)[n+]1[c-]n2ccccc2c1,-8.4487,-9.331005
CC(C)[C@@H](C(=O)N[C@@H](CO)C(=O)N[C@@H](C)C(=O)O)[n+]1[c-]n2ccccc2c1,-0.0751,-6.7312145
CC(C)[C@@H](C(=O)N[C@@H](CO)C(=O)N[C@@H](CCC(N)=O)C(=O)O)[n+]1[c-]n2ccccc2c1,-13.1346,-11.79812
CC(C)[C@@H](C(=O)N[C@@H](CO)C(=O)N[C@@H](CCCNC(=N)N)C(=O)O)[n+]1[c-]n2ccccc2c1,-7.7774,-9.358391
CC(C)[C@@H](C(=O)N[C@@H](CO)C(=O)N[C@@H](Cc1c[nH]c2ccccc12)C(=O)O)[n+]1[c-]n2ccccc2c1,-8.0548,-8.911011
CC(C)[C@@H](C(=O)N[C@@H](CO)C(=O)N[C@@H](Cc1c[nH]cn1)C(=O)O)[n+]1[c-]n2ccccc2c1,-9.9247,-10.934956
CC(C)[C@@H](C(=O)N[C@@H](CO)C(=O)N[C@H](C(=O)O)[C@@H](C)O)[n+]1[c-]n2ccccc2c1,-11.6323,-4.6848197
CC(C)[C@@H](C(=O)N[C@@H](CO)C(=O)O)[n+]1[c-]n2ccccc2c1,-3.3617,-6.3425217
CC(C)[C@@H](C(=O)N[C@@H](CS)C(=O)NCC(=O)O)[n+]1[c-]n2ccccc2c1,-7.1209,-5.231447
CC(C)[C@@H](C(=O)N[C@@H](CS)C(=O)N[C@@H](CC(=O)O)C(=O)O)[n+]1[c-]n2ccccc2c1,-4.8131,-7.3658977
CC(C)[C@@H](C(=O)N[C@@H](Cc1c[nH]c2ccccc12)C(=O)N[C@@H](CCC(=O)O)C(=O)O)[n+]1[c-]n2ccccc2c1,-17.3167,-9.0446615
CC(C)[C@@H](C(=O)N[C@@H](Cc1c[nH]c2ccccc12)C(=O)N[C@@H](CCCNC(=N)N)C(=O)O)[n+]1[c-]n2ccccc2c1,-9.637,-11.199864
CC(C)[C@@H](C(=O)N[C@@H](Cc1c[nH]c2ccccc12)C(=O)N[C@@H](Cc1c[nH]cn1)C(=O)O)[n+]1[c-]n2ccccc2c1,-14.4864,-11.181829
CC(C)[C@@H](C(=O)N[C@@H](Cc1c[nH]c2ccccc12)C(=O)N[C@@H](Cc1ccc(O)cc1)C(=O)O)[n+]1[c-]n2ccccc2c1,-7.7524,-7.9190927
CC(C)[C@@H](C(=O)N[C@@H](Cc1c[nH]c2ccccc12)C(=O)N[C@@H](Cc1ccccc1)C(=O)O)[n+]1[c-]n2ccccc2c1,-13.104,-8.071613
CC(C)[C@@H](C(=O)N[C@@H](Cc1c[nH]c2ccccc12)C(=O)N[C@H](C(=O)O)[C@@H](C)O)[n+]1[c-]n2ccccc2c1,-7.1792,-9.41875
CC(C)[C@@H](C(=O)N[C@@H](Cc1c[nH]cn1)C(=O)N[C@@H](CC(=O)O)C(=O)O)[n+]1[c-]n2ccccc2c1,-8.9071,-7.5459137
CC(C)[C@@H](C(=O)N[C@@H](Cc1c[nH]cn1)C(=O)N[C@@H](CCC(N)=O)C(=O)O)[n+]1[c-]n2ccccc2c1,-10.2856,-9.360182
CC(C)[C@@H](C(=O)N[C@@H](Cc1ccc(O)cc1)C(=O)NCC(=O)O)[n+]1[c-]n2ccccc2c1,-5.3069,-6.6396294
CC(C)[C@@H](C(=O)N[C@@H](Cc1ccc(O)cc1)C(=O)N[C@@H](CCCNC(=N)N)C(=O)O)[n+]1[c-]n2ccccc2c1,-13.572,-12.247606
CC(C)[C@@H](C(=O)N[C@@H](Cc1ccc(O)cc1)C(=O)N[C@@H](Cc1c[nH]c2ccccc12)C(=O)O)[n+]1[c-]n2ccccc2c1,-11.2914,-7.065387
CC(C)[C@@H](C(=O)N[C@@H](Cc1ccc(O)cc1)C(=O)N[C@@H](Cc1ccccc1)C(=O)O)[n+]1[c-]n2ccccc2c1,-3.0814,-8.954085
CC(C)[C@@H](C(=O)N[C@@H](Cc1ccccc1)C(=O)N[C@@H](CC(=O)O)C(=O)O)[n+]1[c-]n2ccccc2c1,-8.5354,-6.8810515
CC(C)[C@@H](C(=O)N[C@@H](Cc1ccccc1)C(=O)N[C@@H](CO)C(=O)O)[n+]1[c-]n2ccccc2c1,-6.9346,-9.707068
CC(C)[C@@H](C(=O)N[C@@H](Cc1ccccc1)C(=O)N[C@@H](Cc1ccccc1)C(=O)O)[n+]1[c-]n2ccccc2c1,-6.0396,-7.791636
CC(C)[C@@H](C(=O)N[C@H](C(=O)N[C@@H](CCC(N)=O)C(=O)O)[C@@H](C)O)[n+]1[c-]n2ccccc2c1,-13.9261,-12.303173
CC(C)[C@@H](C(=O)N[C@H](C(=O)N[C@@H](CO)C(=O)O)[C@@H](C)O)[n+]1[c-]n2ccccc2c1,-4.5111,-6.387863
CC(C)[C@@H](C(=O)O)[n+]1[c-]n2ccccc2c1,-1.7254,-3.9321141
CC(C)[C@H](NC(=O)CNC(=O)[C@H](C(C)C)[n+]1[c-]n2ccccc2c1)C(=O)O,-7.0165,-8.256338
CC(C)[C@H](NC(=O)CNC(=O)[C@H](C)[n+]1[c-]n2ccccc2c1)C(=O)O,-7.4569,-9.128296
CC(C)[C@H](NC(=O)CNC(=O)[C@H](CC(=O)O)[n+]1[c-]n2ccccc2c1)C(=O)O,-3.9403,-5.7804313
CC(C)[C@H](NC(=O)CNC(=O)[C@H](CCC(=O)O)[n+]1[c-]n2ccccc2c1)C(=O)O,-8.2195,-7.742689
CC(C)[C@H](NC(=O)CNC(=O)[C@H](Cc1c[nH]cn1)[n+]1[c-]n2ccccc2c1)C(=O)O,-4.1426,-5.5885725
CC(C)[C@H](NC(=O)CNC(=O)[C@H](Cc1ccccc1)[n+]1[c-]n2ccccc2c1)C(=O)O,-9.7787,-5.619723
CC(C)[C@H](NC(=O)C[n+]1[c-]n2ccccc2c1)C(=O)NCC(=O)O,-6.7479,-8.571035
CC(C)[C@H](NC(=O)C[n+]1[c-]n2ccccc2c1)C(=O)N[C@@H](C)C(=O)O,-11.2835,-10.244719
CC(C)[C@H](NC(=O)C[n+]1[c-]n2ccccc2c1)C(=O)N[C@@H](CCC(=O)O)C(=O)O,-9.989,-11.161846
CC(C)[C@H](NC(=O)C[n+]1[c-]n2ccccc2c1)C(=O)N[C@@H](CCC(N)=O)C(=O)O,-14.6179,-13.636496
CC(C)[C@H](NC(=O)C[n+]1[c-]n2ccccc2c1)C(=O)N[C@@H](CS)C(=O)O,-11.8316,-10.459725
CC(C)[C@H](NC(=O)[C@@H](NC(=O)C[n+]1[c-]n2ccccc2c1)C(C)C)C(=O)O,-8.8804,-10.061522
CC(C)[C@H](NC(=O)[C@@H](NC(=O)C[n+]1[c-]n2ccccc2c1)[C@@H](C)O)C(=O)O,-9.7351,-11.918952
CC(C)[C@H](NC(=O)[C@@H](NC(=O)[C@H](C)[n+]1[c-]n2ccccc2c1)[C@@H](C)O)C(=O)O,0.3139,-4.7513895
CC(C)[C@H](NC(=O)[C@@H](NC(=O)[C@H](CCC(N)=O)[n+]1[c-]n2ccccc2c1)[C@@H](C)O)C(=O)O,-0.8945,-6.6174836
CC(C)[C@H](NC(=O)[C@@H](NC(=O)[C@H](CCCNC(=N)N)[n+]1[c-]n2ccccc2c1)[C@@H](C)O)C(=O)O,-11.3362,-9.948078
CC(C)[C@H](NC(=O)[C@@H](NC(=O)[C@H](CO)[n+]1[c-]n2ccccc2c1)C(C)C)C(=O)O,-5.4999,-5.336708
CC(C)[C@H](NC(=O)[C@@H](NC(=O)[C@H](CO)[n+]1[c-]n2ccccc2c1)[C@@H](C)O)C(=O)O,-6.3823,-5.0969768
CC(C)[C@H](NC(=O)[C@@H](NC(=O)[C@H](Cc1ccc(O)cc1)[n+]1[c-]n2ccccc2c1)C(C)C)C(=O)O,-1.6968,-4.003233
CC(C)[C@H](NC(=O)[C@@H](NC(=O)[C@H](Cc1ccc(O)cc1)[n+]1[c-]n2ccccc2c1)[C@@H](C)O)C(=O)O,-3.0335,-4.16506
CC(C)[C@H](NC(=O)[C@@H]1CCCN1C(=O)C[n+]1[c-]n2ccccc2c1)C(=O)O,-9.5789,-10.415524
CC(C)[C@H](NC(=O)[C@@H]1CCCN1C(=O)[C@H](C)[n+]1[c-]n2ccccc2c1)C(=O)O,-7.0002,-6.089754
CC(C)[C@H](NC(=O)[C@@H]1CCCN1C(=O)[C@H](CS)[n+]1[c-]n2ccccc2c1)C(=O)O,-7.8917,-6.7919483
CC(C)[C@H](NC(=O)[C@@H]1CCCN1C(=O)[C@H](Cc1c[nH]c2ccccc12)[n+]1[c-]n2ccccc2c1)C(=O)O,-8.6777,-6.3482003
CC(C)[C@H](NC(=O)[C@@H]1CCCN1C(=O)[C@H](Cc1c[nH]cn1)[n+]1[c-]n2ccccc2c1)C(=O)O,-7.5871,-5.71354
CC(C)[C@H](NC(=O)[C@H](C(C)C)[n+]1[c-]n2ccccc2c1)C(=O)N[C@@H](C)C(=O)O,-4.6532,-3.5903568
CC(C)[C@H](NC(=O)[C@H](C(C)C)[n+]1[c-]n2ccccc2c1)C(=O)N[C@@H](Cc1c[nH]c2ccccc12)C(=O)O,-6.8536,-6.8085146
CC(C)[C@H](NC(=O)[C@H](C(C)C)[n+]1[c-]n2ccccc2c1)C(=O)N[C@@H](Cc1c[nH]cn1)C(=O)O,-3.805,-2.7846832
CC(C)[C@H](NC(=O)[C@H](C(C)C)[n+]1[c-]n2ccccc2c1)C(=O)O,-5.5036,-4.3852425
CC(C)[C@H](NC(=O)[C@H](C)NC(=O)[C@H](C(C)C)[n+]1[c-]n2ccccc2c1)C(=O)O,-2.4051,-3.232787
CC(C)[C@H](NC(=O)[C@H](C)[n+]1[c-]n2ccccc2c1)C(=O)N[C@@H](CS)C(=O)O,-9.0309,-5.3424187
CC(C)[C@H](NC(=O)[C@H](C)[n+]1[c-]n2ccccc2c1)C(=O)N[C@@H](Cc1c[nH]c2ccccc12)C(=O)O,-7.4252,-11.391911
CC(C)[C@H](NC(=O)[C@H](CC(=O)O)NC(=O)[C@H](C)[n+]1[c-]n2ccccc2c1)C(=O)O,0.9708,-5.43235
CC(C)[C@H](NC(=O)[C@H](CC(=O)O)NC(=O)[C@H](CC(=O)O)[n+]1[c-]n2ccccc2c1)C(=O)O,-0.032,-7.7918744
CC(C)[C@H](NC(=O)[C@H](CC(=O)O)NC(=O)[C@H](Cc1c[nH]c2ccccc12)[n+]1[c-]n2ccccc2c1)C(=O)O,-2.0538,-6.964848
CC(C)[C@H](NC(=O)[C@H](CC(=O)O)[n+]1[c-]n2ccccc2c1)C(=O)N1CCC[C@H]1C(=O)O,-0.2251,-5.2250776
CC(C)[C@H](NC(=O)[C@H](CC(=O)O)[n+]1[c-]n2ccccc2c1)C(=O)N[C@@H](CC(N)=O)C(=O)O,-13.1641,-11.809524
CC(C)[C@H](NC(=O)[C@H](CC(=O)O)[n+]1[c-]n2ccccc2c1)C(=O)N[C@@H](CCCNC(=N)N)C(=O)O,-10.0135,-10.48456
CC(C)[C@H](NC(=O)[C@H](CC(N)=O)NC(=O)[C@H](CC(=O)O)[n+]1[c-]n2ccccc2c1)C(=O)O,-8.6039,-8.441788
CC(C)[C@H](NC(=O)[C@H](CC(N)=O)[n+]1[c-]n2ccccc2c1)C(=O)N[C@@H](CC(N)=O)C(=O)O,-20.8314,-13.159012
CC(C)[C@H](NC(=O)[C@H](CC(N)=O)[n+]1[c-]n2ccccc2c1)C(=O)N[C@@H](CCC(N)=O)C(=O)O,-10.4223,-9.913599
CC(C)[C@H](NC(=O)[C@H](CC(N)=O)[n+]1[c-]n2ccccc2c1)C(=O)N[C@@H](CS)C(=O)O,-8.7064,-8.676385
CC(C)[C@H](NC(=O)[C@H](CC(N)=O)[n+]1[c-]n2ccccc2c1)C(=O)N[C@@H](Cc1c[nH]c2ccccc12)C(=O)O,-6.7542,-5.3890047
CC(C)[C@H](NC(=O)[C@H](CC(N)=O)[n+]1[c-]n2ccccc2c1)C(=O)N[C@@H](Cc1ccccc1)C(=O)O,-1.3611,-4.659871
CC(C)[C@H](NC(=O)[C@H](CC(N)=O)[n+]1[c-]n2ccccc2c1)C(=O)N[C@H](C(=O)O)[C@@H](C)O,-3.685,-5.041027
CC(C)[C@H](NC(=O)[C@H](CCC(=O)O)NC(=O)C[n+]1[c-]n2ccccc2c1)C(=O)O,-12.3226,-12.561012
CC(C)[C@H](NC(=O)[C@H](CCC(=O)O)NC(=O)[C@H](CS)[n+]1[c-]n2ccccc2c1)C(=O)O,-8.3784,-6.029727
CC(C)[C@H](NC(=O)[C@H](CCC(=O)O)NC(=O)[C@H](Cc1ccc(O)cc1)[n+]1[c-]n2ccccc2c1)C(=O)O,-10.1139,-7.355898
CC(C)[C@H](NC(=O)[C@H](CCC(=O)O)NC(=O)[C@H]([C@@H](C)O)[n+]1[c-]n2ccccc2c1)C(=O)O,-12.6283,-10.856543
CC(C)[C@H](NC(=O)[C@H](CCC(=O)O)[n+]1[c-]n2ccccc2c1)C(=O)N[C@@H](CO)C(=O)O,-5.8513,-7.0385723
CC(C)[C@H](NC(=O)[C@H](CCC(=O)O)[n+]1[c-]n2ccccc2c1)C(=O)N[C@@H](CS)C(=O)O,-2.5438,-3.3941035
CC(C)[C@H](NC(=O)[C@H](CCC(=O)O)[n+]1[c-]n2ccccc2c1)C(=O)N[C@@H](Cc1ccc(O)cc1)C(=O)O,-12.347,-8.93799
CC(C)[C@H](NC(=O)[C@H](CCC(=O)O)[n+]1[c-]n2ccccc2c1)C(=O)N[C@H](C(=O)O)[C@@H](C)O,-6.9261,-6.2239547
CC(C)[C@H](NC(=O)[C@H](CCC(N)=O)NC(=O)[C@H](C(C)C)[n+]1[c-]n2ccccc2c1)C(=O)O,-10.4622,-9.55028
CC(C)[C@H](NC(=O)[C@H](CCC(N)=O)NC(=O)[C@H](CCC(N)=O)[n+]1[c-]n2ccccc2c1)C(=O)O,-12.3191,-5.624813
CC(C)[C@H](NC(=O)[C@H](CCC(N)=O)NC(=O)[C@H](CCCNC(=N)N)[n+]1[c-]n2ccccc2c1)C(=O)O,-8.7507,-10.327493
CC(C)[C@H](NC(=O)[C@H](CCC(N)=O)NC(=O)[C@H](Cc1c[nH]c2ccccc12)[n+]1[c-]n2ccccc2c1)C(=O)O,-13.4341,-7.589615
CC(C)[C@H](NC(=O)[C@H](CCC(N)=O)NC(=O)[C@H]([C@@H](C)O)[n+]1[c-]n2ccccc2c1)C(=O)O,-6.4921,-10.086025
CC(C)[C@H](NC(=O)[C@H](CCC(N)=O)[n+]1[c-]n2ccccc2c1)C(=O)N[C@@H](CC(N)=O)C(=O)O,-4.6993,-4.339672
CC(C)[C@H](NC(=O)[C@H](CCC(N)=O)[n+]1[c-]n2ccccc2c1)C(=O)N[C@@H](Cc1ccc(O)cc1)C(=O)O,-7.2283,-9.136379
CC(C)[C@H](NC(=O)[C@H](CCCNC(=N)N)NC(=O)C[n+]1[c-]n2ccccc2c1)C(=O)O,-10.9391,-10.7902775
CC(C)[C@H](NC(=O)[C@H](CCCNC(=N)N)NC(=O)[C@H](CS)[n+]1[c-]n2ccccc2c1)C(=O)O,-7.8617,-9.299349
CC(C)[C@H](NC(=O)[C@H](CCCNC(=N)N)[n+]1[c-]n2ccccc2c1)C(=O)N[C@@H](CCC(=O)O)C(=O)O,-8.3213,-6.5641546
CC(C)[C@H](NC(=O)[C@H](CCCNC(=N)N)[n+]1[c-]n2ccccc2c1)C(=O)O,-10.8521,-8.432312
CC(C)[C@H](NC(=O)[C@H](CO)NC(=O)[C@H](CC(=O)O)[n+]1[c-]n2ccccc2c1)C(=O)O,-10.15,-5.4052877
CC(C)[C@H](NC(=O)[C@H](CO)NC(=O)[C@H](CCCNC(=N)N)[n+]1[c-]n2ccccc2c1)C(=O)O,-7.3749,-7.107383
CC(C)[C@H](NC(=O)[C@H](CO)[n+]1[c-]n2ccccc2c1)C(=O)N[C@@H](CS)C(=O)O,-6.7461,-7.733761
CC(C)[C@H](NC(=O)[C@H](CS)NC(=O)C[n+]1[c-]n2ccccc2c1)C(=O)O,-8.0403,-12.59024
CC(C)[C@H](NC(=O)[C@H](CS)NC(=O)[C@H](C)[n+]1[c-]n2ccccc2c1)C(=O)O,-5.861,-3.9087234
CC(C)[C@H](NC(=O)[C@H](CS)NC(=O)[C@H](CCCNC(=N)N)[n+]1[c-]n2ccccc2c1)C(=O)O,0.8679,-8.174457
CC(C)[C@H](NC(=O)[C@H](CS)NC(=O)[C@H](Cc1c[nH]c2ccccc12)[n+]1[c-]n2ccccc2c1)C(=O)O,0.4191,-7.169111
CC(C)[C@H](NC(=O)[C@H](CS)[n+]1[c-]n2ccccc2c1)C(=O)NCC(=O)O,-3.3602,-5.0814085
CC(C)[C@H](NC(=O)[C@H](CS)[n+]1[c-]n2ccccc2c1)C(=O)N[C@@H](CC(N)=O)C(=O)O,-9.2127,-4.4363966
CC(C)[C@H](NC(=O)[C@H](CS)[n+]1[c-]n2ccccc2c1)C(=O)N[C@@H](CCC(N)=O)C(=O)O,-11.3422,-15.196108
CC(C)[C@H](NC(=O)[C@H](CS)[n+]1[c-]n2ccccc2c1)C(=O)N[C@@H](CO)C(=O)O,-5.2591,-5.649106
CC(C)[C@H](NC(=O)[C@H](CS)[n+]1[c-]n2ccccc2c1)C(=O)O,-3.2936,-3.8090158
CC(C)[C@H](NC(=O)[C@H](Cc1c[nH]c2ccccc12)NC(=O)[C@H](CCCNC(=N)N)[n+]1[c-]n2ccccc2c1)C(=O)O,-7.026,-9.880603
CC(C)[C@H](NC(=O)[C@H](Cc1c[nH]c2ccccc12)NC(=O)[C@H](CO)[n+]1[c-]n2ccccc2c1)C(=O)O,-5.4644,-6.3505087
CC(C)[C@H](NC(=O)[C@H](Cc1c[nH]c2ccccc12)[n+]1[c-]n2ccccc2c1)C(=O)N1CCC[C@H]1C(=O)O,-8.0666,-5.1605806
CC(C)[C@H](NC(=O)[C@H](Cc1c[nH]c2ccccc12)[n+]1[c-]n2ccccc2c1)C(=O)NCC(=O)O,-1.7856,-4.7005634
CC(C)[C@H](NC(=O)[C@H](Cc1c[nH]c2ccccc12)[n+]1[c-]n2ccccc2c1)C(=O)N[C@@H](CO)C(=O)O,-4.4556,-7.287079
CC(C)[C@H](NC(=O)[C@H](Cc1c[nH]c2ccccc12)[n+]1[c-]n2ccccc2c1)C(=O)N[C@@H](Cc1c[nH]cn1)C(=O)O,-13.7059,-7.4759717
CC(C)[C@H](NC(=O)[C@H](Cc1c[nH]c2ccccc12)[n+]1[c-]n2ccccc2c1)C(=O)N[C@H](C(=O)O)[C@@H](C)O,-2.8486,-4.359764
CC(C)[C@H](NC(=O)[C@H](Cc1c[nH]cn1)NC(=O)C[n+]1[c-]n2ccccc2c1)C(=O)O,-8.1293,-9.859768
CC(C)[C@H](NC(=O)[C@H](Cc1c[nH]cn1)NC(=O)[C@H](CC(N)=O)[n+]1[c-]n2ccccc2c1)C(=O)O,-12.6233,-9.864383
CC(C)[C@H](NC(=O)[C@H](Cc1c[nH]cn1)NC(=O)[C@H](CO)[n+]1[c-]n2ccccc2c1)C(=O)O,-4.3511,-6.3511057
CC(C)[C@H](NC(=O)[C@H](Cc1c[nH]cn1)NC(=O)[C@H](CS)[n+]1[c-]n2ccccc2c1)C(=O)O,-2.5976,-7.2068686
CC(C)[C@H](NC(=O)[C@H](Cc1c[nH]cn1)NC(=O)[C@H](Cc1c[nH]cn1)[n+]1[c-]n2ccccc2c1)C(=O)O,-12.4498,-5.968795
CC(C)[C@H](NC(=O)[C@H](Cc1c[nH]cn1)NC(=O)[C@H](Cc1ccccc1)[n+]1[c-]n2ccccc2c1)C(=O)O,-16.7728,-10.768234
CC(C)[C@H](NC(=O)[C@H](Cc1c[nH]cn1)[n+]1[c-]n2ccccc2c1)C(=O)NCC(=O)O,-3.2113,-6.8488226
CC(C)[C@H](NC(=O)[C@H](Cc1c[nH]cn1)[n+]1[c-]n2ccccc2c1)C(=O)N[C@@H](C)C(=O)O,-4.7856,-5.502593
CC(C)[C@H](NC(=O)[C@H](Cc1c[nH]cn1)[n+]1[c-]n2ccccc2c1)C(=O)N[C@@H](CCC(N)=O)C(=O)O,-5.0169,-7.776568
CC(C)[C@H](NC(=O)[C@H](Cc1c[nH]cn1)[n+]1[c-]n2ccccc2c1)C(=O)N[C@@H](CO)C(=O)O,-1.0808,-7.2177563
CC(C)[C@H](NC(=O)[C@H](Cc1c[nH]cn1)[n+]1[c-]n2ccccc2c1)C(=O)N[C@@H](Cc1c[nH]cn1)C(=O)O,-7.3943,-6.3436656
CC(C)[C@H](NC(=O)[C@H](Cc1ccc(O)cc1)NC(=O)[C@H](Cc1c[nH]cn1)[n+]1[c-]n2ccccc2c1)C(=O)O,-13.2749,-9.973704
CC(C)[C@H](NC(=O)[C@H](Cc1ccc(O)cc1)NC(=O)[C@H]([C@@H](C)O)[n+]1[c-]n2ccccc2c1)C(=O)O,-8.8331,-9.450261
CC(C)[C@H](NC(=O)[C@H](Cc1ccc(O)cc1)[n+]1[c-]n2ccccc2c1)C(=O)N1CCC[C@H]1C(=O)O,-4.842,-4.0066366
CC(C)[C@H](NC(=O)[C@H](Cc1ccc(O)cc1)[n+]1[c-]n2ccccc2c1)C(=O)N[C@@H](C)C(=O)O,-6.3949,-5.9700084
CC(C)[C@H](NC(=O)[C@H](Cc1ccc(O)cc1)[n+]1[c-]n2ccccc2c1)C(=O)N[C@@H](CC(N)=O)C(=O)O,-11.6383,-6.404175
CC(C)[C@H](NC(=O)[C@H](Cc1ccc(O)cc1)[n+]1[c-]n2ccccc2c1)C(=O)N[C@@H](Cc1ccccc1)C(=O)O,-3.7571,-3.7955878
CC(C)[C@H](NC(=O)[C@H](Cc1ccc(O)cc1)[n+]1[c-]n2ccccc2c1)C(=O)O,-4.8181,-4.988344
CC(C)[C@H](NC(=O)[C@H](Cc1ccccc1)NC(=O)C[n+]1[c-]n2ccccc2c1)C(=O)O,-7.5659,-10.761142
CC(C)[C@H](NC(=O)[C@H](Cc1ccccc1)NC(=O)[C@H](CC(N)=O)[n+]1[c-]n2ccccc2c1)C(=O)O,-11.1485,-8.445969
CC(C)[C@H](NC(=O)[C@H](Cc1ccccc1)NC(=O)[C@H](CCC(N)=O)[n+]1[c-]n2ccccc2c1)C(=O)O,-15.5976,-8.9217205
CC(C)[C@H](NC(=O)[C@H](Cc1ccccc1)NC(=O)[C@H](CCCNC(=N)N)[n+]1[c-]n2ccccc2c1)C(=O)O,-8.4458,-9.779148
CC(C)[C@H](NC(=O)[C@H](Cc1ccccc1)NC(=O)[C@H](CS)[n+]1[c-]n2ccccc2c1)C(=O)O,-6.5472,-5.943474
CC(C)[C@H](NC(=O)[C@H](Cc1ccccc1)NC(=O)[C@H](Cc1c[nH]cn1)[n+]1[c-]n2ccccc2c1)C(=O)O,-7.3433,-11.160236
CC(C)[C@H](NC(=O)[C@H](Cc1ccccc1)NC(=O)[C@H](Cc1ccccc1)[n+]1[c-]n2ccccc2c1)C(=O)O,-8.4966,-5.6293974
CC(C)[C@H](NC(=O)[C@H](Cc1ccccc1)NC(=O)[C@H]([C@@H](C)O)[n+]1[c-]n2ccccc2c1)C(=O)O,-9.4633,-7.773244
CC(C)[C@H](NC(=O)[C@H]([C@@H](C)O)[n+]1[c-]n2ccccc2c1)C(=O)NCC(=O)O,-3.6094,-4.187275
CC(C)[C@H](NC(=O)[C@H]([C@@H](C)O)[n+]1[c-]n2ccccc2c1)C(=O)N[C@@H](CS)C(=O)O,-6.6559,-7.8344264
CC(C)[C@H](NC(=O)[C@H]([C@@H](C)O)[n+]1[c-]n2ccccc2c1)C(=O)N[C@H](C(=O)O)[C@@H](C)O,-9.7608,-7.4982433
CC[C@H](C)[C@@H](C(=O)N1CCC[C@H]1C(=O)N[C@H](C(=O)O)C(C)C)[n+]1[c-]n2ccccc2c1,-4.8718,-4.848941
CC[C@H](C)[C@@H](C(=O)NCC(=O)NCC(=O)O)[n+]1[c-]n2ccccc2c1,-9.9623,-7.5200186
CC[C@H](C)[C@@H](C(=O)NCC(=O)N[C@@H](CO)C(=O)O)[n+]1[c-]n2ccccc2c1,-11.8323,-8.925054
CC[C@H](C)[C@@H](C(=O)NCC(=O)N[C@H](C(=O)O)C(C)C)[n+]1[c-]n2ccccc2c1,-12.249,-6.273121
CC[C@H](C)[C@@H](C(=O)NCC(=O)O)[n+]1[c-]n2ccccc2c1,-7.2407,-4.813848
CC[C@H](C)[C@@H](C(=O)N[C@@H](C)C(=O)N[C@@H](C)C(=O)O)[n+]1[c-]n2ccccc2c1,-4.8367,-4.626229
CC[C@H](C)[C@@H](C(=O)N[C@@H](C)C(=O)N[C@@H](CCCNC(=N)N)C(=O)O)[n+]1[c-]n2ccccc2c1,-14.5256,-9.399656
CC[C@H](C)[C@@H](C(=O)N[C@@H](CC(=O)O)C(=O)N[C@@H](CCC(=O)O)C(=O)O)[n+]1[c-]n2ccccc2c1,-14.5078,-15.458315
CC[C@H](C)[C@@H](C(=O)N[C@@H](CC(C)C)C(=O)N[C@@H](CC(N)=O)C(=O)O)[n+]1[c-]n2ccccc2c1,-5.695,-8.292248
CC[C@H](C)[C@@H](C(=O)N[C@@H](CC(C)C)C(=O)N[C@@H](CCC(=O)O)C(=O)O)[n+]1[c-]n2ccccc2c1,-11.8785,-7.1569366
CC[C@H](C)[C@@H](C(=O)N[C@@H](CC(C)C)C(=O)N[C@@H](CCCNC(=N)N)C(=O)O)[n+]1[c-]n2ccccc2c1,-11.5112,-5.9859667
CC[C@H](C)[C@@H](C(=O)N[C@@H](CC(N)=O)C(=O)N[C@@H](CC(C)C)C(=O)O)[n+]1[c-]n2ccccc2c1,-6.7874,-8.17625
CC[C@H](C)[C@@H](C(=O)N[C@@H](CC(N)=O)C(=O)N[C@@H](CCC(N)=O)C(=O)O)[n+]1[c-]n2ccccc2c1,-14.4454,-11.351229
CC[C@H](C)[C@@H](C(=O)N[C@@H](CC(N)=O)C(=O)N[C@@H](CCCNC(=N)N)C(=O)O)[n+]1[c-]n2ccccc2c1,-13.8122,-10.488752
CC[C@H](C)[C@@H](C(=O)N[C@@H](CC(N)=O)C(=O)N[C@@H](Cc1ccc(O)cc1)C(=O)O)[n+]1[c-]n2ccccc2c1,-13.6292,-9.966491
CC[C@H](C)[C@@H](C(=O)N[C@@H](CC(N)=O)C(=O)N[C@H](C(=O)O)[C@@H](C)O)[n+]1[c-]n2ccccc2c1,-10.1137,-10.357071
CC[C@H](C)[C@@H](C(=O)N[C@@H](CCC(=O)O)C(=O)NCC(=O)O)[n+]1[c-]n2ccccc2c1,-10.376,-5.106369
CC[C@H](C)[C@@H](C(=O)N[C@@H](CCC(=O)O)C(=O)N[C@@H](Cc1ccc(O)cc1)C(=O)O)[n+]1[c-]n2ccccc2c1,5.5331,-10.00832
CC[C@H](C)[C@@H](C(=O)N[C@@H](CCC(=O)O)C(=O)N[C@H](C(=O)O)C(C)C)[n+]1[c-]n2ccccc2c1,-9.575,-7.6187444
CC[C@H](C)[C@@H](C(=O)N[C@@H](CCC(N)=O)C(=O)N[C@@H](Cc1c[nH]cn1)C(=O)O)[n+]1[c-]n2ccccc2c1,-15.9472,-9.057308
CC[C@H](C)[C@@H](C(=O)N[C@@H](CCCNC(=N)N)C(=O)N[C@@H](CC(C)C)C(=O)O)[n+]1[c-]n2ccccc2c1,-5.9229,-8.65975
CC[C@H](C)[C@@H](C(=O)N[C@@H](CCCNC(=N)N)C(=O)N[C@@H](CCC(=O)O)C(=O)O)[n+]1[c-]n2ccccc2c1,-8.3079,-8.483834
CC[C@H](C)[C@@H](C(=O)N[C@@H](CCCNC(=N)N)C(=O)N[C@@H](CCCNC(=N)N)C(=O)O)[n+]1[c-]n2ccccc2c1,-4.3882,-6.985869
CC[C@H](C)[C@@H](C(=O)N[C@@H](CCCNC(=N)N)C(=O)N[C@@H](CO)C(=O)O)[n+]1[c-]n2ccccc2c1,-9.0895,-7.861068
CC[C@H](C)[C@@H](C(=O)N[C@@H](CCCNC(=N)N)C(=O)N[C@@H](Cc1ccccc1)C(=O)O)[n+]1[c-]n2ccccc2c1,-9.7602,-8.914533
CC[C@H](C)[C@@H](C(=O)N[C@@H](CCSC)C(=O)N[C@@H](CC(N)=O)C(=O)O)[n+]1[c-]n2ccccc2c1,-12.3521,-7.631637
CC[C@H](C)[C@@H](C(=O)N[C@@H](CCSC)C(=O)N[C@@H](CS)C(=O)O)[n+]1[c-]n2ccccc2c1,-11.3717,-5.706361
CC[C@H](C)[C@@H](C(=O)N[C@@H](CCSC)C(=O)N[C@@H](Cc1ccccc1)C(=O)O)[n+]1[c-]n2ccccc2c1,-12.3139,-7.857182
CC[C@H](C)[C@@H](C(=O)N[C@@H](CO)C(=O)N1CCC[C@H]1C(=O)O)[n+]1[c-]n2ccccc2c1,-8.084,-5.5065312
CC[C@H](C)[C@@H](C(=O)N[C@@H](CO)C(=O)N[C@@H](C)C(=O)O)[n+]1[c-]n2ccccc2c1,-0.0994,-7.422351
CC[C@H](C)[C@@H](C(=O)N[C@@H](CO)C(=O)N[C@@H](CCC(=O)O)C(=O)O)[n+]1[c-]n2ccccc2c1,-13.8777,-9.374834
CC[C@H](C)[C@@H](C(=O)N[C@@H](CO)C(=O)N[C@@H](CS)C(=O)O)[n+]1[c-]n2ccccc2c1,-9.8892,-6.4612074
CC[C@H](C)[C@@H](C(=O)N[C@@H](CS)C(=O)N[C@@H](CCC(N)=O)C(=O)O)[n+]1[c-]n2ccccc2c1,-12.8988,-11.180749
CC[C@H](C)[C@@H](C(=O)N[C@@H](CS)C(=O)N[C@@H](CS)C(=O)O)[n+]1[c-]n2ccccc2c1,-0.306,-10.085188
CC[C@H](C)[C@@H](C(=O)N[C@@H](CS)C(=O)N[C@@H](Cc1c[nH]cn1)C(=O)O)[n+]1[c-]n2ccccc2c1,-10.2316,-5.1271234
CC[C@H](C)[C@@H](C(=O)N[C@@H](CS)C(=O)N[C@@H](Cc1ccc(O)cc1)C(=O)O)[n+]1[c-]n2ccccc2c1,-11.3085,-7.8290973
CC[C@H](C)[C@@H](C(=O)N[C@@H](CS)C(=O)N[C@@H](Cc1ccccc1)C(=O)O)[n+]1[c-]n2ccccc2c1,-9.122,-4.5505295
CC[C@H](C)[C@@H](C(=O)N[C@@H](Cc1c[nH]c2ccccc12)C(=O)N[C@@H](CC(=O)O)C(=O)O)[n+]1[c-]n2ccccc2c1,-14.0334,-9.486799
CC[C@H](C)[C@@H](C(=O)N[C@@H](Cc1c[nH]c2ccccc12)C(=O)N[C@@H](CC(N)=O)C(=O)O)[n+]1[c-]n2ccccc2c1,-8.3333,-9.411489
CC[C@H](C)[C@@H](C(=O)N[C@@H](Cc1c[nH]c2ccccc12)C(=O)N[C@@H](CCSC)C(=O)O)[n+]1[c-]n2ccccc2c1,-8.4543,-4.3160706
CC[C@H](C)[C@@H](C(=O)N[C@@H](Cc1c[nH]c2ccccc12)C(=O)N[C@@H](CO)C(=O)O)[n+]1[c-]n2ccccc2c1,-9.0575,-9.212725
CC[C@H](C)[C@@H](C(=O)N[C@@H](Cc1c[nH]c2ccccc12)C(=O)N[C@@H](Cc1ccccc1)C(=O)O)[n+]1[c-]n2ccccc2c1,-9.0535,-8.353809
CC[C@H](C)[C@@H](C(=O)N[C@@H](Cc1c[nH]cn1)C(=O)N1CCC[C@H]1C(=O)O)[n+]1[c-]n2ccccc2c1,-14.7462,-10.118423
CC[C@H](C)[C@@H](C(=O)N[C@@H](Cc1c[nH]cn1)C(=O)N[C@@H](CC(=O)O)C(=O)O)[n+]1[c-]n2ccccc2c1,-9.153,-10.6528225
CC[C@H](C)[C@@H](C(=O)N[C@@H](Cc1c[nH]cn1)C(=O)N[C@@H](CCC(N)=O)C(=O)O)[n+]1[c-]n2ccccc2c1,-7.0893,-8.916019
CC[C@H](C)[C@@H](C(=O)N[C@@H](Cc1c[nH]cn1)C(=O)N[C@@H](CCSC)C(=O)O)[n+]1[c-]n2ccccc2c1,-4.4126,-7.7885733
CC[C@H](C)[C@@H](C(=O)N[C@@H](Cc1c[nH]cn1)C(=O)N[C@@H](CO)C(=O)O)[n+]1[c-]n2ccccc2c1,-10.5664,-8.570846
CC[C@H](C)[C@@H](C(=O)N[C@@H](Cc1c[nH]cn1)C(=O)N[C@H](C(=O)O)C(C)C)[n+]1[c-]n2ccccc2c1,-3.2885,-8.468951
CC[C@H](C)[C@@H](C(=O)N[C@@H](Cc1ccc(O)cc1)C(=O)N1CCC[C@H]1C(=O)O)[n+]1[c-]n2ccccc2c1,-9.086,-7.853496
CC[C@H](C)[C@@H](C(=O)N[C@@H](Cc1ccc(O)cc1)C(=O)N[C@@H](CCSC)C(=O)O)[n+]1[c-]n2ccccc2c1,-3.3018,-6.5872965
CC[C@H](C)[C@@H](C(=O)N[C@@H](Cc1ccc(O)cc1)C(=O)N[C@@H](CS)C(=O)O)[n+]1[c-]n2ccccc2c1,-5.0385,-4.717874
CC[C@H](C)[C@@H](C(=O)N[C@@H](Cc1ccccc1)C(=O)N[C@@H](Cc1c[nH]c2ccccc12)C(=O)O)[n+]1[c-]n2ccccc2c1,-11.2058,-8.812554
CC[C@H](C)[C@@H](C(=O)N[C@@H](Cc1ccccc1)C(=O)N[C@@H](Cc1ccc(O)cc1)C(=O)O)[n+]1[c-]n2ccccc2c1,-9.4815,-6.9458575
CC[C@H](C)[C@@H](C(=O)N[C@@H](Cc1ccccc1)C(=O)N[C@H](C(=O)O)[C@@H](C)O)[n+]1[c-]n2ccccc2c1,-9.4194,-6.340862
CC[C@H](C)[C@@H](C(=O)N[C@H](C(=O)NCC(=O)O)[C@@H](C)O)[n+]1[c-]n2ccccc2c1,2.3267,-3.5688224
CC[C@H](C)[C@@H](C(=O)N[C@H](C(=O)N[C@@H](C)C(=O)O)[C@@H](C)O)[n+]1[c-]n2ccccc2c1,0.6541,-2.9750779
CC[C@H](C)[C@@H](C(=O)N[C@H](C(=O)N[C@@H](CC(N)=O)C(=O)O)[C@@H](C)O)[n+]1[c-]n2ccccc2c1,-13.6194,-8.710809
CC[C@H](C)[C@@H](C(=O)N[C@H](C(=O)N[C@@H](CCC(N)=O)C(=O)O)[C@@H](C)O)[n+]1[c-]n2ccccc2c1,-5.9952,-8.036194
CC[C@H](C)[C@@H](C(=O)N[C@H](C(=O)N[C@@H](CCSC)C(=O)O)[C@@H](C)O)[n+]1[c-]n2ccccc2c1,-8.7999,-6.6945877
CC[C@H](C)[C@@H](C(=O)N[C@H](C(=O)N[C@@H](Cc1ccccc1)C(=O)O)[C@@H](C)O)[n+]1[c-]n2ccccc2c1,-8.8189,-9.39963
CC[C@H](C)[C@@H](C(=O)N[C@H](C(=O)O)C(C)C)[n+]1[c-]n2ccccc2c1,-5.1914,-4.654038
CC[C@H](C)[C@@H](C(=O)O)[n+]1[c-]n2ccccc2c1,-0.2433,-3.9214802
CC[C@H](C)[C@H](NC(=O)CNC(=O)[C@H](CCCNC(=N)N)[n+]1[c-]n2ccccc2c1)C(=O)O,-2.4826,-5.477768
CC[C@H](C)[C@H](NC(=O)CNC(=O)[C@H](Cc1ccc(O)cc1)[n+]1[c-]n2ccccc2c1)C(=O)O,-6.2944,-7.3000193
CC[C@H](C)[C@H](NC(=O)CNC(=O)[C@H](Cc1ccccc1)[n+]1[c-]n2ccccc2c1)C(=O)O,-11.1528,-9.742721
CC[C@H](C)[C@H](NC(=O)C[n+]1[c-]n2ccccc2c1)C(=O)N1CCC[C@H]1C(=O)O,-9.5489,-9.8060665
CC[C@H](C)[C@H](NC(=O)C[n+]1[c-]n2ccccc2c1)C(=O)N[C@@H](CCSC)C(=O)O,-10.1212,-9.954758
CC[C@H](C)[C@H](NC(=O)C[n+]1[c-]n2ccccc2c1)C(=O)N[C@@H](Cc1ccc(O)cc1)C(=O)O,-12.9732,-11.652065
CC[C@H](C)[C@H](NC(=O)[C@@H](NC(=O)C[n+]1[c-]n2ccccc2c1)[C@@H](C)O)C(=O)O,-10.4988,-11.560062
CC[C@H](C)[C@H](NC(=O)[C@@H](NC(=O)[C@H](CC(=O)O)[n+]1[c-]n2ccccc2c1)[C@@H](C)CC)C(=O)O,-6.9797,-5.9913564
CC[C@H](C)[C@H](NC(=O)[C@@H](NC(=O)[C@H](CC(C)C)[n+]1[c-]n2ccccc2c1)[C@@H](C)CC)C(=O)O,-2.902,-4.6178627
CC[C@H](C)[C@H](NC(=O)[C@@H](NC(=O)[C@H](CCCNC(=N)N)[n+]1[c-]n2ccccc2c1)[C@@H](C)CC)C(=O)O,-1.4414,-4.4727387
CC[C@H](C)[C@H](NC(=O)[C@@H](NC(=O)[C@H](CCCNC(=N)N)[n+]1[c-]n2ccccc2c1)[C@@H](C)O)C(=O)O,-7.281,-7.1578
CC[C@H](C)[C@H](NC(=O)[C@@H](NC(=O)[C@H](CS)[n+]1[c-]n2ccccc2c1)[C@@H](C)CC)C(=O)O,-0.8856,-3.0097466
CC[C@H](C)[C@H](NC(=O)[C@@H](NC(=O)[C@H](Cc1c[nH]c2ccccc12)[n+]1[c-]n2ccccc2c1)[C@@H](C)O)C(=O)O,-4.5276,-7.524308
CC[C@H](C)[C@H](NC(=O)[C@@H](NC(=O)[C@H](Cc1ccc(O)cc1)[n+]1[c-]n2ccccc2c1)[C@@H](C)CC)C(=O)O,-6.2622,-4.33541
CC[C@H](C)[C@H](NC(=O)[C@@H](NC(=O)[C@H]([C@@H](C)O)[n+]1[c-]n2ccccc2c1)[C@@H](C)O)C(=O)O,-3.3163,-6.4834957
CC[C@H](C)[C@H](NC(=O)[C@@H]1CCCN1C(=O)[C@H](C(C)C)[n+]1[c-]n2ccccc2c1)C(=O)O,-6.4034,-5.157499
CC[C@H](C)[C@H](NC(=O)[C@@H]1CCCN1C(=O)[C@H](CCC(N)=O)[n+]1[c-]n2ccccc2c1)C(=O)O,-6.434,-5.4492474
CC[C@H](C)[C@H](NC(=O)[C@@H]1CCCN1C(=O)[C@H](CCSC)[n+]1[c-]n2ccccc2c1)C(=O)O,-7.9819,-4.7416477
CC[C@H](C)[C@H](NC(=O)[C@H](C(C)C)[n+]1[c-]n2ccccc2c1)C(=O)N[C@@H](C)C(=O)O,-2.4756,-3.5148275
CC[C@H](C)[C@H](NC(=O)[C@H](C(C)C)[n+]1[c-]n2ccccc2c1)C(=O)N[C@@H](CC(=O)O)C(=O)O,-3.8171,-4.262623
CC[C@H](C)[C@H](NC(=O)[C@H](C(C)C)[n+]1[c-]n2ccccc2c1)C(=O)N[C@@H](CC(C)C)C(=O)O,-6.5038,-4.668916
CC[C@H](C)[C@H](NC(=O)[C@H](C(C)C)[n+]1[c-]n2ccccc2c1)C(=O)N[C@@H](CCCNC(=N)N)C(=O)O,-12.7539,-10.078293
CC[C@H](C)[C@H](NC(=O)[C@H](C(C)C)[n+]1[c-]n2ccccc2c1)C(=O)N[C@@H](CO)C(=O)O,-5.7174,-5.0611725
CC[C@H](C)[C@H](NC(=O)[C@H](C(C)C)[n+]1[c-]n2ccccc2c1)C(=O)N[C@@H](Cc1c[nH]c2ccccc12)C(=O)O,-18.3236,-8.674095
CC[C@H](C)[C@H](NC(=O)[C@H](C)NC(=O)[C@H](C)[n+]1[c-]n2ccccc2c1)C(=O)O,-3.2489,-4.0389657
CC[C@H](C)[C@H](NC(=O)[C@H](C)NC(=O)[C@H](CC(N)=O)[n+]1[c-]n2ccccc2c1)C(=O)O,-5.1367,-8.581906
CC[C@H](C)[C@H](NC(=O)[C@H](C)NC(=O)[C@H](CCCNC(=N)N)[n+]1[c-]n2ccccc2c1)C(=O)O,-5.4885,-5.4372845
CC[C@H](C)[C@H](NC(=O)[C@H](C)NC(=O)[C@H]([C@@H](C)CC)[n+]1[c-]n2ccccc2c1)C(=O)O,-2.8825,-3.0000281
CC[C@H](C)[C@H](NC(=O)[C@H](C)[n+]1[c-]n2ccccc2c1)C(=O)N[C@@H](CCCNC(=N)N)C(=O)O,-8.261,-7.3280544
CC[C@H](C)[C@H](NC(=O)[C@H](CC(=O)O)NC(=O)[C@H](C)[n+]1[c-]n2ccccc2c1)C(=O)O,-2.1623,-5.965193
CC[C@H](C)[C@H](NC(=O)[C@H](CC(=O)O)NC(=O)[C@H](CC(C)C)[n+]1[c-]n2ccccc2c1)C(=O)O,2.4482,-5.02952
CC[C@H](C)[C@H](NC(=O)[C@H](CC(=O)O)NC(=O)[C@H](CCC(N)=O)[n+]1[c-]n2ccccc2c1)C(=O)O,-7.0301,-2.2510748
CC[C@H](C)[C@H](NC(=O)[C@H](CC(=O)O)NC(=O)[C@H](CCCNC(=N)N)[n+]1[c-]n2ccccc2c1)C(=O)O,-11.9421,-8.862579
CC[C@H](C)[C@H](NC(=O)[C@H](CC(=O)O)NC(=O)[C@H]([C@@H](C)O)[n+]1[c-]n2ccccc2c1)C(=O)O,-6.3486,-10.014949
CC[C@H](C)[C@H](NC(=O)[C@H](CC(=O)O)[n+]1[c-]n2ccccc2c1)C(=O)N1CCC[C@H]1C(=O)O,-0.7832,-3.854556
CC[C@H](C)[C@H](NC(=O)[C@H](CC(=O)O)[n+]1[c-]n2ccccc2c1)C(=O)N[C@@H](CCC(=O)O)C(=O)O,-8.3859,-7.20948
CC[C@H](C)[C@H](NC(=O)[C@H](CC(=O)O)[n+]1[c-]n2ccccc2c1)C(=O)N[C@@H](CCSC)C(=O)O,-1.4267,-5.658678
CC[C@H](C)[C@H](NC(=O)[C@H](CC(=O)O)[n+]1[c-]n2ccccc2c1)C(=O)N[C@@H](Cc1c[nH]cn1)C(=O)O,-9.9674,-7.005083
CC[C@H](C)[C@H](NC(=O)[C@H](CC(C)C)NC(=O)[C@H](C)[n+]1[c-]n2ccccc2c1)C(=O)O,-3.5119,-3.8363767
CC[C@H](C)[C@H](NC(=O)[C@H](CC(C)C)NC(=O)[C@H](CC(=O)O)[n+]1[c-]n2ccccc2c1)C(=O)O,-11.7207,-6.5968337
CC[C@H](C)[C@H](NC(=O)[C@H](CC(C)C)NC(=O)[C@H](Cc1c[nH]c2ccccc12)[n+]1[c-]n2ccccc2c1)C(=O)O,-2.0241,-5.7788115
CC[C@H](C)[C@H](NC(=O)[C@H](CC(C)C)[n+]1[c-]n2ccccc2c1)C(=O)NCC(=O)O,-2.8602,-3.6521392
CC[C@H](C)[C@H](NC(=O)[C@H](CC(C)C)[n+]1[c-]n2ccccc2c1)C(=O)N[C@@H](Cc1c[nH]c2ccccc12)C(=O)O,-2.6054,-10.127367
CC[C@H](C)[C@H](NC(=O)[C@H](CC(C)C)[n+]1[c-]n2ccccc2c1)C(=O)N[C@@H](Cc1ccc(O)cc1)C(=O)O,-8.7681,-5.2235384
CC[C@H](C)[C@H](NC(=O)[C@H](CC(N)=O)NC(=O)[C@H](CC(=O)O)[n+]1[c-]n2ccccc2c1)C(=O)O,-2.5524,-3.5938847
CC[C@H](C)[C@H](NC(=O)[C@H](CC(N)=O)NC(=O)[C@H](CC(C)C)[n+]1[c-]n2ccccc2c1)C(=O)O,-9.5142,-7.559151
CC[C@H](C)[C@H](NC(=O)[C@H](CC(N)=O)NC(=O)[C@H](CCC(=O)O)[n+]1[c-]n2ccccc2c1)C(=O)O,-7.0959,-5.986906
CC[C@H](C)[C@H](NC(=O)[C@H](CC(N)=O)[n+]1[c-]n2ccccc2c1)C(=O)N[C@@H](Cc1ccc(O)cc1)C(=O)O,-11.7869,-8.499734
CC[C@H](C)[C@H](NC(=O)[C@H](CCC(=O)O)NC(=O)[C@H](C)[n+]1[c-]n2ccccc2c1)C(=O)O,-9.8951,-9.130585
CC[C@H](C)[C@H](NC(=O)[C@H](CCC(=O)O)NC(=O)[C@H](CC(N)=O)[n+]1[c-]n2ccccc2c1)C(=O)O,-13.2489,-11.553768
CC[C@H](C)[C@H](NC(=O)[C@H](CCC(=O)O)NC(=O)[C@H](CS)[n+]1[c-]n2ccccc2c1)C(=O)O,-9.0131,-6.660083
CC[C@H](C)[C@H](NC(=O)[C@H](CCC(=O)O)NC(=O)[C@H]([C@@H](C)CC)[n+]1[c-]n2ccccc2c1)C(=O)O,-10.2989,-9.315489
CC[C@H](C)[C@H](NC(=O)[C@H](CCC(=O)O)[n+]1[c-]n2ccccc2c1)C(=O)N[C@@H](CS)C(=O)O,-6.2203,-4.814068
CC[C@H](C)[C@H](NC(=O)[C@H](CCC(=O)O)[n+]1[c-]n2ccccc2c1)C(=O)N[C@@H](Cc1c[nH]c2ccccc12)C(=O)O,-11.7027,-8.603363
CC[C@H](C)[C@H](NC(=O)[C@H](CCC(N)=O)NC(=O)[C@H](CS)[n+]1[c-]n2ccccc2c1)C(=O)O,-1.9733,-7.1961317
CC[C@H](C)[C@H](NC(=O)[C@H](CCC(N)=O)[n+]1[c-]n2ccccc2c1)C(=O)N[C@@H](CC(N)=O)C(=O)O,-13.8805,-6.9040384
CC[C@H](C)[C@H](NC(=O)[C@H](CCC(N)=O)[n+]1[c-]n2ccccc2c1)C(=O)N[C@@H](CCSC)C(=O)O,-2.4375,-7.9126167
CC[C@H](C)[C@H](NC(=O)[C@H](CCCNC(=N)N)NC(=O)[C@H](C(C)C)[n+]1[c-]n2ccccc2c1)C(=O)O,0.1541,-5.702199
CC[C@H](C)[C@H](NC(=O)[C@H](CCCNC(=N)N)NC(=O)[C@H](C)[n+]1[c-]n2ccccc2c1)C(=O)O,-2.9809,-4.978609
CC[C@H](C)[C@H](NC(=O)[C@H](CCCNC(=N)N)NC(=O)[C@H](CO)[n+]1[c-]n2ccccc2c1)C(=O)O,-9.3817,-7.3135347
CC[C@H](C)[C@H](NC(=O)[C@H](CCCNC(=N)N)[n+]1[c-]n2ccccc2c1)C(=O)N[C@@H](CCCNC(=N)N)C(=O)O,-10.4466,-17.567556
CC[C@H](C)[C@H](NC(=O)[C@H](CCCNC(=N)N)[n+]1[c-]n2ccccc2c1)C(=O)N[C@H](C(=O)O)C(C)C,-2.5249,-7.0271144
CC[C@H](C)[C@H](NC(=O)[C@H](CCSC)NC(=O)[C@H](CCSC)[n+]1[c-]n2ccccc2c1)C(=O)O,-7.0128,-4.5515723
CC[C@H](C)[C@H](NC(=O)[C@H](CCSC)NC(=O)[C@H](CS)[n+]1[c-]n2ccccc2c1)C(=O)O,-1.6815,-7.0903864
CC[C@H](C)[C@H](NC(=O)[C@H](CCSC)NC(=O)[C@H](Cc1ccccc1)[n+]1[c-]n2ccccc2c1)C(=O)O,-9.1587,-6.187508
CC[C@H](C)[C@H](NC(=O)[C@H](CCSC)[n+]1[c-]n2ccccc2c1)C(=O)N[C@@H](CC(=O)O)C(=O)O,-4.3087,-8.356198
CC[C@H](C)[C@H](NC(=O)[C@H](CCSC)[n+]1[c-]n2ccccc2c1)C(=O)N[C@@H](CCC(=O)O)C(=O)O,-6.1656,-7.3025966
CC[C@H](C)[C@H](NC(=O)[C@H](CO)NC(=O)[C@H](CS)[n+]1[c-]n2ccccc2c1)C(=O)O,-2.9832,-3.702463
CC[C@H](C)[C@H](NC(=O)[C@H](CO)NC(=O)[C@H](Cc1ccccc1)[n+]1[c-]n2ccccc2c1)C(=O)O,-1.5304,-3.0985618
CC[C@H](C)[C@H](NC(=O)[C@H](CO)[n+]1[c-]n2ccccc2c1)C(=O)N[C@@H](CC(=O)O)C(=O)O,-0.7386,-11.000324
CC[C@H](C)[C@H](NC(=O)[C@H](CO)[n+]1[c-]n2ccccc2c1)C(=O)N[C@@H](CCC(N)=O)C(=O)O,-7.0445,-3.9840655
CC[C@H](C)[C@H](NC(=O)[C@H](CO)[n+]1[c-]n2ccccc2c1)C(=O)N[C@@H](CS)C(=O)O,-3.3314,-6.2985973
CC[C@H](C)[C@H](NC(=O)[C@H](CO)[n+]1[c-]n2ccccc2c1)C(=O)N[C@@H](Cc1c[nH]cn1)C(=O)O,-2.3629,-3.656016
CC[C@H](C)[C@H](NC(=O)[C@H](CO)[n+]1[c-]n2ccccc2c1)C(=O)N[C@H](C(=O)O)[C@@H](C)O,-6.0698,-6.20928
CC[C@H](C)[C@H](NC(=O)[C@H](CS)NC(=O)[C@H](CC(=O)O)[n+]1[c-]n2ccccc2c1)C(=O)O,-31.3258,-20.526428
CC[C@H](C)[C@H](NC(=O)[C@H](CS)NC(=O)[C@H](CCC(N)=O)[n+]1[c-]n2ccccc2c1)C(=O)O,-3.8725,-6.254104
CC[C@H](C)[C@H](NC(=O)[C@H](CS)NC(=O)[C@H](CS)[n+]1[c-]n2ccccc2c1)C(=O)O,-2.9502,-3.9083152
CC[C@H](C)[C@H](NC(=O)[C@H](CS)NC(=O)[C@H]([C@@H](C)O)[n+]1[c-]n2ccccc2c1)C(=O)O,-6.057,-8.785977
CC[C@H](C)[C@H](NC(=O)[C@H](CS)[n+]1[c-]n2ccccc2c1)C(=O)N1CCC[C@H]1C(=O)O,-8.8212,-5.5907207
CC[C@H](C)[C@H](NC(=O)[C@H](CS)[n+]1[c-]n2ccccc2c1)C(=O)N[C@@H](CC(=O)O)C(=O)O,-0.943,-6.800492
CC[C@H](C)[C@H](NC(=O)[C@H](CS)[n+]1[c-]n2ccccc2c1)C(=O)N[C@@H](CCC(N)=O)C(=O)O,-10.7255,-9.816893
CC[C@H](C)[C@H](NC(=O)[C@H](CS)[n+]1[c-]n2ccccc2c1)C(=O)N[C@@H](CCSC)C(=O)O,0.7192,-7.3322115
CC[C@H](C)[C@H](NC(=O)[C@H](CS)[n+]1[c-]n2ccccc2c1)C(=O)N[C@@H](Cc1c[nH]c2ccccc12)C(=O)O,-8.6978,-7.313509
CC[C@H](C)[C@H](NC(=O)[C@H](CS)[n+]1[c-]n2ccccc2c1)C(=O)N[C@@H](Cc1ccccc1)C(=O)O,-2.6528,-5.202409
CC[C@H](C)[C@H](NC(=O)[C@H](Cc1c[nH]c2ccccc12)NC(=O)[C@H](CS)[n+]1[c-]n2ccccc2c1)C(=O)O,-4.2039,-7.8587103
CC[C@H](C)[C@H](NC(=O)[C@H](Cc1c[nH]c2ccccc12)NC(=O)[C@H]([C@@H](C)CC)[n+]1[c-]n2ccccc2c1)C(=O)O,-8.5747,-5.913597
CC[C@H](C)[C@H](NC(=O)[C@H](Cc1c[nH]c2ccccc12)NC(=O)[C@H]([C@@H](C)O)[n+]1[c-]n2ccccc2c1)C(=O)O,-3.8237,-8.525429
CC[C@H](C)[C@H](NC(=O)[C@H](Cc1c[nH]c2ccccc12)[n+]1[c-]n2ccccc2c1)C(=O)N[C@@H](CC(C)C)C(=O)O,-3.226,-4.4438972
CC[C@H](C)[C@H](NC(=O)[C@H](Cc1c[nH]c2ccccc12)[n+]1[c-]n2ccccc2c1)C(=O)N[C@@H](Cc1ccc(O)cc1)C(=O)O,-6.2127,-8.221533
CC[C@H](C)[C@H](NC(=O)[C@H](Cc1c[nH]c2ccccc12)[n+]1[c-]n2ccccc2c1)C(=O)N[C@H](C(=O)O)[C@@H](C)O,-2.5744,-5.12065
CC[C@H](C)[C@H](NC(=O)[C@H](Cc1c[nH]cn1)NC(=O)[C@H](C(C)C)[n+]1[c-]n2ccccc2c1)C(=O)O,0.1814,-8.088381
CC[C@H](C)[C@H](NC(=O)[C@H](Cc1c[nH]cn1)NC(=O)[C@H](CC(=O)O)[n+]1[c-]n2ccccc2c1)C(=O)O,-7.2816,-8.39222
CC[C@H](C)[C@H](NC(=O)[C@H](Cc1c[nH]cn1)NC(=O)[C@H](CCC(N)=O)[n+]1[c-]n2ccccc2c1)C(=O)O,-5.5418,-8.960863
CC[C@H](C)[C@H](NC(=O)[C@H](Cc1c[nH]cn1)[n+]1[c-]n2ccccc2c1)C(=O)N[C@@H](CC(C)C)C(=O)O,-4.6193,-3.9187264
CC[C@H](C)[C@H](NC(=O)[C@H](Cc1c[nH]cn1)[n+]1[c-]n2ccccc2c1)C(=O)N[C@@H](CCC(=O)O)C(=O)O,-5.8176,-9.099656
CC[C@H](C)[C@H](NC(=O)[C@H](Cc1c[nH]cn1)[n+]1[c-]n2ccccc2c1)C(=O)N[C@@H](CCC(N)=O)C(=O)O,-9.0436,-5.7562017
CC[C@H](C)[C@H](NC(=O)[C@H](Cc1c[nH]cn1)[n+]1[c-]n2ccccc2c1)C(=O)N[C@@H](Cc1c[nH]cn1)C(=O)O,2.556,-3.2210994
CC[C@H](C)[C@H](NC(=O)[C@H](Cc1ccc(O)cc1)NC(=O)C[n+]1[c-]n2ccccc2c1)C(=O)O,-11.8016,-9.310842
CC[C@H](C)[C@H](NC(=O)[C@H](Cc1ccc(O)cc1)NC(=O)[C@H](C(C)C)[n+]1[c-]n2ccccc2c1)C(=O)O,-9.9205,-4.878703
CC[C@H](C)[C@H](NC(=O)[C@H](Cc1ccc(O)cc1)NC(=O)[C@H](Cc1ccccc1)[n+]1[c-]n2ccccc2c1)C(=O)O,-6.8681,-9.758024
CC[C@H](C)[C@H](NC(=O)[C@H](Cc1ccc(O)cc1)[n+]1[c-]n2ccccc2c1)C(=O)NCC(=O)O,-3.5243,-4.913896
CC[C@H](C)[C@H](NC(=O)[C@H](Cc1ccc(O)cc1)[n+]1[c-]n2ccccc2c1)C(=O)N[C@@H](CC(=O)O)C(=O)O,-4.6396,-7.0825424
CC[C@H](C)[C@H](NC(=O)[C@H](Cc1ccc(O)cc1)[n+]1[c-]n2ccccc2c1)C(=O)N[C@@H](CC(C)C)C(=O)O,-2.1038,-2.6200483
CC[C@H](C)[C@H](NC(=O)[C@H](Cc1ccc(O)cc1)[n+]1[c-]n2ccccc2c1)C(=O)N[C@@H](CCC(N)=O)C(=O)O,0.167,-5.202978
CC[C@H](C)[C@H](NC(=O)[C@H](Cc1ccc(O)cc1)[n+]1[c-]n2ccccc2c1)C(=O)N[C@@H](CCCNC(=N)N)C(=O)O,-4.7606,-7.8945627
CC[C@H](C)[C@H](NC(=O)[C@H](Cc1ccc(O)cc1)[n+]1[c-]n2ccccc2c1)C(=O)N[C@@H](CS)C(=O)O,-5.2066,-6.157938
CC[C@H](C)[C@H](NC(=O)[C@H](Cc1ccc(O)cc1)[n+]1[c-]n2ccccc2c1)C(=O)N[C@@H](Cc1ccc(O)cc1)C(=O)O,-1.8647,-5.117986
CC[C@H](C)[C@H](NC(=O)[C@H](Cc1ccc(O)cc1)[n+]1[c-]n2ccccc2c1)C(=O)N[C@H](C(=O)O)[C@@H](C)O,-4.0946,-5.643958
CC[C@H](C)[C@H](NC(=O)[C@H](Cc1ccc(O)cc1)[n+]1[c-]n2ccccc2c1)C(=O)O,-5.6614,-4.7479725
CC[C@H](C)[C@H](NC(=O)[C@H](Cc1ccccc1)NC(=O)C[n+]1[c-]n2ccccc2c1)C(=O)O,-11.1678,-10.74455
CC[C@H](C)[C@H](NC(=O)[C@H](Cc1ccccc1)NC(=O)[C@H](C)[n+]1[c-]n2ccccc2c1)C(=O)O,-6.5133,-4.811312
CC[C@H](C)[C@H](NC(=O)[C@H](Cc1ccccc1)NC(=O)[C@H](CC(=O)O)[n+]1[c-]n2ccccc2c1)C(=O)O,-15.2207,-6.0632534
CC[C@H](C)[C@H](NC(=O)[C@H](Cc1ccccc1)NC(=O)[C@H](CO)[n+]1[c-]n2ccccc2c1)C(=O)O,-6.0222,-6.5171943
CC[C@H](C)[C@H](NC(=O)[C@H](Cc1ccccc1)[n+]1[c-]n2ccccc2c1)C(=O)NCC(=O)O,-3.2552,-3.7876077
CC[C@H](C)[C@H](NC(=O)[C@H](Cc1ccccc1)[n+]1[c-]n2ccccc2c1)C(=O)N[C@@H](CC(=O)O)C(=O)O,-2.9898,-8.317818
CC[C@H](C)[C@H](NC(=O)[C@H](Cc1ccccc1)[n+]1[c-]n2ccccc2c1)C(=O)N[C@@H](CC(C)C)C(=O)O,-7.1616,-4.0604343
CC[C@H](C)[C@H](NC(=O)[C@H](Cc1ccccc1)[n+]1[c-]n2ccccc2c1)C(=O)N[C@@H](CCC(N)=O)C(=O)O,-12.7492,-2.9610806
CC[C@H](C)[C@H](NC(=O)[C@H](Cc1ccccc1)[n+]1[c-]n2ccccc2c1)C(=O)N[C@@H](Cc1c[nH]cn1)C(=O)O,-3.7996,-5.574423
CC[C@H](C)[C@H](NC(=O)[C@H](Cc1ccccc1)[n+]1[c-]n2ccccc2c1)C(=O)N[C@H](C(=O)O)[C@@H](C)O,-4.3762,-4.1095314
CC[C@H](C)[C@H](NC(=O)[C@H]([C@@H](C)CC)[n+]1[c-]n2ccccc2c1)C(=O)N[C@@H](CC(=O)O)C(=O)O,-7.2515,-7.4871597
CC[C@H](C)[C@H](NC(=O)[C@H]([C@@H](C)CC)[n+]1[c-]n2ccccc2c1)C(=O)N[C@@H](CC(N)=O)C(=O)O,-12.2839,-8.00481
CC[C@H](C)[C@H](NC(=O)[C@H]([C@@H](C)O)[n+]1[c-]n2ccccc2c1)C(=O)N[C@@H](CCCNC(=N)N)C(=O)O,-9.1095,-11.657642
CC[C@H](C)[C@H](NC(=O)[C@H]([C@@H](C)O)[n+]1[c-]n2ccccc2c1)C(=O)N[C@@H](Cc1c[nH]cn1)C(=O)O,-4.4052,-7.7042484
CSCC[C@@H](C(=O)N1CCC[C@H]1C(=O)N[C@@H](CC(=O)O)C(=O)O)[n+]1[c-]n2ccccc2c1,-6.3853,-5.5251307
CSCC[C@@H](C(=O)N1CCC[C@H]1C(=O)N[C@@H](CC(C)C)C(=O)O)[n+]1[c-]n2ccccc2c1,-3.1403,-4.927864
CSCC[C@@H](C(=O)N1CCC[C@H]1C(=O)N[C@@H](Cc1c[nH]cn1)C(=O)O)[n+]1[c-]n2ccccc2c1,-7.6441,-5.88627
CSCC[C@@H](C(=O)N1CCC[C@H]1C(=O)N[C@@H](Cc1ccccc1)C(=O)O)[n+]1[c-]n2ccccc2c1,-4.9903,-5.4606867
CSCC[C@@H](C(=O)NCC(=O)N[C@@H](Cc1ccc(O)cc1)C(=O)O)[n+]1[c-]n2ccccc2c1,-16.981,-9.63461
CSCC[C@@H](C(=O)N[C@@H](C)C(=O)N[C@@H](CCC(N)=O)C(=O)O)[n+]1[c-]n2ccccc2c1,-6.9002,-11.907383
CSCC[C@@H](C(=O)N[C@@H](C)C(=O)N[C@@H](Cc1ccc(O)cc1)C(=O)O)[n+]1[c-]n2ccccc2c1,-1.437,-7.498373
CSCC[C@@H](C(=O)N[C@@H](C)C(=O)N[C@@H](Cc1ccccc1)C(=O)O)[n+]1[c-]n2ccccc2c1,-2.6035,-6.7050276
CSCC[C@@H](C(=O)N[C@@H](CC(=O)O)C(=O)N1CCC[C@H]1C(=O)O)[n+]1[c-]n2ccccc2c1,-9.5033,-9.114073
CSCC[C@@H](C(=O)N[C@@H](CC(=O)O)C(=O)NCC(=O)O)[n+]1[c-]n2ccccc2c1,-4.7229,-4.9197
CSCC[C@@H](C(=O)N[C@@H](CC(=O)O)C(=O)N[C@@H](CC(=O)O)C(=O)O)[n+]1[c-]n2ccccc2c1,-8.9721,-4.9781356
CSCC[C@@H](C(=O)N[C@@H](CC(=O)O)C(=O)N[C@@H](CCC(N)=O)C(=O)O)[n+]1[c-]n2ccccc2c1,-7.6354,-13.950951
CSCC[C@@H](C(=O)N[C@@H](CC(=O)O)C(=O)N[C@@H](Cc1c[nH]cn1)C(=O)O)[n+]1[c-]n2ccccc2c1,-12.2677,-11.902664
CSCC[C@@H](C(=O)N[C@@H](CC(C)C)C(=O)N[C@@H](CC(C)C)C(=O)O)[n+]1[c-]n2ccccc2c1,-3.9824,-5.7938967
CSCC[C@@H](C(=O)N[C@@H](CC(C)C)C(=O)N[C@@H](CS)C(=O)O)[n+]1[c-]n2ccccc2c1,-5.3728,-4.549699
CSCC[C@@H](C(=O)N[C@@H](CC(C)C)C(=O)N[C@H](C(=O)O)[C@@H](C)O)[n+]1[c-]n2ccccc2c1,-5.4496,-4.8243093
CSCC[C@@H](C(=O)N[C@@H](CC(N)=O)C(=O)N[C@@H](Cc1ccc(O)cc1)C(=O)O)[n+]1[c-]n2ccccc2c1,-11.2993,-11.734835
CSCC[C@@H](C(=O)N[C@@H](CC(N)=O)C(=O)N[C@H](C(=O)O)[C@@H](C)O)[n+]1[c-]n2ccccc2c1,-13.9731,-6.5689535
CSCC[C@@H](C(=O)N[C@@H](CCC(=O)O)C(=O)N[C@@H](CC(N)=O)C(=O)O)[n+]1[c-]n2ccccc2c1,-16.1142,-10.297186
CSCC[C@@H](C(=O)N[C@@H](CCC(N)=O)C(=O)NCC(=O)O)[n+]1[c-]n2ccccc2c1,-11.0799,-7.9473476
CSCC[C@@H](C(=O)N[C@@H](CCC(N)=O)C(=O)N[C@@H](CC(=O)O)C(=O)O)[n+]1[c-]n2ccccc2c1,-17.0869,-8.624847
CSCC[C@@H](C(=O)N[C@@H](CCC(N)=O)C(=O)N[C@@H](CC(C)C)C(=O)O)[n+]1[c-]n2ccccc2c1,-11.1431,-5.5624056
CSCC[C@@H](C(=O)N[C@@H](CCCNC(=N)N)C(=O)N[C@@H](CCC(=O)O)C(=O)O)[n+]1[c-]n2ccccc2c1,-5.5703,-7.5280867
CSCC[C@@H](C(=O)N[C@@H](CCCNC(=N)N)C(=O)N[C@@H](CS)C(=O)O)[n+]1[c-]n2ccccc2c1,-11.8112,-7.9461117
CSCC[C@@H](C(=O)N[C@@H](CCCNC(=N)N)C(=O)N[C@@H](Cc1c[nH]c2ccccc12)C(=O)O)[n+]1[c-]n2ccccc2c1,-6.2307,-9.734796
CSCC[C@@H](C(=O)N[C@@H](CCCNC(=N)N)C(=O)N[C@@H](Cc1ccc(O)cc1)C(=O)O)[n+]1[c-]n2ccccc2c1,-10.1801,-7.96902
CSCC[C@@H](C(=O)N[C@@H](CCCNC(=N)N)C(=O)N[C@H](C(=O)O)C(C)C)[n+]1[c-]n2ccccc2c1,0.239,-4.502386
CSCC[C@@H](C(=O)N[C@@H](CO)C(=O)N[C@@H](CC(N)=O)C(=O)O)[n+]1[c-]n2ccccc2c1,-8.4083,-8.080248
CSCC[C@@H](C(=O)N[C@@H](CO)C(=O)N[C@@H](Cc1c[nH]c2ccccc12)C(=O)O)[n+]1[c-]n2ccccc2c1,-8.5929,-8.8874
CSCC[C@@H](C(=O)N[C@@H](CO)C(=O)N[C@H](C(=O)O)C(C)C)[n+]1[c-]n2ccccc2c1,-2.073,-4.375071
CSCC[C@@H](C(=O)N[C@@H](CS)C(=O)N1CCC[C@H]1C(=O)O)[n+]1[c-]n2ccccc2c1,-10.6569,-6.5656395
CSCC[C@@H](C(=O)N[C@@H](CS)C(=O)N[C@@H](CC(C)C)C(=O)O)[n+]1[c-]n2ccccc2c1,-0.4303,-5.519622
CSCC[C@@H](C(=O)N[C@@H](CS)C(=O)N[C@@H](CC(N)=O)C(=O)O)[n+]1[c-]n2ccccc2c1,-11.3236,-7.0487757
CSCC[C@@H](C(=O)N[C@@H](CS)C(=O)N[C@@H](CCC(=O)O)C(=O)O)[n+]1[c-]n2ccccc2c1,-8.4637,-9.711859
CSCC[C@@H](C(=O)N[C@@H](CS)C(=O)N[C@@H](CCCNC(=N)N)C(=O)O)[n+]1[c-]n2ccccc2c1,-6.9837,-7.741086
CSCC[C@@H](C(=O)N[C@@H](CS)C(=O)N[C@H](C(=O)O)C(C)C)[n+]1[c-]n2ccccc2c1,-4.0668,-5.7805943
CSCC[C@@H](C(=O)N[C@@H](Cc1c[nH]c2ccccc12)C(=O)NCC(=O)O)[n+]1[c-]n2ccccc2c1,-3.4979,-7.129879
CSCC[C@@H](C(=O)N[C@@H](Cc1c[nH]c2ccccc12)C(=O)N[C@@H](CS)C(=O)O)[n+]1[c-]n2ccccc2c1,-8.6328,-7.541168
CSCC[C@@H](C(=O)N[C@@H](Cc1c[nH]c2ccccc12)C(=O)N[C@@H](Cc1c[nH]c2ccccc12)C(=O)O)[n+]1[c-]n2ccccc2c1,-18.307,-11.177784
CSCC[C@@H](C(=O)N[C@@H](Cc1c[nH]c2ccccc12)C(=O)N[C@@H](Cc1c[nH]cn1)C(=O)O)[n+]1[c-]n2ccccc2c1,-13.3461,-8.745308
CSCC[C@@H](C(=O)N[C@@H](Cc1c[nH]c2ccccc12)C(=O)O)[n+]1[c-]n2ccccc2c1,-5.5371,-8.644531
CSCC[C@@H](C(=O)N[C@@H](Cc1c[nH]cn1)C(=O)N[C@H](C(=O)O)[C@@H](C)O)[n+]1[c-]n2ccccc2c1,-8.6899,-7.472644
CSCC[C@@H](C(=O)N[C@@H](Cc1ccc(O)cc1)C(=O)N[C@@H](Cc1c[nH]c2ccccc12)C(=O)O)[n+]1[c-]n2ccccc2c1,-2.3577,-6.7277784
CSCC[C@@H](C(=O)N[C@@H](Cc1ccc(O)cc1)C(=O)N[C@@H](Cc1ccc(O)cc1)C(=O)O)[n+]1[c-]n2ccccc2c1,-7.5179,-6.7793927
CSCC[C@@H](C(=O)N[C@@H](Cc1ccc(O)cc1)C(=O)N[C@@H](Cc1ccccc1)C(=O)O)[n+]1[c-]n2ccccc2c1,-0.6314,-5.59245
CSCC[C@@H](C(=O)N[C@@H](Cc1ccccc1)C(=O)N[C@@H](C)C(=O)O)[n+]1[c-]n2ccccc2c1,-1.1781,-4.2460403
CSCC[C@@H](C(=O)N[C@@H](Cc1ccccc1)C(=O)N[C@@H](CO)C(=O)O)[n+]1[c-]n2ccccc2c1,-9.3709,-7.598397
CSCC[C@@H](C(=O)N[C@H](C(=O)N1CCC[C@H]1C(=O)O)C(C)C)[n+]1[c-]n2ccccc2c1,-4.1876,-6.098494
CSCC[C@@H](C(=O)N[C@H](C(=O)N[C@@H](CC(C)C)C(=O)O)C(C)C)[n+]1[c-]n2ccccc2c1,-5.0604,-4.045742
CSCC[C@@H](C(=O)N[C@H](C(=O)N[C@@H](CC(N)=O)C(=O)O)C(C)C)[n+]1[c-]n2ccccc2c1,-13.2241,-7.104151
CSCC[C@@H](C(=O)N[C@H](C(=O)N[C@@H](CCC(=O)O)C(=O)O)C(C)C)[n+]1[c-]n2ccccc2c1,-7.091,-10.068108
CSCC[C@@H](C(=O)N[C@H](C(=O)N[C@@H](Cc1c[nH]cn1)C(=O)O)[C@@H](C)O)[n+]1[c-]n2ccccc2c1,-7.8014,-7.7856746
CSCC[C@@H](C(=O)N[C@H](C(=O)N[C@@H](Cc1ccc(O)cc1)C(=O)O)C(C)C)[n+]1[c-]n2ccccc2c1,-5.1607,-3.9020991
CSCC[C@@H](C(=O)N[C@H](C(=O)N[C@@H](Cc1ccc(O)cc1)C(=O)O)[C@@H](C)O)[n+]1[c-]n2ccccc2c1,-2.6637,-7.671331
CSCC[C@@H](C(=O)N[C@H](C(=O)O)C(C)C)[n+]1[c-]n2ccccc2c1,-3.7557,-3.9559622
CSCC[C@H](NC(=O)CNC(=O)C[n+]1[c-]n2ccccc2c1)C(=O)O,-11.2185,-9.4057045
CSCC[C@H](NC(=O)CNC(=O)[C@H](CC(=O)O)[n+]1[c-]n2ccccc2c1)C(=O)O,-7.7349,-7.6147246
CSCC[C@H](NC(=O)CNC(=O)[C@H](CO)[n+]1[c-]n2ccccc2c1)C(=O)O,-13.4601,-14.222889
CSCC[C@H](NC(=O)CNC(=O)[C@H](Cc1ccc(O)cc1)[n+]1[c-]n2ccccc2c1)C(=O)O,-2.5927,-9.211685
CSCC[C@H](NC(=O)C[n+]1[c-]n2ccccc2c1)C(=O)N[C@@H](C)C(=O)O,-10.3582,-12.071724
CSCC[C@H](NC(=O)C[n+]1[c-]n2ccccc2c1)C(=O)N[C@@H](CC(=O)O)C(=O)O,-14.3988,-11.85043
CSCC[C@H](NC(=O)C[n+]1[c-]n2ccccc2c1)C(=O)N[C@@H](CC(C)C)C(=O)O,-12.3531,-11.12933
CSCC[C@H](NC(=O)C[n+]1[c-]n2ccccc2c1)C(=O)N[C@@H](Cc1c[nH]c2ccccc12)C(=O)O,-14.716,-12.12213
CSCC[C@H](NC(=O)C[n+]1[c-]n2ccccc2c1)C(=O)N[C@H](C(=O)O)[C@@H](C)O,-12.1428,-14.425785
CSCC[C@H](NC(=O)[C@@H](NC(=O)[C@H](C(C)C)[n+]1[c-]n2ccccc2c1)C(C)C)C(=O)O,-6.7981,-5.772909
CSCC[C@H](NC(=O)[C@@H](NC(=O)[C@H](C(C)C)[n+]1[c-]n2ccccc2c1)[C@@H](C)O)C(=O)O,-7.3724,-6.192277
CSCC[C@H](NC(=O)[C@@H](NC(=O)[C@H](CCC(=O)O)[n+]1[c-]n2ccccc2c1)[C@@H](C)O)C(=O)O,-7.2056,-9.725521
CSCC[C@H](NC(=O)[C@@H](NC(=O)[C@H](CCSC)[n+]1[c-]n2ccccc2c1)[C@@H](C)O)C(=O)O,-2.3183,-7.49823
CSCC[C@H](NC(=O)[C@@H](NC(=O)[C@H](CS)[n+]1[c-]n2ccccc2c1)C(C)C)C(=O)O,-8.1567,-5.3848305
CSCC[C@H](NC(=O)[C@@H]1CCCN1C(=O)[C@H](C(C)C)[n+]1[c-]n2ccccc2c1)C(=O)O,-6.5006,-7.2157316
CSCC[C@H](NC(=O)[C@@H]1CCCN1C(=O)[C@H](C)[n+]1[c-]n2ccccc2c1)C(=O)O,-4.6486,-6.892088
CSCC[C@H](NC(=O)[C@@H]1CCCN1C(=O)[C@H](CC(=O)O)[n+]1[c-]n2ccccc2c1)C(=O)O,-3.3513,-6.0908723
CSCC[C@H](NC(=O)[C@@H]1CCCN1C(=O)[C@H](CO)[n+]1[c-]n2ccccc2c1)C(=O)O,-9.4666,-9.649575
CSCC[C@H](NC(=O)[C@@H]1CCCN1C(=O)[C@H](Cc1ccc(O)cc1)[n+]1[c-]n2ccccc2c1)C(=O)O,-7.8602,-8.280857
CSCC[C@H](NC(=O)[C@@H]1CCCN1C(=O)[C@H]([C@@H](C)O)[n+]1[c-]n2ccccc2c1)C(=O)O,-9.9516,-9.90187
CSCC[C@H](NC(=O)[C@H](C(C)C)[n+]1[c-]n2ccccc2c1)C(=O)N[C@@H](CCC(N)=O)C(=O)O,-17.5494,-12.055864
CSCC[C@H](NC(=O)[C@H](C(C)C)[n+]1[c-]n2ccccc2c1)C(=O)N[C@@H](CCCNC(=N)N)C(=O)O,13.0273,-10.805968
CSCC[C@H](NC(=O)[C@H](C(C)C)[n+]1[c-]n2ccccc2c1)C(=O)N[C@H](C(=O)O)C(C)C,-8.2356,-4.8073397
CSCC[C@H](NC(=O)[C@H](C)NC(=O)[C@H](C)[n+]1[c-]n2ccccc2c1)C(=O)O,-6.6881,-11.167422
CSCC[C@H](NC(=O)[C@H](C)NC(=O)[C@H](CC(C)C)[n+]1[c-]n2ccccc2c1)C(=O)O,-9.2444,-6.4820595
CSCC[C@H](NC(=O)[C@H](C)NC(=O)[C@H](CCC(N)=O)[n+]1[c-]n2ccccc2c1)C(=O)O,-6.3117,-7.541933
CSCC[C@H](NC(=O)[C@H](C)[n+]1[c-]n2ccccc2c1)C(=O)N[C@@H](C)C(=O)O,-4.9572,-5.2404366
CSCC[C@H](NC(=O)[C@H](C)[n+]1[c-]n2ccccc2c1)C(=O)N[C@@H](CC(=O)O)C(=O)O,-3.1305,-7.293243
CSCC[C@H](NC(=O)[C@H](C)[n+]1[c-]n2ccccc2c1)C(=O)N[C@@H](Cc1c[nH]cn1)C(=O)O,-2.4794,-7.342764
CSCC[C@H](NC(=O)[C@H](CC(=O)O)NC(=O)[C@H](C(C)C)[n+]1[c-]n2ccccc2c1)C(=O)O,-4.9178,-5.6003275
CSCC[C@H](NC(=O)[C@H](CC(=O)O)NC(=O)[C@H](CC(C)C)[n+]1[c-]n2ccccc2c1)C(=O)O,-2.401,-6.3302
CSCC[C@H](NC(=O)[C@H](CC(=O)O)[n+]1[c-]n2ccccc2c1)C(=O)N[C@@H](CCC(N)=O)C(=O)O,-13.2273,-6.086517
CSCC[C@H](NC(=O)[C@H](CC(=O)O)[n+]1[c-]n2ccccc2c1)C(=O)N[C@@H](CO)C(=O)O,-4.6853,-10.131121
CSCC[C@H](NC(=O)[C@H](CC(=O)O)[n+]1[c-]n2ccccc2c1)C(=O)N[C@@H](CS)C(=O)O,-13.4908,-11.904991
CSCC[C@H](NC(=O)[C@H](CC(=O)O)[n+]1[c-]n2ccccc2c1)C(=O)N[C@@H](Cc1c[nH]cn1)C(=O)O,-10.2519,-10.409587
CSCC[C@H](NC(=O)[C@H](CC(=O)O)[n+]1[c-]n2ccccc2c1)C(=O)N[C@@H](Cc1ccccc1)C(=O)O,-13.457,-8.701103
CSCC[C@H](NC(=O)[C@H](CC(=O)O)[n+]1[c-]n2ccccc2c1)C(=O)N[C@H](C(=O)O)[C@@H](C)O,-7.7812,-7.556177
CSCC[C@H](NC(=O)[C@H](CC(C)C)NC(=O)[C@H](C(C)C)[n+]1[c-]n2ccccc2c1)C(=O)O,-1.9343,-6.425901
CSCC[C@H](NC(=O)[C@H](CC(C)C)NC(=O)[C@H](C)[n+]1[c-]n2ccccc2c1)C(=O)O,-6.5967,-7.0101542
CSCC[C@H](NC(=O)[C@H](CC(C)C)NC(=O)[C@H](CC(=O)O)[n+]1[c-]n2ccccc2c1)C(=O)O,-1.1143,-5.081618
CSCC[C@H](NC(=O)[C@H](CC(C)C)NC(=O)[C@H](CCC(=O)O)[n+]1[c-]n2ccccc2c1)C(=O)O,0.4014,-8.974588
CSCC[C@H](NC(=O)[C@H](CC(C)C)NC(=O)[C@H](CCCNC(=N)N)[n+]1[c-]n2ccccc2c1)C(=O)O,-8.5256,-5.505287
CSCC[C@H](NC(=O)[C@H](CC(C)C)NC(=O)[C@H](CO)[n+]1[c-]n2ccccc2c1)C(=O)O,-11.2184,-10.15497
CSCC[C@H](NC(=O)[C@H](CC(C)C)NC(=O)[C@H]([C@@H](C)O)[n+]1[c-]n2ccccc2c1)C(=O)O,-7.6655,-10.924324
CSCC[C@H](NC(=O)[C@H](CC(C)C)[n+]1[c-]n2ccccc2c1)C(=O)N[C@@H](C)C(=O)O,-4.1903,-4.217715
CSCC[C@H](NC(=O)[C@H](CC(C)C)[n+]1[c-]n2ccccc2c1)C(=O)N[C@@H](CC(C)C)C(=O)O,-2.4696,-3.587503
CSCC[C@H](NC(=O)[C@H](CC(C)C)[n+]1[c-]n2ccccc2c1)C(=O)N[C@@H](CC(N)=O)C(=O)O,-10.9399,-8.280294
CSCC[C@H](NC(=O)[C@H](CC(C)C)[n+]1[c-]n2ccccc2c1)C(=O)N[C@@H](CCC(N)=O)C(=O)O,-16.6136,-12.14277
CSCC[C@H](NC(=O)[C@H](CC(C)C)[n+]1[c-]n2ccccc2c1)C(=O)N[C@@H](CCCNC(=N)N)C(=O)O,-8.8212,-7.0372944
CSCC[C@H](NC(=O)[C@H](CC(C)C)[n+]1[c-]n2ccccc2c1)C(=O)N[C@@H](CO)C(=O)O,-10.2121,-7.6324573
CSCC[C@H](NC(=O)[C@H](CC(C)C)[n+]1[c-]n2ccccc2c1)C(=O)O,-4.4177,-4.968699
CSCC[C@H](NC(=O)[C@H](CC(N)=O)NC(=O)[C@H](CC(=O)O)[n+]1[c-]n2ccccc2c1)C(=O)O,-9.6779,-5.855096
CSCC[C@H](NC(=O)[C@H](CC(N)=O)NC(=O)[C@H](CC(N)=O)[n+]1[c-]n2ccccc2c1)C(=O)O,-8.0218,-8.425762
CSCC[C@H](NC(=O)[C@H](CC(N)=O)[n+]1[c-]n2ccccc2c1)C(=O)NCC(=O)O,-1.5244,-6.451556
CSCC[C@H](NC(=O)[C@H](CC(N)=O)[n+]1[c-]n2ccccc2c1)C(=O)N[C@@H](CC(=O)O)C(=O)O,0.3517,-11.181961
CSCC[C@H](NC(=O)[C@H](CC(N)=O)[n+]1[c-]n2ccccc2c1)C(=O)N[C@@H](Cc1ccccc1)C(=O)O,-1.9585,-5.100735
CSCC[C@H](NC(=O)[C@H](CC(N)=O)[n+]1[c-]n2ccccc2c1)C(=O)O,-4.3677,-7.879848
CSCC[C@H](NC(=O)[C@H](CCC(=O)O)NC(=O)[C@H](CCSC)[n+]1[c-]n2ccccc2c1)C(=O)O,-10.1415,-7.21834
CSCC[C@H](NC(=O)[C@H](CCC(=O)O)NC(=O)[C@H](Cc1c[nH]c2ccccc12)[n+]1[c-]n2ccccc2c1)C(=O)O,-11.208,-9.092556
CSCC[C@H](NC(=O)[C@H](CCC(=O)O)NC(=O)[C@H](Cc1ccc(O)cc1)[n+]1[c-]n2ccccc2c1)C(=O)O,-3.1932,-5.5601344
CSCC[C@H](NC(=O)[C@H](CCC(=O)O)[n+]1[c-]n2ccccc2c1)C(=O)N[C@@H](CCC(=O)O)C(=O)O,-1.3658,-6.288601
CSCC[C@H](NC(=O)[C@H](CCC(=O)O)[n+]1[c-]n2ccccc2c1)C(=O)N[C@@H](CO)C(=O)O,-3.381,-9.330821
CSCC[C@H](NC(=O)[C@H](CCC(=O)O)[n+]1[c-]n2ccccc2c1)C(=O)N[C@@H](Cc1c[nH]cn1)C(=O)O,-7.4972,-9.480099
CSCC[C@H](NC(=O)[C@H](CCC(=O)O)[n+]1[c-]n2ccccc2c1)C(=O)N[C@H](C(=O)O)C(C)C,-0.3768,-6.939849
CSCC[C@H](NC(=O)[C@H](CCC(=O)O)[n+]1[c-]n2ccccc2c1)C(=O)N[C@H](C(=O)O)[C@@H](C)O,-11.2445,-10.055176
CSCC[C@H](NC(=O)[C@H](CCC(N)=O)NC(=O)[C@H](Cc1c[nH]cn1)[n+]1[c-]n2ccccc2c1)C(=O)O,-15.6709,-10.094301
CSCC[C@H](NC(=O)[C@H](CCC(N)=O)NC(=O)[C@H](Cc1ccc(O)cc1)[n+]1[c-]n2ccccc2c1)C(=O)O,-3.284,-7.4105372
CSCC[C@H](NC(=O)[C@H](CCC(N)=O)[n+]1[c-]n2ccccc2c1)C(=O)N[C@@H](C)C(=O)O,-5.9851,-8.830828
CSCC[C@H](NC(=O)[C@H](CCC(N)=O)[n+]1[c-]n2ccccc2c1)C(=O)N[C@@H](CCC(=O)O)C(=O)O,-4.867,-9.3619375
CSCC[C@H](NC(=O)[C@H](CCC(N)=O)[n+]1[c-]n2ccccc2c1)C(=O)N[C@@H](CCCNC(=N)N)C(=O)O,-13.1115,-7.656122
CSCC[C@H](NC(=O)[C@H](CCC(N)=O)[n+]1[c-]n2ccccc2c1)C(=O)N[C@@H](CO)C(=O)O,-3.5674,-9.298729
CSCC[C@H](NC(=O)[C@H](CCC(N)=O)[n+]1[c-]n2ccccc2c1)C(=O)N[C@@H](CS)C(=O)O,-10.9488,-7.54891
CSCC[C@H](NC(=O)[C@H](CCC(N)=O)[n+]1[c-]n2ccccc2c1)C(=O)N[C@@H](Cc1ccc(O)cc1)C(=O)O,-12.7628,-9.710456
CSCC[C@H](NC(=O)[C@H](CCC(N)=O)[n+]1[c-]n2ccccc2c1)C(=O)N[C@H](C(=O)O)C(C)C,-0.5968,-7.1256185
CSCC[C@H](NC(=O)[C@H](CCC(N)=O)[n+]1[c-]n2ccccc2c1)C(=O)O,-4.7842,-6.7361455
CSCC[C@H](NC(=O)[C@H](CCCNC(=N)N)NC(=O)C[n+]1[c-]n2ccccc2c1)C(=O)O,-12.6992,-9.750414
CSCC[C@H](NC(=O)[C@H](CCCNC(=N)N)NC(=O)[C@H](C(C)C)[n+]1[c-]n2ccccc2c1)C(=O)O,9.6779,-7.636883
CSCC[C@H](NC(=O)[C@H](CCCNC(=N)N)NC(=O)[C@H](Cc1ccc(O)cc1)[n+]1[c-]n2ccccc2c1)C(=O)O,-16.4457,-15.202538
CSCC[C@H](NC(=O)[C@H](CCCNC(=N)N)NC(=O)[C@H](Cc1ccccc1)[n+]1[c-]n2ccccc2c1)C(=O)O,-9.3181,-7.475765
CSCC[C@H](NC(=O)[C@H](CCCNC(=N)N)[n+]1[c-]n2ccccc2c1)C(=O)N[C@@H](C)C(=O)O,-5.3536,-10.189369
CSCC[C@H](NC(=O)[C@H](CCCNC(=N)N)[n+]1[c-]n2ccccc2c1)C(=O)N[C@@H](CC(C)C)C(=O)O,-9.5129,-10.804133
CSCC[C@H](NC(=O)[C@H](CCCNC(=N)N)[n+]1[c-]n2ccccc2c1)C(=O)N[C@@H](Cc1c[nH]c2ccccc12)C(=O)O,-15.9082,-9.72412
CSCC[C@H](NC(=O)[C@H](CCSC)NC(=O)[C@H](CS)[n+]1[c-]n2ccccc2c1)C(=O)O,-2.7861,-7.0227437
CSCC[C@H](NC(=O)[C@H](CCSC)NC(=O)[C@H](Cc1c[nH]c2ccccc12)[n+]1[c-]n2ccccc2c1)C(=O)O,-10.687,-7.8955097
CSCC[C@H](NC(=O)[C@H](CCSC)[n+]1[c-]n2ccccc2c1)C(=O)N[C@@H](CC(N)=O)C(=O)O,-1.9037,-6.449893
CSCC[C@H](NC(=O)[C@H](CCSC)[n+]1[c-]n2ccccc2c1)C(=O)N[C@@H](CO)C(=O)O,-3.2078,-6.1594095
CSCC[C@H](NC(=O)[C@H](CO)NC(=O)[C@H](C(C)C)[n+]1[c-]n2ccccc2c1)C(=O)O,-7.0437,-4.216916
CSCC[C@H](NC(=O)[C@H](CO)NC(=O)[C@H](C)[n+]1[c-]n2ccccc2c1)C(=O)O,-5.8151,-7.3147736
CSCC[C@H](NC(=O)[C@H](CO)NC(=O)[C@H](CC(C)C)[n+]1[c-]n2ccccc2c1)C(=O)O,-6.7198,-6.030449
CSCC[C@H](NC(=O)[C@H](CO)NC(=O)[C@H](CS)[n+]1[c-]n2ccccc2c1)C(=O)O,-7.9983,-8.561849
CSCC[C@H](NC(=O)[C@H](CO)NC(=O)[C@H](Cc1ccccc1)[n+]1[c-]n2ccccc2c1)C(=O)O,-10.2931,-7.6154165
CSCC[C@H](NC(=O)[C@H](CO)[n+]1[c-]n2ccccc2c1)C(=O)NCC(=O)O,-5.4209,-7.7056355
CSCC[C@H](NC(=O)[C@H](CO)[n+]1[c-]n2ccccc2c1)C(=O)N[C@@H](CCC(N)=O)C(=O)O,-16.8275,-10.727375
CSCC[C@H](NC(=O)[C@H](CO)[n+]1[c-]n2ccccc2c1)C(=O)N[C@@H](Cc1c[nH]cn1)C(=O)O,-1.3207,-6.6461287
CSCC[C@H](NC(=O)[C@H](CO)[n+]1[c-]n2ccccc2c1)C(=O)N[C@@H](Cc1ccccc1)C(=O)O,-8.8227,-8.102459
CSCC[C@H](NC(=O)[C@H](CO)[n+]1[c-]n2ccccc2c1)C(=O)N[C@H](C(=O)O)C(C)C,-3.6269,-5.252303
CSCC[C@H](NC(=O)[C@H](CO)[n+]1[c-]n2ccccc2c1)C(=O)O,-4.7562,-5.702186
CSCC[C@H](NC(=O)[C@H](CS)NC(=O)[C@H](C(C)C)[n+]1[c-]n2ccccc2c1)C(=O)O,-6.2529,-6.7827406
CSCC[C@H](NC(=O)[C@H](CS)NC(=O)[C@H](C)[n+]1[c-]n2ccccc2c1)C(=O)O,-7.6213,-6.9590273
CSCC[C@H](NC(=O)[C@H](CS)NC(=O)[C@H](CCCNC(=N)N)[n+]1[c-]n2ccccc2c1)C(=O)O,-5.0399,-9.559212
CSCC[C@H](NC(=O)[C@H](CS)NC(=O)[C@H](CO)[n+]1[c-]n2ccccc2c1)C(=O)O,-8.3396,-8.884374
CSCC[C@H](NC(=O)[C@H](CS)[n+]1[c-]n2ccccc2c1)C(=O)N[C@@H](CCC(N)=O)C(=O)O,-9.6379,-7.836135
CSCC[C@H](NC(=O)[C@H](CS)[n+]1[c-]n2ccccc2c1)C(=O)N[C@@H](Cc1ccccc1)C(=O)O,-5.4695,-9.398339
CSCC[C@H](NC(=O)[C@H](Cc1c[nH]c2ccccc12)NC(=O)C[n+]1[c-]n2ccccc2c1)C(=O)O,-10.1627,-10.12578
CSCC[C@H](NC(=O)[C@H](Cc1c[nH]c2ccccc12)NC(=O)[C@H](C)[n+]1[c-]n2ccccc2c1)C(=O)O,-4.1293,-6.8247027
CSCC[C@H](NC(=O)[C@H](Cc1c[nH]c2ccccc12)NC(=O)[C@H](CC(C)C)[n+]1[c-]n2ccccc2c1)C(=O)O,-5.3151,-7.3790503
CSCC[C@H](NC(=O)[C@H](Cc1c[nH]c2ccccc12)NC(=O)[C@H](CO)[n+]1[c-]n2ccccc2c1)C(=O)O,-3.5562,-7.512991
CSCC[C@H](NC(=O)[C@H](Cc1c[nH]c2ccccc12)NC(=O)[C@H](Cc1c[nH]cn1)[n+]1[c-]n2ccccc2c1)C(=O)O,-7.6796,-8.709841
CSCC[C@H](NC(=O)[C@H](Cc1c[nH]c2ccccc12)NC(=O)[C@H]([C@@H](C)O)[n+]1[c-]n2ccccc2c1)C(=O)O,-6.289,-9.127587
CSCC[C@H](NC(=O)[C@H](Cc1c[nH]c2ccccc12)[n+]1[c-]n2ccccc2c1)C(=O)NCC(=O)O,-9.8644,-7.300293
CSCC[C@H](NC(=O)[C@H](Cc1c[nH]c2ccccc12)[n+]1[c-]n2ccccc2c1)C(=O)N[C@@H](C)C(=O)O,-9.2927,-6.7030354
CSCC[C@H](NC(=O)[C@H](Cc1c[nH]c2ccccc12)[n+]1[c-]n2ccccc2c1)C(=O)N[C@@H](CC(C)C)C(=O)O,-5.7734,-10.255731
CSCC[C@H](NC(=O)[C@H](Cc1c[nH]c2ccccc12)[n+]1[c-]n2ccccc2c1)C(=O)N[C@@H](Cc1ccccc1)C(=O)O,-2.2354,-8.722159
CSCC[C@H](NC(=O)[C@H](Cc1c[nH]c2ccccc12)[n+]1[c-]n2ccccc2c1)C(=O)N[C@H](C(=O)O)[C@@H](C)O,-3.6081,-8.094873
CSCC[C@H](NC(=O)[C@H](Cc1c[nH]cn1)NC(=O)[C@H](C(C)C)[n+]1[c-]n2ccccc2c1)C(=O)O,-6.4066,-7.4235463
CSCC[C@H](NC(=O)[C@H](Cc1c[nH]cn1)NC(=O)[C@H](CC(N)=O)[n+]1[c-]n2ccccc2c1)C(=O)O,-14.9392,-9.4432125
CSCC[C@H](NC(=O)[C@H](Cc1c[nH]cn1)NC(=O)[C@H](CCC(=O)O)[n+]1[c-]n2ccccc2c1)C(=O)O,-13.5009,-9.103086
CSCC[C@H](NC(=O)[C@H](Cc1c[nH]cn1)NC(=O)[C@H](CS)[n+]1[c-]n2ccccc2c1)C(=O)O,-9.0327,-10.077039
CSCC[C@H](NC(=O)[C@H](Cc1c[nH]cn1)NC(=O)[C@H]([C@@H](C)O)[n+]1[c-]n2ccccc2c1)C(=O)O,-6.7747,-10.064918
CSCC[C@H](NC(=O)[C@H](Cc1c[nH]cn1)[n+]1[c-]n2ccccc2c1)C(=O)N[C@@H](Cc1c[nH]c2ccccc12)C(=O)O,-8.6227,-8.799778
CSCC[C@H](NC(=O)[C@H](Cc1c[nH]cn1)[n+]1[c-]n2ccccc2c1)C(=O)N[C@H](C(=O)O)C(C)C,-5.6938,-7.4600716
CSCC[C@H](NC(=O)[C@H](Cc1c[nH]cn1)[n+]1[c-]n2ccccc2c1)C(=O)N[C@H](C(=O)O)[C@@H](C)O,-10.6084,-10.582678
CSCC[C@H](NC(=O)[C@H](Cc1ccc(O)cc1)NC(=O)C[n+]1[c-]n2ccccc2c1)C(=O)O,-11.0774,-11.480103
CSCC[C@H](NC(=O)[C@H](Cc1ccc(O)cc1)NC(=O)[C@H](C)[n+]1[c-]n2ccccc2c1)C(=O)O,-4.9011,-5.8337984
CSCC[C@H](NC(=O)[C@H](Cc1ccc(O)cc1)NC(=O)[C@H](CS)[n+]1[c-]n2ccccc2c1)C(=O)O,-0.8649,-7.768362
CSCC[C@H](NC(=O)[C@H](Cc1ccc(O)cc1)NC(=O)[C@H](Cc1ccccc1)[n+]1[c-]n2ccccc2c1)C(=O)O,-6.9278,-10.246473
CSCC[C@H](NC(=O)[C@H](Cc1ccc(O)cc1)[n+]1[c-]n2ccccc2c1)C(=O)NCC(=O)O,-12.7002,-7.978648
CSCC[C@H](NC(=O)[C@H](Cc1ccccc1)NC(=O)[C@H](CC(C)C)[n+]1[c-]n2ccccc2c1)C(=O)O,-4.8015,-6.6549935
CSCC[C@H](NC(=O)[C@H](Cc1ccccc1)NC(=O)[C@H](CCC(N)=O)[n+]1[c-]n2ccccc2c1)C(=O)O,-9.3017,-11.053093
CSCC[C@H](NC(=O)[C@H](Cc1ccccc1)NC(=O)[C@H](CS)[n+]1[c-]n2ccccc2c1)C(=O)O,-4.6638,-10.071256
CSCC[C@H](NC(=O)[C@H](Cc1ccccc1)NC(=O)[C@H](Cc1ccccc1)[n+]1[c-]n2ccccc2c1)C(=O)O,-4.315,-10.258272
CSCC[C@H](NC(=O)[C@H](Cc1ccccc1)[n+]1[c-]n2ccccc2c1)C(=O)N[C@@H](CCCNC(=N)N)C(=O)O,-7.3169,-10.08858
CSCC[C@H](NC(=O)[C@H](Cc1ccccc1)[n+]1[c-]n2ccccc2c1)C(=O)N[C@@H](Cc1c[nH]cn1)C(=O)O,-10.9738,-8.328656
CSCC[C@H](NC(=O)[C@H]([C@@H](C)O)[n+]1[c-]n2ccccc2c1)C(=O)N[C@@H](C)C(=O)O,-6.1827,-7.953386
CSCC[C@H](NC(=O)[C@H]([C@@H](C)O)[n+]1[c-]n2ccccc2c1)C(=O)N[C@@H](Cc1c[nH]c2ccccc12)C(=O)O,-13.1189,-10.983791
CSCC[C@H](NC(=O)[C@H]([C@@H](C)O)[n+]1[c-]n2ccccc2c1)C(=O)N[C@@H](Cc1ccc(O)cc1)C(=O)O,1.4844,-7.625001
C[C@@H](C(=O)N1CCC[C@H]1C(=O)N1CCC[C@H]1C(=O)O)[n+]1[c-]n2ccccc2c1,-8.9874,-8.053631
C[C@@H](C(=O)N1CCC[C@H]1C(=O)N[C@@H](Cc1c[nH]cn1)C(=O)O)[n+]1[c-]n2ccccc2c1,-4.4637,-5.1104493
C[C@@H](C(=O)NCC(=O)N[C@@H](CCC(N)=O)C(=O)O)[n+]1[c-]n2ccccc2c1,-13.0036,-10.063919
C[C@@H](C(=O)N[C@@H](CC(=O)O)C(=O)N[C@@H](CCCNC(=N)N)C(=O)O)[n+]1[c-]n2ccccc2c1,-12.1929,-9.869516
C[C@@H](C(=O)N[C@@H](CC(=O)O)C(=O)N[C@@H](CO)C(=O)O)[n+]1[c-]n2ccccc2c1,-8.0004,-10.235184
C[C@@H](C(=O)N[C@@H](CC(=O)O)C(=O)N[C@@H](Cc1ccc(O)cc1)C(=O)O)[n+]1[c-]n2ccccc2c1,-9.8137,-8.891378
C[C@@H](C(=O)N[C@@H](CC(=O)O)C(=O)O)[n+]1[c-]n2ccccc2c1,-22.6699,-19.572338
C[C@@H](C(=O)N[C@@H](CCC(=O)O)C(=O)N1CCC[C@H]1C(=O)O)[n+]1[c-]n2ccccc2c1,-14.4822,-8.034339
C[C@@H](C(=O)N[C@@H](CCC(=O)O)C(=O)N[C@@H](CCC(N)=O)C(=O)O)[n+]1[c-]n2ccccc2c1,-17.1863,-7.1645436
C[C@@H](C(=O)N[C@@H](CCC(=O)O)C(=O)N[C@@H](CS)C(=O)O)[n+]1[c-]n2ccccc2c1,-10.0551,-8.284145
C[C@@H](C(=O)N[C@@H](CCC(N)=O)C(=O)N[C@@H](CCC(N)=O)C(=O)O)[n+]1[c-]n2ccccc2c1,-15.9371,-8.360899
C[C@@H](C(=O)N[C@@H](CCC(N)=O)C(=O)N[C@@H](CS)C(=O)O)[n+]1[c-]n2ccccc2c1,-9.1516,-8.435223
C[C@@H](C(=O)N[C@@H](CCC(N)=O)C(=O)N[C@@H](Cc1ccccc1)C(=O)O)[n+]1[c-]n2ccccc2c1,-5.4115,-10.703558
C[C@@H](C(=O)N[C@@H](CCC(N)=O)C(=O)O)[n+]1[c-]n2ccccc2c1,-11.0315,-11.315117
C[C@@H](C(=O)N[C@@H](CCCNC(=N)N)C(=O)NCC(=O)O)[n+]1[c-]n2ccccc2c1,-5.5369,-8.468249
C[C@@H](C(=O)N[C@@H](CCCNC(=N)N)C(=O)N[C@@H](CCC(=O)O)C(=O)O)[n+]1[c-]n2ccccc2c1,-22.4055,-14.642784
C[C@@H](C(=O)N[C@@H](CCCNC(=N)N)C(=O)N[C@@H](CS)C(=O)O)[n+]1[c-]n2ccccc2c1,-6.8528,-7.356058
C[C@@H](C(=O)N[C@@H](CO)C(=O)N1CCC[C@H]1C(=O)O)[n+]1[c-]n2ccccc2c1,-9.3747,-6.087249
C[C@@H](C(=O)N[C@@H](CO)C(=O)N[C@@H](CCC(=O)O)C(=O)O)[n+]1[c-]n2ccccc2c1,-15.374,-11.6567335
C[C@@H](C(=O)N[C@@H](CO)C(=O)N[C@@H](CCCNC(=N)N)C(=O)O)[n+]1[c-]n2ccccc2c1,-11.2972,-8.985131
C[C@@H](C(=O)N[C@@H](CO)C(=O)N[C@@H](Cc1c[nH]c2ccccc12)C(=O)O)[n+]1[c-]n2ccccc2c1,-7.9926,-5.208794
C[C@@H](C(=O)N[C@@H](CS)C(=O)N[C@@H](Cc1ccc(O)cc1)C(=O)O)[n+]1[c-]n2ccccc2c1,-9.1101,-8.267661
C[C@@H](C(=O)N[C@@H](Cc1c[nH]cn1)C(=O)N1CCC[C@H]1C(=O)O)[n+]1[c-]n2ccccc2c1,-13.7883,-10.982433
C[C@@H](C(=O)N[C@@H](Cc1c[nH]cn1)C(=O)N[C@@H](Cc1c[nH]c2ccccc12)C(=O)O)[n+]1[c-]n2ccccc2c1,-17.6767,-12.843462
C[C@@H](C(=O)N[C@@H](Cc1c[nH]cn1)C(=O)O)[n+]1[c-]n2ccccc2c1,-8.8305,-8.719195
C[C@@H](C(=O)N[C@@H](Cc1ccc(O)cc1)C(=O)N[C@@H](CCC(N)=O)C(=O)O)[n+]1[c-]n2ccccc2c1,-12.7,-10.395391
C[C@@H](C(=O)N[C@@H](Cc1ccc(O)cc1)C(=O)N[C@@H](CCCNC(=N)N)C(=O)O)[n+]1[c-]n2ccccc2c1,-11.3255,-11.046524
C[C@@H](C(=O)N[C@@H](Cc1ccc(O)cc1)C(=O)N[C@@H](CO)C(=O)O)[n+]1[c-]n2ccccc2c1,-4.964,-7.551384
C[C@@H](C(=O)N[C@@H](Cc1ccc(O)cc1)C(=O)O)[n+]1[c-]n2ccccc2c1,-7.5757,-7.927805
C[C@@H](C(=O)N[C@@H](Cc1ccccc1)C(=O)NCC(=O)O)[n+]1[c-]n2ccccc2c1,-4.1104,-4.7738304
C[C@@H](C(=O)N[C@@H](Cc1ccccc1)C(=O)N[C@@H](CCC(=O)O)C(=O)O)[n+]1[c-]n2ccccc2c1,-15.3524,-11.334068
C[C@@H](C(=O)N[C@@H](Cc1ccccc1)C(=O)N[C@@H](CO)C(=O)O)[n+]1[c-]n2ccccc2c1,-9.6361,-6.5730667
C[C@@H](O)[C@@H](C(=O)N1CCC[C@H]1C(=O)N[C@@H](CCC(=O)O)C(=O)O)[n+]1[c-]n2ccccc2c1,-9.9822,-8.294063
C[C@@H](O)[C@@H](C(=O)N1CCC[C@H]1C(=O)N[C@@H](Cc1c[nH]c2ccccc12)C(=O)O)[n+]1[c-]n2ccccc2c1,-7.7524,-7.5368404
C[C@@H](O)[C@@H](C(=O)N1CCC[C@H]1C(=O)N[C@@H](Cc1ccccc1)C(=O)O)[n+]1[c-]n2ccccc2c1,-10.2715,-8.445157
C[C@@H](O)[C@@H](C(=O)NCC(=O)N[C@@H](CC(=O)O)C(=O)O)[n+]1[c-]n2ccccc2c1,-14.4995,-9.695856
C[C@@H](O)[C@@H](C(=O)NCC(=O)N[C@@H](CCC(N)=O)C(=O)O)[n+]1[c-]n2ccccc2c1,-12.6348,-8.808081
C[C@@H](O)[C@@H](C(=O)NCC(=O)N[C@@H](CO)C(=O)O)[n+]1[c-]n2ccccc2c1,-4.9731,-8.7582
C[C@@H](O)[C@@H](C(=O)NCC(=O)N[C@@H](Cc1ccc(O)cc1)C(=O)O)[n+]1[c-]n2ccccc2c1,-14.7098,-10.27625
C[C@@H](O)[C@@H](C(=O)N[C@@H](CC(N)=O)C(=O)N[C@@H](CCCNC(=N)N)C(=O)O)[n+]1[c-]n2ccccc2c1,-9.218,-10.599649
C[C@@H](O)[C@@H](C(=O)N[C@@H](CC(N)=O)C(=O)O)[n+]1[c-]n2ccccc2c1,-11.003,-9.675432
C[C@@H](O)[C@@H](C(=O)N[C@@H](CCC(=O)O)C(=O)N[C@@H](CCC(N)=O)C(=O)O)[n+]1[c-]n2ccccc2c1,-7.3174,-9.893127
C[C@@H](O)[C@@H](C(=O)N[C@@H](CCC(=O)O)C(=O)N[C@@H](CO)C(=O)O)[n+]1[c-]n2ccccc2c1,-11.3102,-11.913767
C[C@@H](O)[C@@H](C(=O)N[C@@H](CCC(=O)O)C(=O)O)[n+]1[c-]n2ccccc2c1,-15.4701,-8.353644
C[C@@H](O)[C@@H](C(=O)N[C@@H](CCC(N)=O)C(=O)N[C@@H](Cc1c[nH]cn1)C(=O)O)[n+]1[c-]n2ccccc2c1,-16.3476,-9.070611
C[C@@H](O)[C@@H](C(=O)N[C@@H](CCCNC(=N)N)C(=O)N[C@@H](CS)C(=O)O)[n+]1[c-]n2ccccc2c1,-10.8807,-10.996558
C[C@@H](O)[C@@H](C(=O)N[C@@H](CCCNC(=N)N)C(=O)N[C@@H](Cc1ccc(O)cc1)C(=O)O)[n+]1[c-]n2ccccc2c1,-10.8724,-11.031342
C[C@@H](O)[C@@H](C(=O)N[C@@H](CO)C(=O)N[C@@H](CC(=O)O)C(=O)O)[n+]1[c-]n2ccccc2c1,-9.2511,-11.107743
C[C@@H](O)[C@@H](C(=O)N[C@@H](CO)C(=O)N[C@@H](CC(N)=O)C(=O)O)[n+]1[c-]n2ccccc2c1,-2.8472,-10.075163
C[C@@H](O)[C@@H](C(=O)N[C@@H](CO)C(=O)N[C@@H](CCC(N)=O)C(=O)O)[n+]1[c-]n2ccccc2c1,-18.0289,-11.869038
C[C@@H](O)[C@@H](C(=O)N[C@@H](CO)C(=O)N[C@@H](CO)C(=O)O)[n+]1[c-]n2ccccc2c1,-10.4672,-7.0759
C[C@@H](O)[C@@H](C(=O)N[C@@H](CS)C(=O)N1CCC[C@H]1C(=O)O)[n+]1[c-]n2ccccc2c1,-7.2174,-7.637944
C[C@@H](O)[C@@H](C(=O)N[C@@H](CS)C(=O)N[C@@H](CCC(=O)O)C(=O)O)[n+]1[c-]n2ccccc2c1,-14.8923,-10.377018
C[C@@H](O)[C@@H](C(=O)N[C@@H](CS)C(=O)N[C@@H](Cc1ccc(O)cc1)C(=O)O)[n+]1[c-]n2ccccc2c1,-10.8461,-9.545717
C[C@@H](O)[C@@H](C(=O)N[C@@H](CS)C(=O)N[C@@H](Cc1ccccc1)C(=O)O)[n+]1[c-]n2ccccc2c1,-9.2216,-8.356432
C[C@@H](O)[C@@H](C(=O)N[C@@H](CS)C(=O)O)[n+]1[c-]n2ccccc2c1,-9.2918,-6.886784
C[C@@H](O)[C@@H](C(=O)N[C@@H](Cc1c[nH]c2ccccc12)C(=O)NCC(=O)O)[n+]1[c-]n2ccccc2c1,-8.1915,-9.553227
C[C@@H](O)[C@@H](C(=O)N[C@@H](Cc1c[nH]cn1)C(=O)N1CCC[C@H]1C(=O)O)[n+]1[c-]n2ccccc2c1,-7.354,-8.81871
C[C@@H](O)[C@@H](C(=O)N[C@@H](Cc1c[nH]cn1)C(=O)N[C@@H](CO)C(=O)O)[n+]1[c-]n2ccccc2c1,0.9475,-9.191731
C[C@@H](O)[C@@H](C(=O)N[C@@H](Cc1c[nH]cn1)C(=O)N[C@@H](Cc1ccc(O)cc1)C(=O)O)[n+]1[c-]n2ccccc2c1,-5.5489,-9.887966
C[C@@H](O)[C@@H](C(=O)N[C@@H](Cc1c[nH]cn1)C(=O)O)[n+]1[c-]n2ccccc2c1,-9.9561,-6.1747437
C[C@@H](O)[C@@H](C(=O)N[C@@H](Cc1ccc(O)cc1)C(=O)O)[n+]1[c-]n2ccccc2c1,-8.2469,-7.3868628
C[C@@H](O)[C@@H](C(=O)N[C@@H](Cc1ccccc1)C(=O)N1CCC[C@H]1C(=O)O)[n+]1[c-]n2ccccc2c1,-5.6141,-7.8110547
C[C@@H](O)[C@@H](C(=O)N[C@@H](Cc1ccccc1)C(=O)N[C@@H](CCCNC(=N)N)C(=O)O)[n+]1[c-]n2ccccc2c1,-5.3334,-9.675065
C[C@@H](O)[C@@H](C(=O)N[C@@H](Cc1ccccc1)C(=O)N[C@@H](Cc1ccccc1)C(=O)O)[n+]1[c-]n2ccccc2c1,-1.6768,-8.770857
C[C@@H](O)[C@H](NC(=O)CNC(=O)[C@H](CC(=O)O)[n+]1[c-]n2ccccc2c1)C(=O)O,-9.0051,-9.872185
C[C@@H](O)[C@H](NC(=O)CNC(=O)[C@H](CCC(=O)O)[n+]1[c-]n2ccccc2c1)C(=O)O,-7.0131,-9.800478
C[C@@H](O)[C@H](NC(=O)CNC(=O)[C@H](Cc1c[nH]cn1)[n+]1[c-]n2ccccc2c1)C(=O)O,-8.7484,-6.0719314
C[C@@H](O)[C@H](NC(=O)CNC(=O)[C@H](Cc1ccccc1)[n+]1[c-]n2ccccc2c1)C(=O)O,-14.0834,-9.350861
C[C@@H](O)[C@H](NC(=O)C[n+]1[c-]n2ccccc2c1)C(=O)N[C@@H](CCC(=O)O)C(=O)O,-8.8973,-13.126832
C[C@@H](O)[C@H](NC(=O)C[n+]1[c-]n2ccccc2c1)C(=O)O,-9.1883,-7.6270866
C[C@@H](O)[C@H](NC(=O)[C@@H](NC(=O)[C@H](C)[n+]1[c-]n2ccccc2c1)[C@@H](C)O)C(=O)O,-6.0051,-7.401433
C[C@@H](O)[C@H](NC(=O)[C@@H](NC(=O)[C@H](CCC(N)=O)[n+]1[c-]n2ccccc2c1)[C@@H](C)O)C(=O)O,-5.2523,-7.637234
C[C@@H](O)[C@H](NC(=O)[C@H](C)[n+]1[c-]n2ccccc2c1)C(=O)N[C@@H](CCC(=O)O)C(=O)O,-16.3364,-11.672724
C[C@@H](O)[C@H](NC(=O)[C@H](C)[n+]1[c-]n2ccccc2c1)C(=O)N[C@@H](CCC(N)=O)C(=O)O,-10.7119,-11.0653715
C[C@@H](O)[C@H](NC(=O)[C@H](C)[n+]1[c-]n2ccccc2c1)C(=O)N[C@@H](CCCNC(=N)N)C(=O)O,-10.6554,-10.248002
C[C@@H](O)[C@H](NC(=O)[C@H](CC(=O)O)NC(=O)[C@H](Cc1ccc(O)cc1)[n+]1[c-]n2ccccc2c1)C(=O)O,-4.9551,-7.931745
C[C@@H](O)[C@H](NC(=O)[C@H](CC(=O)O)[n+]1[c-]n2ccccc2c1)C(=O)N1CCC[C@H]1C(=O)O,-7.3914,-8.831904
C[C@@H](O)[C@H](NC(=O)[C@H](CC(=O)O)[n+]1[c-]n2ccccc2c1)C(=O)NCC(=O)O,-14.096,-8.439342
C[C@@H](O)[C@H](NC(=O)[C@H](CC(N)=O)NC(=O)[C@H](Cc1c[nH]cn1)[n+]1[c-]n2ccccc2c1)C(=O)O,-13.1337,-11.4184265
C[C@@H](O)[C@H](NC(=O)[C@H](CC(N)=O)NC(=O)[C@H](Cc1ccccc1)[n+]1[c-]n2ccccc2c1)C(=O)O,-13.7213,-10.825357
C[C@@H](O)[C@H](NC(=O)[C@H](CC(N)=O)[n+]1[c-]n2ccccc2c1)C(=O)N[C@@H](CO)C(=O)O,-8.9639,-8.190331
C[C@@H](O)[C@H](NC(=O)[C@H](CCC(=O)O)NC(=O)C[n+]1[c-]n2ccccc2c1)C(=O)O,-13.1148,-13.0606365
C[C@@H](O)[C@H](NC(=O)[C@H](CCC(=O)O)NC(=O)[C@H](CCCNC(=N)N)[n+]1[c-]n2ccccc2c1)C(=O)O,-8.3922,-8.112203
C[C@@H](O)[C@H](NC(=O)[C@H](CCC(=O)O)[n+]1[c-]n2ccccc2c1)C(=O)N[C@@H](CCC(=O)O)C(=O)O,-9.6161,-9.884651
C[C@@H](O)[C@H](NC(=O)[C@H](CCC(=O)O)[n+]1[c-]n2ccccc2c1)C(=O)N[C@@H](CCCNC(=N)N)C(=O)O,-14.1565,-11.011595
C[C@@H](O)[C@H](NC(=O)[C@H](CCC(=O)O)[n+]1[c-]n2ccccc2c1)C(=O)N[C@@H](Cc1c[nH]cn1)C(=O)O,-3.6209,-5.4123135
C[C@@H](O)[C@H](NC(=O)[C@H](CCC(=O)O)[n+]1[c-]n2ccccc2c1)C(=O)N[C@@H](Cc1ccccc1)C(=O)O,-1.7392,-4.716567
C[C@@H](O)[C@H](NC(=O)[C@H](CCC(N)=O)NC(=O)C[n+]1[c-]n2ccccc2c1)C(=O)O,-15.9365,-12.655691
C[C@@H](O)[C@H](NC(=O)[C@H](CCC(N)=O)NC(=O)[C@H](CC(=O)O)[n+]1[c-]n2ccccc2c1)C(=O)O,-15.7527,-10.749271
C[C@@H](O)[C@H](NC(=O)[C@H](CCC(N)=O)NC(=O)[C@H](CC(N)=O)[n+]1[c-]n2ccccc2c1)C(=O)O,-10.7843,-9.981735
C[C@@H](O)[C@H](NC(=O)[C@H](CCC(N)=O)NC(=O)[C@H](CCC(=O)O)[n+]1[c-]n2ccccc2c1)C(=O)O,-11.6424,-9.036772
C[C@@H](O)[C@H](NC(=O)[C@H](CCC(N)=O)[n+]1[c-]n2ccccc2c1)C(=O)NCC(=O)O,-5.1102,-5.24183
C[C@@H](O)[C@H](NC(=O)[C@H](CCC(N)=O)[n+]1[c-]n2ccccc2c1)C(=O)N[C@@H](CC(=O)O)C(=O)O,-12.6665,-8.372677
C[C@@H](O)[C@H](NC(=O)[C@H](CCC(N)=O)[n+]1[c-]n2ccccc2c1)C(=O)N[C@@H](CC(N)=O)C(=O)O,-13.1317,-8.472801
C[C@@H](O)[C@H](NC(=O)[C@H](CCC(N)=O)[n+]1[c-]n2ccccc2c1)C(=O)N[C@@H](CCC(=O)O)C(=O)O,-11.5265,-12.258923
C[C@@H](O)[C@H](NC(=O)[C@H](CCC(N)=O)[n+]1[c-]n2ccccc2c1)C(=O)N[C@@H](CO)C(=O)O,-4.5167,-6.2034416
C[C@@H](O)[C@H](NC(=O)[C@H](CCC(N)=O)[n+]1[c-]n2ccccc2c1)C(=O)N[C@@H](Cc1c[nH]cn1)C(=O)O,-3.3386,-7.7462754
C[C@@H](O)[C@H](NC(=O)[C@H](CCC(N)=O)[n+]1[c-]n2ccccc2c1)C(=O)N[C@@H](Cc1ccccc1)C(=O)O,-12.158,-5.5508184
C[C@@H](O)[C@H](NC(=O)[C@H](CCCNC(=N)N)NC(=O)[C@H](CC(N)=O)[n+]1[c-]n2ccccc2c1)C(=O)O,-18.1721,-16.278122
C[C@@H](O)[C@H](NC(=O)[C@H](CCCNC(=N)N)NC(=O)[C@H](CCCNC(=N)N)[n+]1[c-]n2ccccc2c1)C(=O)O,-7.0865,-5.359162
C[C@@H](O)[C@H](NC(=O)[C@H](CCCNC(=N)N)[n+]1[c-]n2ccccc2c1)C(=O)N[C@@H](Cc1ccc(O)cc1)C(=O)O,-2.5309,-7.720461
C[C@@H](O)[C@H](NC(=O)[C@H](CO)NC(=O)[C@H](CCC(N)=O)[n+]1[c-]n2ccccc2c1)C(=O)O,-11.1116,-10.056299
C[C@@H](O)[C@H](NC(=O)[C@H](CO)NC(=O)[C@H](CO)[n+]1[c-]n2ccccc2c1)C(=O)O,-10.6067,-10.239269
C[C@@H](O)[C@H](NC(=O)[C@H](CO)NC(=O)[C@H](Cc1ccc(O)cc1)[n+]1[c-]n2ccccc2c1)C(=O)O,-10.2548,-7.556428
C[C@@H](O)[C@H](NC(=O)[C@H](CO)[n+]1[c-]n2ccccc2c1)C(=O)N[C@@H](CO)C(=O)O,-8.0865,-5.5211067
C[C@@H](O)[C@H](NC(=O)[C@H](CS)NC(=O)[C@H](CC(=O)O)[n+]1[c-]n2ccccc2c1)C(=O)O,-9.5985,-10.663054
C[C@@H](O)[C@H](NC(=O)[C@H](CS)NC(=O)[C@H](Cc1ccc(O)cc1)[n+]1[c-]n2ccccc2c1)C(=O)O,-10.3978,-9.783691
C[C@@H](O)[C@H](NC(=O)[C@H](CS)[n+]1[c-]n2ccccc2c1)C(=O)N[C@@H](CC(=O)O)C(=O)O,-6.8572,-8.089681
C[C@@H](O)[C@H](NC(=O)[C@H](CS)[n+]1[c-]n2ccccc2c1)C(=O)N[C@@H](CO)C(=O)O,-5.2925,-8.476589
C[C@@H](O)[C@H](NC(=O)[C@H](CS)[n+]1[c-]n2ccccc2c1)C(=O)N[C@@H](Cc1ccc(O)cc1)C(=O)O,-7.2198,-9.539914
C[C@@H](O)[C@H](NC(=O)[C@H](Cc1c[nH]c2ccccc12)NC(=O)[C@H](C)[n+]1[c-]n2ccccc2c1)C(=O)O,-9.7476,-8.55367
C[C@@H](O)[C@H](NC(=O)[C@H](Cc1c[nH]c2ccccc12)NC(=O)[C@H](CS)[n+]1[c-]n2ccccc2c1)C(=O)O,-19.3951,-10.807894
C[C@@H](O)[C@H](NC(=O)[C@H](Cc1c[nH]c2ccccc12)[n+]1[c-]n2ccccc2c1)C(=O)N[C@@H](Cc1c[nH]c2ccccc12)C(=O)O,-8.2959,-10.774002
C[C@@H](O)[C@H](NC(=O)[C@H](Cc1c[nH]cn1)NC(=O)[C@H](C)[n+]1[c-]n2ccccc2c1)C(=O)O,-13.5398,-9.709166
C[C@@H](O)[C@H](NC(=O)[C@H](Cc1c[nH]cn1)NC(=O)[C@H](CCC(N)=O)[n+]1[c-]n2ccccc2c1)C(=O)O,-12.6749,-11.7307415
C[C@@H](O)[C@H](NC(=O)[C@H](Cc1c[nH]cn1)NC(=O)[C@H](Cc1ccccc1)[n+]1[c-]n2ccccc2c1)C(=O)O,-11.6162,-11.795008
C[C@@H](O)[C@H](NC(=O)[C@H](Cc1c[nH]cn1)[n+]1[c-]n2ccccc2c1)C(=O)N1CCC[C@H]1C(=O)O,-8.2354,-6.650109
C[C@@H](O)[C@H](NC(=O)[C@H](Cc1c[nH]cn1)[n+]1[c-]n2ccccc2c1)C(=O)N[C@@H](CCCNC(=N)N)C(=O)O,-11.2727,-11.22109
C[C@@H](O)[C@H](NC(=O)[C@H](Cc1c[nH]cn1)[n+]1[c-]n2ccccc2c1)C(=O)N[C@@H](Cc1c[nH]cn1)C(=O)O,-2.3378,-6.127244
C[C@@H](O)[C@H](NC(=O)[C@H](Cc1c[nH]cn1)[n+]1[c-]n2ccccc2c1)C(=O)N[C@@H](Cc1ccccc1)C(=O)O,-3.5881,-4.605859
C[C@@H](O)[C@H](NC(=O)[C@H](Cc1c[nH]cn1)[n+]1[c-]n2ccccc2c1)C(=O)O,-10.935,-8.582865
C[C@@H](O)[C@H](NC(=O)[C@H](Cc1ccc(O)cc1)NC(=O)C[n+]1[c-]n2ccccc2c1)C(=O)O,-15.9108,-11.14435
C[C@@H](O)[C@H](NC(=O)[C@H](Cc1ccc(O)cc1)NC(=O)[C@H](CC(=O)O)[n+]1[c-]n2ccccc2c1)C(=O)O,-10.5504,-7.8845735
C[C@@H](O)[C@H](NC(=O)[C@H](Cc1ccc(O)cc1)NC(=O)[C@H](Cc1c[nH]cn1)[n+]1[c-]n2ccccc2c1)C(=O)O,-5.0937,-8.458826
C[C@@H](O)[C@H](NC(=O)[C@H](Cc1ccc(O)cc1)NC(=O)[C@H]([C@@H](C)O)[n+]1[c-]n2ccccc2c1)C(=O)O,-10.8149,-11.263926
C[C@@H](O)[C@H](NC(=O)[C@H](Cc1ccc(O)cc1)[n+]1[c-]n2ccccc2c1)C(=O)N[C@@H](CC(=O)O)C(=O)O,-14.1498,-8.358926
C[C@@H](O)[C@H](NC(=O)[C@H](Cc1ccc(O)cc1)[n+]1[c-]n2ccccc2c1)C(=O)N[C@@H](CCCNC(=N)N)C(=O)O,-8.4963,-12.636367
C[C@@H](O)[C@H](NC(=O)[C@H](Cc1ccc(O)cc1)[n+]1[c-]n2ccccc2c1)C(=O)N[C@@H](CO)C(=O)O,-4.0549,-6.2453012
C[C@@H](O)[C@H](NC(=O)[C@H](Cc1ccc(O)cc1)[n+]1[c-]n2ccccc2c1)C(=O)N[C@@H](Cc1ccc(O)cc1)C(=O)O,-9.3204,-11.94691
C[C@@H](O)[C@H](NC(=O)[C@H](Cc1ccccc1)NC(=O)[C@H](CC(=O)O)[n+]1[c-]n2ccccc2c1)C(=O)O,-8.8754,-6.6171393
C[C@@H](O)[C@H](NC(=O)[C@H](Cc1ccccc1)NC(=O)[C@H](CCC(=O)O)[n+]1[c-]n2ccccc2c1)C(=O)O,-14.3904,-13.516701
C[C@@H](O)[C@H](NC(=O)[C@H](Cc1ccccc1)NC(=O)[C@H](Cc1c[nH]c2ccccc12)[n+]1[c-]n2ccccc2c1)C(=O)O,-1.9111,-7.5600834
C[C@@H](O)[C@H](NC(=O)[C@H](Cc1ccccc1)[n+]1[c-]n2ccccc2c1)C(=O)N[C@@H](CCCNC(=N)N)C(=O)O,-12.704,-8.290735
C[C@@H](O)[C@H](NC(=O)[C@H](Cc1ccccc1)[n+]1[c-]n2ccccc2c1)C(=O)N[C@@H](Cc1c[nH]cn1)C(=O)O,-4.7682,-5.116804
C[C@@H](O)[C@H](NC(=O)[C@H](Cc1ccccc1)[n+]1[c-]n2ccccc2c1)C(=O)N[C@@H](Cc1ccc(O)cc1)C(=O)O,-13.6947,-11.625369
C[C@@H](O)[C@H](NC(=O)[C@H](Cc1ccccc1)[n+]1[c-]n2ccccc2c1)C(=O)N[C@@H](Cc1ccccc1)C(=O)O,-9.1269,-9.738888
C[C@@H](O)[C@H](NC(=O)[C@H]([C@@H](C)O)[n+]1[c-]n2ccccc2c1)C(=O)N1CCC[C@H]1C(=O)O,-8.531,-8.766121
C[C@@H](O)[C@H](NC(=O)[C@H]([C@@H](C)O)[n+]1[c-]n2ccccc2c1)C(=O)N[C@@H](CC(N)=O)C(=O)O,-9.1812,-12.379858
C[C@@H](O)[C@H](NC(=O)[C@H]([C@@H](C)O)[n+]1[c-]n2ccccc2c1)C(=O)N[C@@H](CCCNC(=N)N)C(=O)O,-5.0817,-10.500262
C[C@H](NC(=O)CNC(=O)[C@H](CC(=O)O)[n+]1[c-]n2ccccc2c1)C(=O)O,-5.4541,-7.334672
C[C@H](NC(=O)CNC(=O)[C@H](Cc1c[nH]c2ccccc12)[n+]1[c-]n2ccccc2c1)C(=O)O,-9.6504,-7.562296
C[C@H](NC(=O)CNC(=O)[C@H](Cc1ccccc1)[n+]1[c-]n2ccccc2c1)C(=O)O,-10.7731,-9.020308
C[C@H](NC(=O)C[n+]1[c-]n2ccccc2c1)C(=O)N[C@@H](CC(=O)O)C(=O)O,-9.4675,-11.320163
C[C@H](NC(=O)[C@@H](NC(=O)[C@H](CC(=O)O)[n+]1[c-]n2ccccc2c1)[C@@H](C)O)C(=O)O,-3.5336,-5.3176193
C[C@H](NC(=O)[C@@H](NC(=O)[C@H](CC(N)=O)[n+]1[c-]n2ccccc2c1)[C@@H](C)O)C(=O)O,-7.8386,-6.287109
C[C@H](NC(=O)[C@@H](NC(=O)[C@H](CCCNC(=N)N)[n+]1[c-]n2ccccc2c1)[C@@H](C)O)C(=O)O,0.6126,-3.3791764
C[C@H](NC(=O)[C@@H](NC(=O)[C@H](CS)[n+]1[c-]n2ccccc2c1)[C@@H](C)O)C(=O)O,-0.6552,-7.1832714
C[C@H](NC(=O)[C@@H](NC(=O)[C@H](Cc1ccc(O)cc1)[n+]1[c-]n2ccccc2c1)[C@@H](C)O)C(=O)O,-0.9439,-6.5999346
C[C@H](NC(=O)[C@@H](NC(=O)[C@H](Cc1ccccc1)[n+]1[c-]n2ccccc2c1)[C@@H](C)O)C(=O)O,-4.2381,-5.3819094
C[C@H](NC(=O)[C@@H]1CCCN1C(=O)C[n+]1[c-]n2ccccc2c1)C(=O)O,-11.8023,-11.50965
C[C@H](NC(=O)[C@@H]1CCCN1C(=O)[C@H](Cc1c[nH]cn1)[n+]1[c-]n2ccccc2c1)C(=O)O,-7.368,-8.319465
C[C@H](NC(=O)[C@H](C)NC(=O)[C@H](C)[n+]1[c-]n2ccccc2c1)C(=O)O,-4.4263,-4.06096
C[C@H](NC(=O)[C@H](C)NC(=O)[C@H](CCC(=O)O)[n+]1[c-]n2ccccc2c1)C(=O)O,-3.2756,-5.1199174
C[C@H](NC(=O)[C@H](C)NC(=O)[C@H](CS)[n+]1[c-]n2ccccc2c1)C(=O)O,-5.8216,-7.536747
C[C@H](NC(=O)[C@H](C)NC(=O)[C@H](Cc1c[nH]c2ccccc12)[n+]1[c-]n2ccccc2c1)C(=O)O,-2.1544,-4.7776976
C[C@H](NC(=O)[C@H](C)[n+]1[c-]n2ccccc2c1)C(=O)N1CCC[C@H]1C(=O)O,-7.4247,-4.0121784
C[C@H](NC(=O)[C@H](C)[n+]1[c-]n2ccccc2c1)C(=O)N[C@@H](CCC(=O)O)C(=O)O,-11.4305,-10.711664
C[C@H](NC(=O)[C@H](C)[n+]1[c-]n2ccccc2c1)C(=O)N[C@@H](Cc1ccccc1)C(=O)O,-4.9278,-10.954084
C[C@H](NC(=O)[C@H](C)[n+]1[c-]n2ccccc2c1)C(=O)O,-2.4374,-5.050822
C[C@H](NC(=O)[C@H](CC(=O)O)NC(=O)[C@H](CCCNC(=N)N)[n+]1[c-]n2ccccc2c1)C(=O)O,-4.3084,-11.232948
C[C@H](NC(=O)[C@H](CC(=O)O)NC(=O)[C@H](Cc1c[nH]cn1)[n+]1[c-]n2ccccc2c1)C(=O)O,-7.2318,-6.465005
C[C@H](NC(=O)[C@H](CC(=O)O)[n+]1[c-]n2ccccc2c1)C(=O)NCC(=O)O,-5.349,-6.0324564
C[C@H](NC(=O)[C@H](CC(=O)O)[n+]1[c-]n2ccccc2c1)C(=O)N[C@@H](CC(=O)O)C(=O)O,-3.7526,-6.7322
C[C@H](NC(=O)[C@H](CC(=O)O)[n+]1[c-]n2ccccc2c1)C(=O)N[C@@H](CCCNC(=N)N)C(=O)O,-10.6476,-12.479095
C[C@H](NC(=O)[C@H](CC(=O)O)[n+]1[c-]n2ccccc2c1)C(=O)N[C@@H](Cc1c[nH]c2ccccc12)C(=O)O,-9.5509,-8.346675
C[C@H](NC(=O)[C@H](CC(=O)O)[n+]1[c-]n2ccccc2c1)C(=O)N[C@@H](Cc1c[nH]cn1)C(=O)O,-6.793,-9.310741
C[C@H](NC(=O)[C@H](CC(N)=O)NC(=O)[C@H](CCC(=O)O)[n+]1[c-]n2ccccc2c1)C(=O)O,-9.8852,-7.8899403
C[C@H](NC(=O)[C@H](CC(N)=O)NC(=O)[C@H](CCCNC(=N)N)[n+]1[c-]n2ccccc2c1)C(=O)O,-4.9476,-8.594333
C[C@H](NC(=O)[C@H](CC(N)=O)NC(=O)[C@H](Cc1c[nH]c2ccccc12)[n+]1[c-]n2ccccc2c1)C(=O)O,-6.6183,-6.8101654
C[C@H](NC(=O)[C@H](CC(N)=O)NC(=O)[C@H]([C@@H](C)O)[n+]1[c-]n2ccccc2c1)C(=O)O,-1.7532,-7.7469945
C[C@H](NC(=O)[C@H](CC(N)=O)[n+]1[c-]n2ccccc2c1)C(=O)N[C@@H](CC(=O)O)C(=O)O,-6.3433,-9.005365
C[C@H](NC(=O)[C@H](CC(N)=O)[n+]1[c-]n2ccccc2c1)C(=O)N[C@@H](CCCNC(=N)N)C(=O)O,-14.4882,-7.9595175
C[C@H](NC(=O)[C@H](CC(N)=O)[n+]1[c-]n2ccccc2c1)C(=O)N[C@@H](CS)C(=O)O,-10.8848,-10.892433
C[C@H](NC(=O)[C@H](CC(N)=O)[n+]1[c-]n2ccccc2c1)C(=O)N[C@H](C(=O)O)[C@@H](C)O,-5.2142,-5.5091352
C[C@H](NC(=O)[C@H](CC(N)=O)[n+]1[c-]n2ccccc2c1)C(=O)O,-6.257,-5.5026217
C[C@H](NC(=O)[C@H](CCC(=O)O)NC(=O)C[n+]1[c-]n2ccccc2c1)C(=O)O,-9.0618,-10.359121
C[C@H](NC(=O)[C@H](CCC(=O)O)NC(=O)[C@H](CO)[n+]1[c-]n2ccccc2c1)C(=O)O,-8.8833,-8.228889
C[C@H](NC(=O)[C@H](CCC(=O)O)NC(=O)[C@H](CS)[n+]1[c-]n2ccccc2c1)C(=O)O,-5.6239,-8.674619
C[C@H](NC(=O)[C@H](CCC(=O)O)NC(=O)[C@H](Cc1ccc(O)cc1)[n+]1[c-]n2ccccc2c1)C(=O)O,-13.411,-9.951315
C[C@H](NC(=O)[C@H](CCC(=O)O)[n+]1[c-]n2ccccc2c1)C(=O)N[C@@H](CC(N)=O)C(=O)O,-11.5624,-9.788855
C[C@H](NC(=O)[C@H](CCC(=O)O)[n+]1[c-]n2ccccc2c1)C(=O)N[C@@H](CCC(N)=O)C(=O)O,-15.8376,-7.3409243
C[C@H](NC(=O)[C@H](CCC(=O)O)[n+]1[c-]n2ccccc2c1)C(=O)N[C@@H](CCCNC(=N)N)C(=O)O,3.1027,-8.991168
C[C@H](NC(=O)[C@H](CCC(=O)O)[n+]1[c-]n2ccccc2c1)C(=O)N[C@@H](Cc1c[nH]cn1)C(=O)O,-1.1857,-7.6850653
C[C@H](NC(=O)[C@H](CCC(=O)O)[n+]1[c-]n2ccccc2c1)C(=O)N[C@@H](Cc1ccc(O)cc1)C(=O)O,-6.3208,-7.766002
C[C@H](NC(=O)[C@H](CCC(N)=O)NC(=O)C[n+]1[c-]n2ccccc2c1)C(=O)O,-10.3661,-12.725456
C[C@H](NC(=O)[C@H](CCC(N)=O)NC(=O)[C@H](CC(=O)O)[n+]1[c-]n2ccccc2c1)C(=O)O,-7.3891,-8.237524
C[C@H](NC(=O)[C@H](CCC(N)=O)NC(=O)[C@H](Cc1ccccc1)[n+]1[c-]n2ccccc2c1)C(=O)O,-11.9428,-8.556537
C[C@H](NC(=O)[C@H](CCC(N)=O)[n+]1[c-]n2ccccc2c1)C(=O)N1CCC[C@H]1C(=O)O,-8.62,-6.546859
C[C@H](NC(=O)[C@H](CCC(N)=O)[n+]1[c-]n2ccccc2c1)C(=O)N[C@@H](CO)C(=O)O,-4.0716,-6.6566257
C[C@H](NC(=O)[C@H](CCCNC(=N)N)NC(=O)[C@H](CCCNC(=N)N)[n+]1[c-]n2ccccc2c1)C(=O)O,-5.0631,-9.525816
C[C@H](NC(=O)[C@H](CCCNC(=N)N)NC(=O)[C@H](CO)[n+]1[c-]n2ccccc2c1)C(=O)O,-8.4596,-7.0626917
C[C@H](NC(=O)[C@H](CCCNC(=N)N)NC(=O)[C@H](CS)[n+]1[c-]n2ccccc2c1)C(=O)O,-7.4421,-11.736613
C[C@H](NC(=O)[C@H](CCCNC(=N)N)[n+]1[c-]n2ccccc2c1)C(=O)N[C@@H](CC(=O)O)C(=O)O,-5.4152,-9.779089
C[C@H](NC(=O)[C@H](CCCNC(=N)N)[n+]1[c-]n2ccccc2c1)C(=O)N[C@@H](CC(N)=O)C(=O)O,-13.3425,-9.218056
C[C@H](NC(=O)[C@H](CCCNC(=N)N)[n+]1[c-]n2ccccc2c1)C(=O)N[C@@H](Cc1c[nH]cn1)C(=O)O,-5.637,-7.728306
C[C@H](NC(=O)[C@H](CCCNC(=N)N)[n+]1[c-]n2ccccc2c1)C(=O)N[C@H](C(=O)O)[C@@H](C)O,-4.8237,-4.16506
C[C@H](NC(=O)[C@H](CO)NC(=O)[C@H](Cc1ccccc1)[n+]1[c-]n2ccccc2c1)C(=O)O,-8.3115,-5.6386995
C[C@H](NC(=O)[C@H](CO)NC(=O)[C@H]([C@@H](C)O)[n+]1[c-]n2ccccc2c1)C(=O)O,-7.8884,-7.734581
C[C@H](NC(=O)[C@H](CO)[n+]1[c-]n2ccccc2c1)C(=O)NCC(=O)O,-10.8004,-8.970058
C[C@H](NC(=O)[C@H](CO)[n+]1[c-]n2ccccc2c1)C(=O)N[C@@H](CCCNC(=N)N)C(=O)O,-11.2454,-11.595266
C[C@H](NC(=O)[C@H](CO)[n+]1[c-]n2ccccc2c1)C(=O)N[C@@H](CS)C(=O)O,-10.5378,-8.479867
C[C@H](NC(=O)[C@H](CO)[n+]1[c-]n2ccccc2c1)C(=O)N[C@@H](Cc1ccc(O)cc1)C(=O)O,-8.3321,-7.827156
C[C@H](NC(=O)[C@H](CO)[n+]1[c-]n2ccccc2c1)C(=O)N[C@@H](Cc1ccccc1)C(=O)O,-5.5603,-7.0366096
C[C@H](NC(=O)[C@H](CO)[n+]1[c-]n2ccccc2c1)C(=O)N[C@H](C(=O)O)[C@@H](C)O,-5.0486,-6.354156
C[C@H](NC(=O)[C@H](CS)NC(=O)[C@H](CC(=O)O)[n+]1[c-]n2ccccc2c1)C(=O)O,-4.9856,-8.181339
C[C@H](NC(=O)[C@H](CS)NC(=O)[C@H](CC(N)=O)[n+]1[c-]n2ccccc2c1)C(=O)O,-9.305,-9.094133
C[C@H](NC(=O)[C@H](CS)NC(=O)[C@H](CO)[n+]1[c-]n2ccccc2c1)C(=O)O,-7.086,-5.727037
C[C@H](NC(=O)[C@H](CS)[n+]1[c-]n2ccccc2c1)C(=O)NCC(=O)O,3.9125,-5.221753
C[C@H](NC(=O)[C@H](CS)[n+]1[c-]n2ccccc2c1)C(=O)N[C@@H](CC(=O)O)C(=O)O,-1.0425,-5.540242
C[C@H](NC(=O)[C@H](CS)[n+]1[c-]n2ccccc2c1)C(=O)N[C@@H](CC(N)=O)C(=O)O,-10.6355,-7.77901
C[C@H](NC(=O)[C@H](Cc1c[nH]c2ccccc12)NC(=O)[C@H](CC(=O)O)[n+]1[c-]n2ccccc2c1)C(=O)O,-5.0055,-7.325469
C[C@H](NC(=O)[C@H](Cc1c[nH]c2ccccc12)NC(=O)[C@H](CCC(=O)O)[n+]1[c-]n2ccccc2c1)C(=O)O,-5.7653,-6.4896584
C[C@H](NC(=O)[C@H](Cc1c[nH]c2ccccc12)[n+]1[c-]n2ccccc2c1)C(=O)N1CCC[C@H]1C(=O)O,-2.3869,-5.167488
C[C@H](NC(=O)[C@H](Cc1c[nH]c2ccccc12)[n+]1[c-]n2ccccc2c1)C(=O)N[C@@H](Cc1ccccc1)C(=O)O,-6.1864,-4.247718
C[C@H](NC(=O)[C@H](Cc1c[nH]c2ccccc12)[n+]1[c-]n2ccccc2c1)C(=O)O,-3.075,-7.1270046
C[C@H](NC(=O)[C@H](Cc1c[nH]cn1)NC(=O)[C@H](C)[n+]1[c-]n2ccccc2c1)C(=O)O,-5.5216,-5.554838
C[C@H](NC(=O)[C@H](Cc1c[nH]cn1)NC(=O)[C@H](CC(=O)O)[n+]1[c-]n2ccccc2c1)C(=O)O,-10.68,-8.950836
C[C@H](NC(=O)[C@H](Cc1c[nH]cn1)[n+]1[c-]n2ccccc2c1)C(=O)N1CCC[C@H]1C(=O)O,-11.8515,-8.630772
C[C@H](NC(=O)[C@H](Cc1c[nH]cn1)[n+]1[c-]n2ccccc2c1)C(=O)N[C@@H](CCC(N)=O)C(=O)O,-7.7935,-7.455256
C[C@H](NC(=O)[C@H](Cc1c[nH]cn1)[n+]1[c-]n2ccccc2c1)C(=O)N[C@@H](CO)C(=O)O,-5.1133,-8.06352
C[C@H](NC(=O)[C@H](Cc1c[nH]cn1)[n+]1[c-]n2ccccc2c1)C(=O)O,-6.3515,-7.9503336
C[C@H](NC(=O)[C@H](Cc1ccc(O)cc1)NC(=O)[C@H](C)[n+]1[c-]n2ccccc2c1)C(=O)O,-3.6755,-4.1271048
C[C@H](NC(=O)[C@H](Cc1ccc(O)cc1)NC(=O)[C@H](CCCNC(=N)N)[n+]1[c-]n2ccccc2c1)C(=O)O,-7.8372,-5.4492083
C[C@H](NC(=O)[C@H](Cc1ccc(O)cc1)NC(=O)[C@H](Cc1ccc(O)cc1)[n+]1[c-]n2ccccc2c1)C(=O)O,-10.8734,-7.3361025
C[C@H](NC(=O)[C@H](Cc1ccc(O)cc1)NC(=O)[C@H](Cc1ccccc1)[n+]1[c-]n2ccccc2c1)C(=O)O,-9.0508,-4.7270794
C[C@H](NC(=O)[C@H](Cc1ccc(O)cc1)[n+]1[c-]n2ccccc2c1)C(=O)N1CCC[C@H]1C(=O)O,-9.4463,-5.207157
C[C@H](NC(=O)[C@H](Cc1ccc(O)cc1)[n+]1[c-]n2ccccc2c1)C(=O)N[C@@H](CC(N)=O)C(=O)O,-10.368,-8.113306
C[C@H](NC(=O)[C@H](Cc1ccc(O)cc1)[n+]1[c-]n2ccccc2c1)C(=O)N[C@@H](CCC(N)=O)C(=O)O,-3.2542,-6.575279
C[C@H](NC(=O)[C@H](Cc1ccc(O)cc1)[n+]1[c-]n2ccccc2c1)C(=O)N[C@@H](Cc1c[nH]cn1)C(=O)O,-8.853,-4.830593
C[C@H](NC(=O)[C@H](Cc1ccc(O)cc1)[n+]1[c-]n2ccccc2c1)C(=O)O,-4.5769,-6.202979
C[C@H](NC(=O)[C@H](Cc1ccccc1)NC(=O)[C@H](CC(N)=O)[n+]1[c-]n2ccccc2c1)C(=O)O,-6.3826,-7.3919945
C[C@H](NC(=O)[C@H](Cc1ccccc1)NC(=O)[C@H](Cc1c[nH]cn1)[n+]1[c-]n2ccccc2c1)C(=O)O,-9.3484,-5.8935595
C[C@H](NC(=O)[C@H](Cc1ccccc1)[n+]1[c-]n2ccccc2c1)C(=O)N[C@@H](CC(=O)O)C(=O)O,-11.0649,-8.290682
C[C@H](NC(=O)[C@H](Cc1ccccc1)[n+]1[c-]n2ccccc2c1)C(=O)N[C@@H](CC(N)=O)C(=O)O,-11.9413,-6.701995
C[C@H](NC(=O)[C@H](Cc1ccccc1)[n+]1[c-]n2ccccc2c1)C(=O)N[C@@H](CCC(=O)O)C(=O)O,-13.448,-11.183719
C[C@H](NC(=O)[C@H](Cc1ccccc1)[n+]1[c-]n2ccccc2c1)C(=O)N[C@@H](Cc1ccc(O)cc1)C(=O)O,-12.7519,-12.204384
C[C@H](NC(=O)[C@H](Cc1ccccc1)[n+]1[c-]n2ccccc2c1)C(=O)N[C@@H](Cc1ccccc1)C(=O)O,-5.7187,-9.045084
C[C@H](NC(=O)[C@H]([C@@H](C)O)[n+]1[c-]n2ccccc2c1)C(=O)N[C@@H](CO)C(=O)O,-8.4815,-8.051548
N=C(N)NCCC[C@@H](C(=O)N1CCC[C@H]1C(=O)N[C@@H](CO)C(=O)O)[n+]1[c-]n2ccccc2c1,-2.3087,-7.0630903
N=C(N)NCCC[C@@H](C(=O)N1CCC[C@H]1C(=O)N[C@@H](Cc1c[nH]cn1)C(=O)O)[n+]1[c-]n2ccccc2c1,-8.9136,-4.1973314
N=C(N)NCCC[C@@H](C(=O)N1CCC[C@H]1C(=O)N[C@@H](Cc1ccc(O)cc1)C(=O)O)[n+]1[c-]n2ccccc2c1,1.7798,-6.622061
N=C(N)NCCC[C@@H](C(=O)NCC(=O)N[C@@H](CC(N)=O)C(=O)O)[n+]1[c-]n2ccccc2c1,-10.0677,-8.49592
N=C(N)NCCC[C@@H](C(=O)NCC(=O)N[C@@H](CCC(=O)O)C(=O)O)[n+]1[c-]n2ccccc2c1,-4.3304,-9.024607
N=C(N)NCCC[C@@H](C(=O)N[C@@H](CC(=O)O)C(=O)N[C@@H](CC(N)=O)C(=O)O)[n+]1[c-]n2ccccc2c1,-18.39,-12.301237
N=C(N)NCCC[C@@H](C(=O)N[C@@H](CC(=O)O)C(=O)N[C@@H](CCC(N)=O)C(=O)O)[n+]1[c-]n2ccccc2c1,-1.4964,-8.312829
N=C(N)NCCC[C@@H](C(=O)N[C@@H](CC(=O)O)C(=O)N[C@@H](Cc1c[nH]cn1)C(=O)O)[n+]1[c-]n2ccccc2c1,-8.6,-7.7629833
N=C(N)NCCC[C@@H](C(=O)N[C@@H](CC(N)=O)C(=O)NCC(=O)O)[n+]1[c-]n2ccccc2c1,-8.4119,-6.0315166
N=C(N)NCCC[C@@H](C(=O)N[C@@H](CC(N)=O)C(=O)N[C@@H](CCC(=O)O)C(=O)O)[n+]1[c-]n2ccccc2c1,-14.049,-11.449087
N=C(N)NCCC[C@@H](C(=O)N[C@@H](CCC(=O)O)C(=O)N[C@@H](CC(N)=O)C(=O)O)[n+]1[c-]n2ccccc2c1,-12.3065,-7.19646
N=C(N)NCCC[C@@H](C(=O)N[C@@H](CCC(=O)O)C(=O)N[C@@H](CO)C(=O)O)[n+]1[c-]n2ccccc2c1,-0.1416,-4.4867263
N=C(N)NCCC[C@@H](C(=O)N[C@@H](CCC(=O)O)C(=O)N[C@@H](CS)C(=O)O)[n+]1[c-]n2ccccc2c1,-12.5706,-10.786174
N=C(N)NCCC[C@@H](C(=O)N[C@@H](CCC(=O)O)C(=O)N[C@@H](Cc1c[nH]c2ccccc12)C(=O)O)[n+]1[c-]n2ccccc2c1,-11.8994,-8.591854
N=C(N)NCCC[C@@H](C(=O)N[C@@H](CCC(=O)O)C(=O)O)[n+]1[c-]n2ccccc2c1,-9.482,-7.619359
N=C(N)NCCC[C@@H](C(=O)N[C@@H](CCC(N)=O)C(=O)N[C@@H](CCC(N)=O)C(=O)O)[n+]1[c-]n2ccccc2c1,-24.2732,-9.702665
N=C(N)NCCC[C@@H](C(=O)N[C@@H](CCC(N)=O)C(=O)N[C@@H](Cc1c[nH]c2ccccc12)C(=O)O)[n+]1[c-]n2ccccc2c1,-18.909,-9.838502
N=C(N)NCCC[C@@H](C(=O)N[C@@H](CCC(N)=O)C(=O)N[C@@H](Cc1ccc(O)cc1)C(=O)O)[n+]1[c-]n2ccccc2c1,-14.1602,-10.739706
N=C(N)NCCC[C@@H](C(=O)N[C@@H](CCC(N)=O)C(=O)O)[n+]1[c-]n2ccccc2c1,-16.5078,-9.858043
N=C(N)NCCC[C@@H](C(=O)N[C@@H](CO)C(=O)N[C@@H](CC(=O)O)C(=O)O)[n+]1[c-]n2ccccc2c1,-5.1967,-7.204356
N=C(N)NCCC[C@@H](C(=O)N[C@@H](CO)C(=O)N[C@@H](CO)C(=O)O)[n+]1[c-]n2ccccc2c1,-0.257,-9.645622
N=C(N)NCCC[C@@H](C(=O)N[C@@H](CS)C(=O)N1CCC[C@H]1C(=O)O)[n+]1[c-]n2ccccc2c1,-7.4108,-8.355803
N=C(N)NCCC[C@@H](C(=O)N[C@@H](CS)C(=O)NCC(=O)O)[n+]1[c-]n2ccccc2c1,-5.9203,-6.6547375
N=C(N)NCCC[C@@H](C(=O)N[C@@H](CS)C(=O)N[C@@H](CC(N)=O)C(=O)O)[n+]1[c-]n2ccccc2c1,-16.7114,-12.333109
N=C(N)NCCC[C@@H](C(=O)N[C@@H](Cc1c[nH]c2ccccc12)C(=O)N1CCC[C@H]1C(=O)O)[n+]1[c-]n2ccccc2c1,-18.6748,-11.034548
N=C(N)NCCC[C@@H](C(=O)N[C@@H](Cc1c[nH]c2ccccc12)C(=O)N[C@@H](CC(=O)O)C(=O)O)[n+]1[c-]n2ccccc2c1,-9.3786,-7.949095
N=C(N)NCCC[C@@H](C(=O)N[C@@H](Cc1c[nH]c2ccccc12)C(=O)N[C@@H](CCC(N)=O)C(=O)O)[n+]1[c-]n2ccccc2c1,-13.523,-10.837286
N=C(N)NCCC[C@@H](C(=O)N[C@@H](Cc1c[nH]c2ccccc12)C(=O)N[C@@H](Cc1c[nH]c2ccccc12)C(=O)O)[n+]1[c-]n2ccccc2c1,-12.8639,-14.8915
N=C(N)NCCC[C@@H](C(=O)N[C@@H](Cc1c[nH]c2ccccc12)C(=O)N[C@@H](Cc1c[nH]cn1)C(=O)O)[n+]1[c-]n2ccccc2c1,-18.6688,-14.580531
N=C(N)NCCC[C@@H](C(=O)N[C@@H](Cc1c[nH]cn1)C(=O)N[C@@H](CCC(N)=O)C(=O)O)[n+]1[c-]n2ccccc2c1,-13.3668,-10.603536
N=C(N)NCCC[C@@H](C(=O)N[C@@H](Cc1ccc(O)cc1)C(=O)N[C@@H](CCC(N)=O)C(=O)O)[n+]1[c-]n2ccccc2c1,-23.5049,-9.578634
N=C(N)NCCC[C@@H](C(=O)N[C@@H](Cc1ccc(O)cc1)C(=O)N[C@@H](Cc1ccc(O)cc1)C(=O)O)[n+]1[c-]n2ccccc2c1,-5.2794,-12.51877
N=C(N)NCCC[C@@H](C(=O)N[C@@H](Cc1ccc(O)cc1)C(=O)N[C@@H](Cc1ccccc1)C(=O)O)[n+]1[c-]n2ccccc2c1,-11.7331,-7.357154
N=C(N)NCCC[C@@H](C(=O)N[C@@H](Cc1ccc(O)cc1)C(=O)O)[n+]1[c-]n2ccccc2c1,-9.9289,-9.473494
N=C(N)NCCC[C@@H](C(=O)N[C@@H](Cc1ccccc1)C(=O)NCC(=O)O)[n+]1[c-]n2ccccc2c1,-6.2309,-7.248641
N=C(N)NCCC[C@@H](C(=O)N[C@@H](Cc1ccccc1)C(=O)N[C@@H](CO)C(=O)O)[n+]1[c-]n2ccccc2c1,-11.8901,-8.637663
N=C(N)NCCC[C@H](NC(=O)CNC(=O)[C@H](CCC(=O)O)[n+]1[c-]n2ccccc2c1)C(=O)O,-7.011,-9.387556
N=C(N)NCCC[C@H](NC(=O)CNC(=O)[C@H](CO)[n+]1[c-]n2ccccc2c1)C(=O)O,-9.308,-12.274727
N=C(N)NCCC[C@H](NC(=O)[C@@H]1CCCN1C(=O)[C@H](CC(=O)O)[n+]1[c-]n2ccccc2c1)C(=O)O,-6.8635,-7.4485264
N=C(N)NCCC[C@H](NC(=O)[C@@H]1CCCN1C(=O)[C@H](Cc1c[nH]c2ccccc12)[n+]1[c-]n2ccccc2c1)C(=O)O,-5.758,-9.623998
N=C(N)NCCC[C@H](NC(=O)[C@@H]1CCCN1C(=O)[C@H](Cc1c[nH]cn1)[n+]1[c-]n2ccccc2c1)C(=O)O,-7.3557,-8.433542
N=C(N)NCCC[C@H](NC(=O)[C@@H]1CCCN1C(=O)[C@H](Cc1ccccc1)[n+]1[c-]n2ccccc2c1)C(=O)O,-14.2627,-12.738859
N=C(N)NCCC[C@H](NC(=O)[C@H](CC(=O)O)NC(=O)[C@H](CCCNC(=N)N)[n+]1[c-]n2ccccc2c1)C(=O)O,-9.2291,-11.041378
N=C(N)NCCC[C@H](NC(=O)[C@H](CC(=O)O)NC(=O)[C@H](CS)[n+]1[c-]n2ccccc2c1)C(=O)O,-3.2993,-11.093342
N=C(N)NCCC[C@H](NC(=O)[C@H](CC(=O)O)NC(=O)[C@H](Cc1c[nH]c2ccccc12)[n+]1[c-]n2ccccc2c1)C(=O)O,-3.7686,-8.285765
N=C(N)NCCC[C@H](NC(=O)[C@H](CC(=O)O)NC(=O)[C@H](Cc1ccc(O)cc1)[n+]1[c-]n2ccccc2c1)C(=O)O,-6.1099,-10.109186
N=C(N)NCCC[C@H](NC(=O)[C@H](CC(=O)O)[n+]1[c-]n2ccccc2c1)C(=O)N[C@@H](CC(=O)O)C(=O)O,-7.4318,-9.003135
N=C(N)NCCC[C@H](NC(=O)[C@H](CC(=O)O)[n+]1[c-]n2ccccc2c1)C(=O)N[C@@H](CS)C(=O)O,-7.566,-10.261173
N=C(N)NCCC[C@H](NC(=O)[C@H](CC(N)=O)[n+]1[c-]n2ccccc2c1)C(=O)N[C@@H](CC(=O)O)C(=O)O,-4.1904,-9.48443
N=C(N)NCCC[C@H](NC(=O)[C@H](CC(N)=O)[n+]1[c-]n2ccccc2c1)C(=O)N[C@@H](CCC(N)=O)C(=O)O,-13.0587,-12.185862
N=C(N)NCCC[C@H](NC(=O)[C@H](CC(N)=O)[n+]1[c-]n2ccccc2c1)C(=O)N[C@@H](CO)C(=O)O,-8.2429,-5.807143
N=C(N)NCCC[C@H](NC(=O)[C@H](CC(N)=O)[n+]1[c-]n2ccccc2c1)C(=O)N[C@@H](CS)C(=O)O,-12.9653,-11.927332
N=C(N)NCCC[C@H](NC(=O)[C@H](CC(N)=O)[n+]1[c-]n2ccccc2c1)C(=O)N[C@@H](Cc1ccccc1)C(=O)O,-12.7162,-12.184303
N=C(N)NCCC[C@H](NC(=O)[C@H](CC(N)=O)[n+]1[c-]n2ccccc2c1)C(=O)O,-3.7908,-7.897415
N=C(N)NCCC[C@H](NC(=O)[C@H](CCC(=O)O)NC(=O)C[n+]1[c-]n2ccccc2c1)C(=O)O,-21.5253,-12.52988
N=C(N)NCCC[C@H](NC(=O)[C@H](CCC(=O)O)NC(=O)[C@H](Cc1ccc(O)cc1)[n+]1[c-]n2ccccc2c1)C(=O)O,-10.5881,-9.032814
N=C(N)NCCC[C@H](NC(=O)[C@H](CCC(=O)O)[n+]1[c-]n2ccccc2c1)C(=O)N1CCC[C@H]1C(=O)O,-12.4397,-17.308428
N=C(N)NCCC[C@H](NC(=O)[C@H](CCC(=O)O)[n+]1[c-]n2ccccc2c1)C(=O)N[C@@H](CCC(=O)O)C(=O)O,-10.5399,-6.723529
N=C(N)NCCC[C@H](NC(=O)[C@H](CCC(N)=O)NC(=O)[C@H](Cc1c[nH]cn1)[n+]1[c-]n2ccccc2c1)C(=O)O,-18.1555,-20.249546
N=C(N)NCCC[C@H](NC(=O)[C@H](CCC(N)=O)[n+]1[c-]n2ccccc2c1)C(=O)NCC(=O)O,-14.3865,-10.181015
N=C(N)NCCC[C@H](NC(=O)[C@H](CCC(N)=O)[n+]1[c-]n2ccccc2c1)C(=O)N[C@@H](Cc1c[nH]c2ccccc12)C(=O)O,-14.6488,-11.225069
N=C(N)NCCC[C@H](NC(=O)[C@H](CCC(N)=O)[n+]1[c-]n2ccccc2c1)C(=O)N[C@@H](Cc1ccc(O)cc1)C(=O)O,-4.292,-8.439329
N=C(N)NCCC[C@H](NC(=O)[C@H](CCCNC(=N)N)[n+]1[c-]n2ccccc2c1)C(=O)NCC(=O)O,-13.2999,-10.515552
N=C(N)NCCC[C@H](NC(=O)[C@H](CCCNC(=N)N)[n+]1[c-]n2ccccc2c1)C(=O)N[C@@H](CCC(=O)O)C(=O)O,-8.8981,-10.161562
N=C(N)NCCC[C@H](NC(=O)[C@H](CO)NC(=O)[C@H](CCC(=O)O)[n+]1[c-]n2ccccc2c1)C(=O)O,-6.9313,-9.161654
N=C(N)NCCC[C@H](NC(=O)[C@H](CO)NC(=O)[C@H](CCC(N)=O)[n+]1[c-]n2ccccc2c1)C(=O)O,-5.0187,-6.6640024
N=C(N)NCCC[C@H](NC(=O)[C@H](CO)NC(=O)[C@H](Cc1c[nH]c2ccccc12)[n+]1[c-]n2ccccc2c1)C(=O)O,-10.4941,-11.200438
N=C(N)NCCC[C@H](NC(=O)[C@H](CO)[n+]1[c-]n2ccccc2c1)C(=O)N1CCC[C@H]1C(=O)O,-7.1777,-7.4888067
N=C(N)NCCC[C@H](NC(=O)[C@H](CO)[n+]1[c-]n2ccccc2c1)C(=O)N[C@@H](CC(N)=O)C(=O)O,-21.2141,-15.746645
N=C(N)NCCC[C@H](NC(=O)[C@H](CS)NC(=O)[C@H](CCCNC(=N)N)[n+]1[c-]n2ccccc2c1)C(=O)O,-7.3365,-8.581094
N=C(N)NCCC[C@H](NC(=O)[C@H](CS)NC(=O)[C@H](CS)[n+]1[c-]n2ccccc2c1)C(=O)O,-7.6355,-8.422877
N=C(N)NCCC[C@H](NC(=O)[C@H](CS)NC(=O)[C@H](Cc1c[nH]c2ccccc12)[n+]1[c-]n2ccccc2c1)C(=O)O,-16.2515,-12.0634365
N=C(N)NCCC[C@H](NC(=O)[C@H](CS)NC(=O)[C@H](Cc1ccc(O)cc1)[n+]1[c-]n2ccccc2c1)C(=O)O,-13.4664,-9.438911
N=C(N)NCCC[C@H](NC(=O)[C@H](CS)[n+]1[c-]n2ccccc2c1)C(=O)NCC(=O)O,-3.9807,-8.402974
N=C(N)NCCC[C@H](NC(=O)[C@H](CS)[n+]1[c-]n2ccccc2c1)C(=O)N[C@@H](Cc1c[nH]cn1)C(=O)O,-9.8598,-9.70211
N=C(N)NCCC[C@H](NC(=O)[C@H](Cc1c[nH]c2ccccc12)NC(=O)[C@H](CCCNC(=N)N)[n+]1[c-]n2ccccc2c1)C(=O)O,-7.8658,-10.002779
N=C(N)NCCC[C@H](NC(=O)[C@H](Cc1c[nH]c2ccccc12)NC(=O)[C@H](CS)[n+]1[c-]n2ccccc2c1)C(=O)O,-12.2116,-9.860988
N=C(N)NCCC[C@H](NC(=O)[C@H](Cc1c[nH]c2ccccc12)[n+]1[c-]n2ccccc2c1)C(=O)N[C@@H](Cc1ccccc1)C(=O)O,-7.6911,-8.517588
N=C(N)NCCC[C@H](NC(=O)[C@H](Cc1c[nH]cn1)NC(=O)[C@H](CCC(=O)O)[n+]1[c-]n2ccccc2c1)C(=O)O,-4.8356,-10.592791
N=C(N)NCCC[C@H](NC(=O)[C@H](Cc1c[nH]cn1)NC(=O)[C@H](CCCNC(=N)N)[n+]1[c-]n2ccccc2c1)C(=O)O,-12.4144,-10.741447
N=C(N)NCCC[C@H](NC(=O)[C@H](Cc1c[nH]cn1)NC(=O)[C@H](CS)[n+]1[c-]n2ccccc2c1)C(=O)O,-9.3693,-9.967652
N=C(N)NCCC[C@H](NC(=O)[C@H](Cc1c[nH]cn1)NC(=O)[C@H](Cc1c[nH]c2ccccc12)[n+]1[c-]n2ccccc2c1)C(=O)O,-12.126,-10.907201
N=C(N)NCCC[C@H](NC(=O)[C@H](Cc1c[nH]cn1)NC(=O)[C@H](Cc1ccc(O)cc1)[n+]1[c-]n2ccccc2c1)C(=O)O,-9.4702,-11.281997
N=C(N)NCCC[C@H](NC(=O)[C@H](Cc1c[nH]cn1)[n+]1[c-]n2ccccc2c1)C(=O)N[C@@H](CCC(N)=O)C(=O)O,-5.0974,-11.585602
N=C(N)NCCC[C@H](NC(=O)[C@H](Cc1ccc(O)cc1)NC(=O)[C@H](CCC(=O)O)[n+]1[c-]n2ccccc2c1)C(=O)O,-4.4158,-11.05142
N=C(N)NCCC[C@H](NC(=O)[C@H](Cc1ccc(O)cc1)NC(=O)[C@H](CS)[n+]1[c-]n2ccccc2c1)C(=O)O,-7.4342,-9.9792595
N=C(N)NCCC[C@H](NC(=O)[C@H](Cc1ccc(O)cc1)NC(=O)[C@H](Cc1ccccc1)[n+]1[c-]n2ccccc2c1)C(=O)O,-16.1063,-9.643264
N=C(N)NCCC[C@H](NC(=O)[C@H](Cc1ccc(O)cc1)[n+]1[c-]n2ccccc2c1)C(=O)N[C@@H](CC(N)=O)C(=O)O,-8.4108,-11.121601
N=C(N)NCCC[C@H](NC(=O)[C@H](Cc1ccc(O)cc1)[n+]1[c-]n2ccccc2c1)C(=O)N[C@@H](CO)C(=O)O,-9.4224,-10.1231785
N=C(N)NCCC[C@H](NC(=O)[C@H](Cc1ccc(O)cc1)[n+]1[c-]n2ccccc2c1)C(=O)N[C@@H](Cc1c[nH]cn1)C(=O)O,-6.1427,-9.436413
N=C(N)NCCC[C@H](NC(=O)[C@H](Cc1ccc(O)cc1)[n+]1[c-]n2ccccc2c1)C(=O)O,-10.754,-7.9504666
N=C(N)NCCC[C@H](NC(=O)[C@H](Cc1ccccc1)NC(=O)C[n+]1[c-]n2ccccc2c1)C(=O)O,-11.791,-12.773083
N=C(N)NCCC[C@H](NC(=O)[C@H](Cc1ccccc1)NC(=O)[C@H](CO)[n+]1[c-]n2ccccc2c1)C(=O)O,-9.6426,-7.8035765
N=C(N)NCCC[C@H](NC(=O)[C@H](Cc1ccccc1)NC(=O)[C@H](Cc1ccccc1)[n+]1[c-]n2ccccc2c1)C(=O)O,-17.8559,-11.561045
NC(=O)CC[C@@H](C(=O)N1CCC[C@H]1C(=O)N[C@@H](CO)C(=O)O)[n+]1[c-]n2ccccc2c1,-3.5339,-9.21031
NC(=O)CC[C@@H](C(=O)N1CCC[C@H]1C(=O)N[C@@H](Cc1c[nH]cn1)C(=O)O)[n+]1[c-]n2ccccc2c1,-6.1833,-7.7421045
NC(=O)CC[C@@H](C(=O)N1CCC[C@H]1C(=O)N[C@@H](Cc1ccccc1)C(=O)O)[n+]1[c-]n2ccccc2c1,-8.4608,-8.765438
NC(=O)CC[C@@H](C(=O)NCC(=O)NCC(=O)O)[n+]1[c-]n2ccccc2c1,-4.1557,-8.437503
NC(=O)CC[C@@H](C(=O)NCC(=O)N[C@@H](CO)C(=O)O)[n+]1[c-]n2ccccc2c1,-6.3604,-6.9853077
NC(=O)CC[C@@H](C(=O)N[C@@H](CC(=O)O)C(=O)N[C@@H](CC(=O)O)C(=O)O)[n+]1[c-]n2ccccc2c1,-13.3843,-12.01571
NC(=O)CC[C@@H](C(=O)N[C@@H](CC(=O)O)C(=O)N[C@@H](Cc1ccc(O)cc1)C(=O)O)[n+]1[c-]n2ccccc2c1,-6.793,-9.6842
NC(=O)CC[C@@H](C(=O)N[C@@H](CC(N)=O)C(=O)N[C@@H](CO)C(=O)O)[n+]1[c-]n2ccccc2c1,-10.2858,-9.630611
NC(=O)CC[C@@H](C(=O)N[C@@H](CC(N)=O)C(=O)N[C@@H](Cc1c[nH]cn1)C(=O)O)[n+]1[c-]n2ccccc2c1,-6.5222,-7.897686
NC(=O)CC[C@@H](C(=O)N[C@@H](CCC(=O)O)C(=O)N[C@@H](CC(N)=O)C(=O)O)[n+]1[c-]n2ccccc2c1,-13.5962,-10.158127
NC(=O)CC[C@@H](C(=O)N[C@@H](CCC(=O)O)C(=O)N[C@@H](CO)C(=O)O)[n+]1[c-]n2ccccc2c1,-14.9908,-11.669753
NC(=O)CC[C@@H](C(=O)N[C@@H](CCC(=O)O)C(=O)N[C@@H](Cc1c[nH]cn1)C(=O)O)[n+]1[c-]n2ccccc2c1,-7.6112,-10.64561
NC(=O)CC[C@@H](C(=O)N[C@@H](CO)C(=O)N[C@@H](CC(N)=O)C(=O)O)[n+]1[c-]n2ccccc2c1,-12.0263,-11.708017
NC(=O)CC[C@@H](C(=O)N[C@@H](CO)C(=O)N[C@@H](CS)C(=O)O)[n+]1[c-]n2ccccc2c1,-7.6623,-6.6780562
NC(=O)CC[C@@H](C(=O)N[C@@H](CO)C(=O)N[C@@H](Cc1ccc(O)cc1)C(=O)O)[n+]1[c-]n2ccccc2c1,-5.6028,-9.263913
NC(=O)CC[C@@H](C(=O)N[C@@H](CS)C(=O)N[C@@H](CC(=O)O)C(=O)O)[n+]1[c-]n2ccccc2c1,-17.1654,-10.031608
NC(=O)CC[C@@H](C(=O)N[C@@H](CS)C(=O)N[C@@H](CO)C(=O)O)[n+]1[c-]n2ccccc2c1,-2.2474,-7.271002
NC(=O)CC[C@@H](C(=O)N[C@@H](CS)C(=O)N[C@@H](CS)C(=O)O)[n+]1[c-]n2ccccc2c1,-4.818,-9.122597
NC(=O)CC[C@@H](C(=O)N[C@@H](CS)C(=O)N[C@@H](Cc1c[nH]cn1)C(=O)O)[n+]1[c-]n2ccccc2c1,-8.2195,-9.7512865
NC(=O)CC[C@@H](C(=O)N[C@@H](Cc1c[nH]c2ccccc12)C(=O)N[C@@H](CC(=O)O)C(=O)O)[n+]1[c-]n2ccccc2c1,-14.0661,-11.841293
NC(=O)CC[C@@H](C(=O)N[C@@H](Cc1c[nH]c2ccccc12)C(=O)N[C@@H](CO)C(=O)O)[n+]1[c-]n2ccccc2c1,-11.2546,-10.140326
NC(=O)CC[C@@H](C(=O)N[C@@H](Cc1c[nH]cn1)C(=O)N[C@@H](CC(=O)O)C(=O)O)[n+]1[c-]n2ccccc2c1,-9.4391,-10.276788
NC(=O)CC[C@@H](C(=O)N[C@@H](Cc1c[nH]cn1)C(=O)N[C@@H](CCC(=O)O)C(=O)O)[n+]1[c-]n2ccccc2c1,-25.4093,-20.888298
NC(=O)CC[C@@H](C(=O)N[C@@H](Cc1ccc(O)cc1)C(=O)N1CCC[C@H]1C(=O)O)[n+]1[c-]n2ccccc2c1,-6.3317,-9.288589
NC(=O)CC[C@@H](C(=O)N[C@@H](Cc1ccc(O)cc1)C(=O)N[C@@H](CC(N)=O)C(=O)O)[n+]1[c-]n2ccccc2c1,-7.0182,-10.34045
NC(=O)CC[C@@H](C(=O)N[C@@H](Cc1ccc(O)cc1)C(=O)N[C@@H](CS)C(=O)O)[n+]1[c-]n2ccccc2c1,-12.8354,-10.302911
NC(=O)CC[C@H](NC(=O)CNC(=O)[C@H](Cc1ccccc1)[n+]1[c-]n2ccccc2c1)C(=O)O,-14.1344,-10.5870285
NC(=O)CC[C@H](NC(=O)C[n+]1[c-]n2ccccc2c1)C(=O)N[C@@H](Cc1ccccc1)C(=O)O,-17.7248,-12.010366
NC(=O)CC[C@H](NC(=O)C[n+]1[c-]n2ccccc2c1)C(=O)O,-13.565,-12.207059
NC(=O)CC[C@H](NC(=O)[C@@H]1CCCN1C(=O)[C@H](CC(=O)O)[n+]1[c-]n2ccccc2c1)C(=O)O,-10.6815,-6.0976057
NC(=O)CC[C@H](NC(=O)[C@@H]1CCCN1C(=O)[C@H](CC(N)=O)[n+]1[c-]n2ccccc2c1)C(=O)O,-4.7379,-4.569628
NC(=O)CC[C@H](NC(=O)[C@@H]1CCCN1C(=O)[C@H](Cc1c[nH]cn1)[n+]1[c-]n2ccccc2c1)C(=O)O,-8.3649,-7.425724
NC(=O)CC[C@H](NC(=O)[C@H](CC(=O)O)NC(=O)C[n+]1[c-]n2ccccc2c1)C(=O)O,-19.6505,-14.038906
NC(=O)CC[C@H](NC(=O)[C@H](CC(=O)O)NC(=O)[C@H](CC(=O)O)[n+]1[c-]n2ccccc2c1)C(=O)O,-13.3112,-19.027111
NC(=O)CC[C@H](NC(=O)[C@H](CC(=O)O)[n+]1[c-]n2ccccc2c1)C(=O)NCC(=O)O,-10.1887,-9.914505
NC(=O)CC[C@H](NC(=O)[C@H](CC(N)=O)NC(=O)C[n+]1[c-]n2ccccc2c1)C(=O)O,-10.9985,-13.358998
NC(=O)CC[C@H](NC(=O)[C@H](CC(N)=O)NC(=O)[C@H](CCC(N)=O)[n+]1[c-]n2ccccc2c1)C(=O)O,-14.292,-13.143772
NC(=O)CC[C@H](NC(=O)[C@H](CC(N)=O)NC(=O)[C@H](CS)[n+]1[c-]n2ccccc2c1)C(=O)O,-9.3465,-14.233199
NC(=O)CC[C@H](NC(=O)[C@H](CC(N)=O)[n+]1[c-]n2ccccc2c1)C(=O)N[C@@H](CS)C(=O)O,-12.8802,-10.416548
NC(=O)CC[C@H](NC(=O)[C@H](CC(N)=O)[n+]1[c-]n2ccccc2c1)C(=O)N[C@@H](Cc1ccc(O)cc1)C(=O)O,-7.3024,-10.58712
NC(=O)CC[C@H](NC(=O)[C@H](CCC(=O)O)NC(=O)[C@H](Cc1c[nH]c2ccccc12)[n+]1[c-]n2ccccc2c1)C(=O)O,-14.1216,-10.324173
NC(=O)CC[C@H](NC(=O)[C@H](CCC(=O)O)[n+]1[c-]n2ccccc2c1)C(=O)N[C@@H](CO)C(=O)O,-19.1278,-12.91615
NC(=O)CC[C@H](NC(=O)[C@H](CCC(N)=O)NC(=O)[C@H](Cc1c[nH]c2ccccc12)[n+]1[c-]n2ccccc2c1)C(=O)O,-23.6946,-12.72331
NC(=O)CC[C@H](NC(=O)[C@H](CCC(N)=O)[n+]1[c-]n2ccccc2c1)C(=O)N1CCC[C@H]1C(=O)O,-6.2524,-7.4650335
NC(=O)CC[C@H](NC(=O)[C@H](CO)NC(=O)[C@H](CCC(=O)O)[n+]1[c-]n2ccccc2c1)C(=O)O,-13.7194,-10.187886
NC(=O)CC[C@H](NC(=O)[C@H](CO)NC(=O)[C@H](CS)[n+]1[c-]n2ccccc2c1)C(=O)O,-14.6516,-12.615566
NC(=O)CC[C@H](NC(=O)[C@H](CO)NC(=O)[C@H](Cc1ccc(O)cc1)[n+]1[c-]n2ccccc2c1)C(=O)O,-12.0888,-12.865929
NC(=O)CC[C@H](NC(=O)[C@H](CS)NC(=O)[C@H](Cc1ccccc1)[n+]1[c-]n2ccccc2c1)C(=O)O,-15.6841,-12.48222
NC(=O)CC[C@H](NC(=O)[C@H](CS)[n+]1[c-]n2ccccc2c1)C(=O)NCC(=O)O,-6.6753,-9.539007
NC(=O)CC[C@H](NC(=O)[C@H](CS)[n+]1[c-]n2ccccc2c1)C(=O)N[C@@H](CS)C(=O)O,-18.743,-15.969898
NC(=O)CC[C@H](NC(=O)[C@H](Cc1c[nH]c2ccccc12)NC(=O)[C@H](CC(N)=O)[n+]1[c-]n2ccccc2c1)C(=O)O,-13.6016,-10.221195
NC(=O)CC[C@H](NC(=O)[C@H](Cc1c[nH]c2ccccc12)NC(=O)[C@H](CCC(N)=O)[n+]1[c-]n2ccccc2c1)C(=O)O,-14.3914,-9.316788
NC(=O)CC[C@H](NC(=O)[C@H](Cc1c[nH]c2ccccc12)NC(=O)[C@H](CO)[n+]1[c-]n2ccccc2c1)C(=O)O,-11.5762,-9.311451
NC(=O)CC[C@H](NC(=O)[C@H](Cc1c[nH]c2ccccc12)NC(=O)[C@H](Cc1c[nH]cn1)[n+]1[c-]n2ccccc2c1)C(=O)O,-12.7258,-10.836313
NC(=O)CC[C@H](NC(=O)[C@H](Cc1c[nH]c2ccccc12)[n+]1[c-]n2ccccc2c1)C(=O)N[C@@H](CO)C(=O)O,-8.0068,-10.4621105
NC(=O)CC[C@H](NC(=O)[C@H](Cc1c[nH]c2ccccc12)[n+]1[c-]n2ccccc2c1)C(=O)N[C@@H](Cc1c[nH]c2ccccc12)C(=O)O,-13.8897,-11.409569
NC(=O)CC[C@H](NC(=O)[C@H](Cc1c[nH]cn1)NC(=O)[C@H](CC(N)=O)[n+]1[c-]n2ccccc2c1)C(=O)O,-12.5645,-10.345006
NC(=O)CC[C@H](NC(=O)[C@H](Cc1c[nH]cn1)[n+]1[c-]n2ccccc2c1)C(=O)N[C@@H](Cc1ccccc1)C(=O)O,-13.836,-11.623882
NC(=O)CC[C@H](NC(=O)[C@H](Cc1ccc(O)cc1)NC(=O)C[n+]1[c-]n2ccccc2c1)C(=O)O,2.4659,-13.09928
NC(=O)CC[C@H](NC(=O)[C@H](Cc1ccc(O)cc1)NC(=O)[C@H](CS)[n+]1[c-]n2ccccc2c1)C(=O)O,-15.4992,-11.825836
NC(=O)CC[C@H](NC(=O)[C@H](Cc1ccc(O)cc1)NC(=O)[C@H](Cc1ccc(O)cc1)[n+]1[c-]n2ccccc2c1)C(=O)O,-8.9402,-7.5573907
NC(=O)CC[C@H](NC(=O)[C@H](Cc1ccc(O)cc1)[n+]1[c-]n2ccccc2c1)C(=O)N1CCC[C@H]1C(=O)O,-13.0319,-8.700466
NC(=O)CC[C@H](NC(=O)[C@H](Cc1ccc(O)cc1)[n+]1[c-]n2ccccc2c1)C(=O)N[C@@H](CC(N)=O)C(=O)O,-17.8182,-10.227623
NC(=O)CC[C@H](NC(=O)[C@H](Cc1ccc(O)cc1)[n+]1[c-]n2ccccc2c1)C(=O)N[C@@H](CS)C(=O)O,-9.1177,-8.917512
NC(=O)CC[C@H](NC(=O)[C@H](Cc1ccccc1)NC(=O)[C@H](CCC(=O)O)[n+]1[c-]n2ccccc2c1)C(=O)O,-9.8157,-12.867166
NC(=O)CC[C@H](NC(=O)[C@H](Cc1ccccc1)[n+]1[c-]n2ccccc2c1)C(=O)N[C@@H](Cc1ccccc1)C(=O)O,-14.9126,-9.982467
NC(=O)C[C@@H](C(=O)N1CCC[C@H]1C(=O)NCC(=O)O)[n+]1[c-]n2ccccc2c1,-6.0953,-5.0700483
NC(=O)C[C@@H](C(=O)N1CCC[C@H]1C(=O)N[C@@H](CC(=O)O)C(=O)O)[n+]1[c-]n2ccccc2c1,-4.3543,-6.189303
NC(=O)C[C@@H](C(=O)N1CCC[C@H]1C(=O)N[C@@H](CS)C(=O)O)[n+]1[c-]n2ccccc2c1,-2.0328,-5.2218738
NC(=O)C[C@@H](C(=O)N1CCC[C@H]1C(=O)N[C@@H](Cc1ccccc1)C(=O)O)[n+]1[c-]n2ccccc2c1,-5.6431,-3.7153149
NC(=O)C[C@@H](C(=O)NCC(=O)N[C@@H](CO)C(=O)O)[n+]1[c-]n2ccccc2c1,-4.5261,-7.9207463
NC(=O)C[C@@H](C(=O)NCC(=O)N[C@@H](Cc1ccc(O)cc1)C(=O)O)[n+]1[c-]n2ccccc2c1,-11.1239,-7.638313
NC(=O)C[C@@H](C(=O)N[C@@H](CC(=O)O)C(=O)O)[n+]1[c-]n2ccccc2c1,-8.3474,-7.697487
NC(=O)C[C@@H](C(=O)N[C@@H](CCC(=O)O)C(=O)N1CCC[C@H]1C(=O)O)[n+]1[c-]n2ccccc2c1,-11.7121,-5.2778244
NC(=O)C[C@@H](C(=O)N[C@@H](CCC(=O)O)C(=O)N[C@@H](CC(=O)O)C(=O)O)[n+]1[c-]n2ccccc2c1,-8.373,-9.939032
NC(=O)C[C@@H](C(=O)N[C@@H](CCC(=O)O)C(=O)N[C@@H](Cc1ccccc1)C(=O)O)[n+]1[c-]n2ccccc2c1,-10.902,-9.271148
NC(=O)C[C@@H](C(=O)N[C@@H](CO)C(=O)N[C@@H](Cc1ccc(O)cc1)C(=O)O)[n+]1[c-]n2ccccc2c1,-13.2411,-9.243392
NC(=O)C[C@@H](C(=O)N[C@@H](CS)C(=O)N[C@@H](CO)C(=O)O)[n+]1[c-]n2ccccc2c1,-9.0711,-8.6630125
NC(=O)C[C@@H](C(=O)N[C@@H](CS)C(=O)N[C@@H](CS)C(=O)O)[n+]1[c-]n2ccccc2c1,-11.2622,-9.306008
NC(=O)C[C@@H](C(=O)N[C@@H](CS)C(=O)N[C@@H](Cc1c[nH]c2ccccc12)C(=O)O)[n+]1[c-]n2ccccc2c1,-9.4195,-8.746033
NC(=O)C[C@@H](C(=O)N[C@@H](CS)C(=O)N[C@@H](Cc1c[nH]cn1)C(=O)O)[n+]1[c-]n2ccccc2c1,-14.0886,-11.25281
NC(=O)C[C@@H](C(=O)N[C@@H](Cc1c[nH]c2ccccc12)C(=O)O)[n+]1[c-]n2ccccc2c1,-6.8136,-9.158701
NC(=O)C[C@@H](C(=O)N[C@@H](Cc1c[nH]cn1)C(=O)NCC(=O)O)[n+]1[c-]n2ccccc2c1,-0.5811,-10.298416
NC(=O)C[C@@H](C(=O)N[C@@H](Cc1c[nH]cn1)C(=O)N[C@@H](CC(=O)O)C(=O)O)[n+]1[c-]n2ccccc2c1,-19.461,-19.136198
NC(=O)C[C@@H](C(=O)N[C@@H](Cc1c[nH]cn1)C(=O)N[C@@H](CCC(=O)O)C(=O)O)[n+]1[c-]n2ccccc2c1,-14.7836,-12.441463
NC(=O)C[C@@H](C(=O)N[C@@H](Cc1c[nH]cn1)C(=O)N[C@@H](CO)C(=O)O)[n+]1[c-]n2ccccc2c1,-9.9343,-9.643661
NC(=O)C[C@@H](C(=O)N[C@@H](Cc1ccc(O)cc1)C(=O)N[C@@H](CO)C(=O)O)[n+]1[c-]n2ccccc2c1,-9.6298,-9.753698
NC(=O)C[C@@H](C(=O)N[C@@H](Cc1ccc(O)cc1)C(=O)N[C@@H](Cc1ccc(O)cc1)C(=O)O)[n+]1[c-]n2ccccc2c1,-12.6089,-11.780014
NC(=O)C[C@@H](C(=O)N[C@@H](Cc1ccccc1)C(=O)N[C@@H](Cc1ccccc1)C(=O)O)[n+]1[c-]n2ccccc2c1,-8.4689,-9.67684
NC(=O)C[C@H](NC(=O)CNC(=O)[C@H](CC(N)=O)[n+]1[c-]n2ccccc2c1)C(=O)O,-4.6098,-10.922886
NC(=O)C[C@H](NC(=O)CNC(=O)[C@H](CO)[n+]1[c-]n2ccccc2c1)C(=O)O,-9.3177,-10.170725
NC(=O)C[C@H](NC(=O)C[n+]1[c-]n2ccccc2c1)C(=O)N1CCC[C@H]1C(=O)O,-10.8602,-10.160463
NC(=O)C[C@H](NC(=O)[C@@H]1CCCN1C(=O)[C@H](CCC(=O)O)[n+]1[c-]n2ccccc2c1)C(=O)O,-10.8814,-8.018354
NC(=O)C[C@H](NC(=O)[C@H](CC(=O)O)NC(=O)[C@H](CC(N)=O)[n+]1[c-]n2ccccc2c1)C(=O)O,-14.3372,-7.3920884
NC(=O)C[C@H](NC(=O)[C@H](CC(=O)O)NC(=O)[C@H](Cc1ccc(O)cc1)[n+]1[c-]n2ccccc2c1)C(=O)O,-8.0521,-10.3296795
NC(=O)C[C@H](NC(=O)[C@H](CC(=O)O)[n+]1[c-]n2ccccc2c1)C(=O)N[C@@H](Cc1c[nH]cn1)C(=O)O,-11.0109,-8.674366
NC(=O)C[C@H](NC(=O)[C@H](CC(N)=O)NC(=O)[C@H](CC(N)=O)[n+]1[c-]n2ccccc2c1)C(=O)O,-16.4373,-13.933403
NC(=O)C[C@H](NC(=O)[C@H](CC(N)=O)NC(=O)[C@H](CO)[n+]1[c-]n2ccccc2c1)C(=O)O,-11.2899,-11.191173
NC(=O)C[C@H](NC(=O)[C@H](CC(N)=O)[n+]1[c-]n2ccccc2c1)C(=O)NCC(=O)O,-8.527,-7.1180153
NC(=O)C[C@H](NC(=O)[C@H](CC(N)=O)[n+]1[c-]n2ccccc2c1)C(=O)N[C@@H](Cc1c[nH]c2ccccc12)C(=O)O,-16.4506,-14.652832
NC(=O)C[C@H](NC(=O)[C@H](CCC(=O)O)NC(=O)[C@H](CC(=O)O)[n+]1[c-]n2ccccc2c1)C(=O)O,-8.6873,-6.622389
NC(=O)C[C@H](NC(=O)[C@H](CCC(=O)O)NC(=O)[C@H](CO)[n+]1[c-]n2ccccc2c1)C(=O)O,-9.4384,-9.864696
NC(=O)C[C@H](NC(=O)[C@H](CCC(=O)O)[n+]1[c-]n2ccccc2c1)C(=O)N[C@@H](CCC(=O)O)C(=O)O,-8.4064,-13.435412
NC(=O)C[C@H](NC(=O)[C@H](CCC(=O)O)[n+]1[c-]n2ccccc2c1)C(=O)N[C@@H](Cc1ccccc1)C(=O)O,-8.1795,-6.4355035
NC(=O)C[C@H](NC(=O)[C@H](CO)[n+]1[c-]n2ccccc2c1)C(=O)NCC(=O)O,-1.5532,-7.0650063
NC(=O)C[C@H](NC(=O)[C@H](CO)[n+]1[c-]n2ccccc2c1)C(=O)N[C@@H](CCC(=O)O)C(=O)O,-16.4843,-17.669323
NC(=O)C[C@H](NC(=O)[C@H](CO)[n+]1[c-]n2ccccc2c1)C(=O)O,-8.8569,-7.9958253
NC(=O)C[C@H](NC(=O)[C@H](CS)NC(=O)[C@H](CC(=O)O)[n+]1[c-]n2ccccc2c1)C(=O)O,-15.341,-9.981491
NC(=O)C[C@H](NC(=O)[C@H](CS)NC(=O)[C@H](CCC(=O)O)[n+]1[c-]n2ccccc2c1)C(=O)O,-10.0585,-5.9799585
NC(=O)C[C@H](NC(=O)[C@H](CS)NC(=O)[C@H](CO)[n+]1[c-]n2ccccc2c1)C(=O)O,-8.265,-9.595701
NC(=O)C[C@H](NC(=O)[C@H](CS)[n+]1[c-]n2ccccc2c1)C(=O)N[C@@H](CC(=O)O)C(=O)O,-5.9744,-10.265159
NC(=O)C[C@H](NC(=O)[C@H](CS)[n+]1[c-]n2ccccc2c1)C(=O)N[C@@H](CS)C(=O)O,-11.2234,-9.382161
NC(=O)C[C@H](NC(=O)[C@H](Cc1c[nH]c2ccccc12)NC(=O)[C@H](Cc1c[nH]c2ccccc12)[n+]1[c-]n2ccccc2c1)C(=O)O,-11.6863,-13.938056
NC(=O)C[C@H](NC(=O)[C@H](Cc1c[nH]c2ccccc12)NC(=O)[C@H](Cc1ccccc1)[n+]1[c-]n2ccccc2c1)C(=O)O,-13.9952,-10.131784
NC(=O)C[C@H](NC(=O)[C@H](Cc1c[nH]c2ccccc12)[n+]1[c-]n2ccccc2c1)C(=O)N1CCC[C@H]1C(=O)O,-10.3425,-9.684058
NC(=O)C[C@H](NC(=O)[C@H](Cc1c[nH]cn1)NC(=O)C[n+]1[c-]n2ccccc2c1)C(=O)O,-15.3155,-12.204684
NC(=O)C[C@H](NC(=O)[C@H](Cc1c[nH]cn1)NC(=O)[C@H](CO)[n+]1[c-]n2ccccc2c1)C(=O)O,-10.12,-8.654616
NC(=O)C[C@H](NC(=O)[C@H](Cc1c[nH]cn1)NC(=O)[C@H](Cc1c[nH]cn1)[n+]1[c-]n2ccccc2c1)C(=O)O,-10.3974,-11.641733
NC(=O)C[C@H](NC(=O)[C@H](Cc1c[nH]cn1)NC(=O)[C@H](Cc1ccc(O)cc1)[n+]1[c-]n2ccccc2c1)C(=O)O,-14.1429,-8.948605
NC(=O)C[C@H](NC(=O)[C@H](Cc1c[nH]cn1)[n+]1[c-]n2ccccc2c1)C(=O)N1CCC[C@H]1C(=O)O,-13.4053,-8.4499445
NC(=O)C[C@H](NC(=O)[C@H](Cc1c[nH]cn1)[n+]1[c-]n2ccccc2c1)C(=O)N[C@@H](Cc1c[nH]cn1)C(=O)O,-5.0792,-12.255992
NC(=O)C[C@H](NC(=O)[C@H](Cc1ccc(O)cc1)NC(=O)C[n+]1[c-]n2ccccc2c1)C(=O)O,-9.4271,-12.442766
NC(=O)C[C@H](NC(=O)[C@H](Cc1ccc(O)cc1)NC(=O)[C@H](Cc1c[nH]c2ccccc12)[n+]1[c-]n2ccccc2c1)C(=O)O,-12.4077,-8.99403
NC(=O)C[C@H](NC(=O)[C@H](Cc1ccc(O)cc1)[n+]1[c-]n2ccccc2c1)C(=O)NCC(=O)O,-4.7719,-5.211398
NC(=O)C[C@H](NC(=O)[C@H](Cc1ccc(O)cc1)[n+]1[c-]n2ccccc2c1)C(=O)N[C@@H](CC(=O)O)C(=O)O,-15.6787,-10.626447
NC(=O)C[C@H](NC(=O)[C@H](Cc1ccc(O)cc1)[n+]1[c-]n2ccccc2c1)C(=O)O,-7.5371,-5.623289
NC(=O)C[C@H](NC(=O)[C@H](Cc1ccccc1)NC(=O)[C@H](CS)[n+]1[c-]n2ccccc2c1)C(=O)O,-12.5489,-8.443386
NC(=O)C[C@H](NC(=O)[C@H](Cc1ccccc1)NC(=O)[C@H](Cc1ccc(O)cc1)[n+]1[c-]n2ccccc2c1)C(=O)O,-11.2479,-10.702219
NC(=O)C[C@H](NC(=O)[C@H](Cc1ccccc1)[n+]1[c-]n2ccccc2c1)C(=O)N[C@@H](CC(=O)O)C(=O)O,-13.3484,-8.651067
NC(=O)C[C@H](NC(=O)[C@H](Cc1ccccc1)[n+]1[c-]n2ccccc2c1)C(=O)N[C@@H](CS)C(=O)O,-12.4389,-9.611622
O=C(CNC(=O)[C@H](CO)[n+]1[c-]n2ccccc2c1)N[C@@H](Cc1c[nH]c2ccccc12)C(=O)O,-10.759,-10.693325
O=C(CNC(=O)[C@H](CS)[n+]1[c-]n2ccccc2c1)N[C@@H](Cc1ccccc1)C(=O)O,-12.229,-8.926556
O=C(CNC(=O)[C@H](Cc1c[nH]c2ccccc12)[n+]1[c-]n2ccccc2c1)N[C@@H](Cc1c[nH]cn1)C(=O)O,-9.9992,-8.102942
O=C(CNC(=O)[C@H](Cc1c[nH]cn1)[n+]1[c-]n2ccccc2c1)N[C@@H](CO)C(=O)O,-9.0213,-7.4627314
O=C(CNC(=O)[C@H](Cc1c[nH]cn1)[n+]1[c-]n2ccccc2c1)N[C@@H](Cc1c[nH]c2ccccc12)C(=O)O,-14.5332,-8.030508
O=C(C[n+]1[c-]n2ccccc2c1)NCC(=O)N[C@@H](CS)C(=O)O,-14.12,-11.855448
O=C(C[n+]1[c-]n2ccccc2c1)NCC(=O)N[C@@H](Cc1c[nH]c2ccccc12)C(=O)O,-12.8931,-13.202045
O=C(C[n+]1[c-]n2ccccc2c1)N[C@@H](CO)C(=O)N[C@@H](CO)C(=O)O,-15.5123,-9.757814
O=C(C[n+]1[c-]n2ccccc2c1)N[C@@H](CO)C(=O)N[C@@H](Cc1c[nH]cn1)C(=O)O,-11.8161,-11.4861145
O=C(C[n+]1[c-]n2ccccc2c1)N[C@@H](CO)C(=O)N[C@@H](Cc1ccccc1)C(=O)O,-13.1939,-9.111756
O=C(C[n+]1[c-]n2ccccc2c1)N[C@@H](CO)C(=O)O,-11.0625,-8.62282
O=C(C[n+]1[c-]n2ccccc2c1)N[C@@H](CS)C(=O)N[C@@H](CO)C(=O)O,-12.2602,-11.838478
O=C(C[n+]1[c-]n2ccccc2c1)N[C@@H](CS)C(=O)N[C@@H](Cc1c[nH]c2ccccc12)C(=O)O,-14.8624,-13.592953
O=C(C[n+]1[c-]n2ccccc2c1)N[C@@H](Cc1c[nH]c2ccccc12)C(=O)N1CCC[C@H]1C(=O)O,-11.0836,-11.359924
O=C(C[n+]1[c-]n2ccccc2c1)N[C@@H](Cc1c[nH]c2ccccc12)C(=O)N[C@@H](Cc1c[nH]c2ccccc12)C(=O)O,-16.4218,-14.37624
O=C(C[n+]1[c-]n2ccccc2c1)N[C@@H](Cc1c[nH]c2ccccc12)C(=O)O,-8.704,-8.411913
O=C(C[n+]1[c-]n2ccccc2c1)N[C@@H](Cc1c[nH]cn1)C(=O)N[C@@H](CS)C(=O)O,-10.6382,-11.611803
O=C(C[n+]1[c-]n2ccccc2c1)N[C@@H](Cc1c[nH]cn1)C(=O)N[C@@H](Cc1c[nH]cn1)C(=O)O,-15.7775,-14.042847
O=C(C[n+]1[c-]n2ccccc2c1)N[C@@H](Cc1c[nH]cn1)C(=O)N[C@@H](Cc1ccc(O)cc1)C(=O)O,-11.7974,-13.6426735
O=C(C[n+]1[c-]n2ccccc2c1)N[C@@H](Cc1ccc(O)cc1)C(=O)N[C@@H](CO)C(=O)O,-10.2396,-9.619276
O=C(C[n+]1[c-]n2ccccc2c1)N[C@@H](Cc1ccc(O)cc1)C(=O)N[C@@H](Cc1ccccc1)C(=O)O,-9.502,-9.9548435
O=C(C[n+]1[c-]n2ccccc2c1)N[C@@H](Cc1ccccc1)C(=O)N1CCC[C@H]1C(=O)O,-10.5076,-10.988678
O=C(C[n+]1[c-]n2ccccc2c1)N[C@@H](Cc1ccccc1)C(=O)N[C@@H](CO)C(=O)O,-12.5081,-10.741173
O=C(C[n+]1[c-]n2ccccc2c1)N[C@@H](Cc1ccccc1)C(=O)N[C@@H](CS)C(=O)O,-10.79,-12.035964
O=C(C[n+]1[c-]n2ccccc2c1)N[C@@H](Cc1ccccc1)C(=O)N[C@@H](Cc1ccc(O)cc1)C(=O)O,-8.4556,-10.925027
O=C(O)CC[C@@H](C(=O)N1CCC[C@H]1C(=O)N1CCC[C@H]1C(=O)O)[n+]1[c-]n2ccccc2c1,-7.847,-8.377895
O=C(O)CC[C@@H](C(=O)N1CCC[C@H]1C(=O)N[C@@H](CS)C(=O)O)[n+]1[c-]n2ccccc2c1,-5.5376,-6.407343
O=C(O)CC[C@@H](C(=O)N1CCC[C@H]1C(=O)O)[n+]1[c-]n2ccccc2c1,-7.4227,-8.169781
O=C(O)CC[C@@H](C(=O)N[C@@H](CC(=O)O)C(=O)N[C@@H](CS)C(=O)O)[n+]1[c-]n2ccccc2c1,-12.7041,-10.259056
O=C(O)CC[C@@H](C(=O)N[C@@H](CO)C(=O)N[C@@H](CS)C(=O)O)[n+]1[c-]n2ccccc2c1,-14.5104,-11.477329
O=C(O)CC[C@@H](C(=O)N[C@@H](CO)C(=O)O)[n+]1[c-]n2ccccc2c1,-1.389,-5.4215107
O=C(O)CC[C@@H](C(=O)N[C@@H](CS)C(=O)N1CCC[C@H]1C(=O)O)[n+]1[c-]n2ccccc2c1,-7.7203,-5.445157
O=C(O)CC[C@@H](C(=O)N[C@@H](CS)C(=O)N[C@@H](CS)C(=O)O)[n+]1[c-]n2ccccc2c1,-12.0494,-10.5184555
O=C(O)CC[C@@H](C(=O)N[C@@H](CS)C(=O)N[C@@H](Cc1ccc(O)cc1)C(=O)O)[n+]1[c-]n2ccccc2c1,-11.5802,-9.225975
O=C(O)CC[C@@H](C(=O)N[C@@H](Cc1c[nH]cn1)C(=O)N[C@@H](CS)C(=O)O)[n+]1[c-]n2ccccc2c1,-10.5963,-10.335439
O=C(O)CC[C@@H](C(=O)N[C@@H](Cc1c[nH]cn1)C(=O)N[C@@H](Cc1c[nH]cn1)C(=O)O)[n+]1[c-]n2ccccc2c1,-16.3984,-12.216609
O=C(O)CC[C@@H](C(=O)N[C@@H](Cc1c[nH]cn1)C(=O)N[C@@H](Cc1ccc(O)cc1)C(=O)O)[n+]1[c-]n2ccccc2c1,-6.9029,-10.715463
O=C(O)CC[C@@H](C(=O)N[C@@H](Cc1ccccc1)C(=O)N[C@@H](CO)C(=O)O)[n+]1[c-]n2ccccc2c1,-8.1393,-13.877164
O=C(O)CC[C@H](NC(=O)CNC(=O)C[n+]1[c-]n2ccccc2c1)C(=O)O,-14.8597,-10.91368
O=C(O)CC[C@H](NC(=O)CNC(=O)[C@H](Cc1c[nH]c2ccccc12)[n+]1[c-]n2ccccc2c1)C(=O)O,-15.315,-13.697121
O=C(O)CC[C@H](NC(=O)C[n+]1[c-]n2ccccc2c1)C(=O)N[C@@H](CC(=O)O)C(=O)O,-15.3643,-12.799086
O=C(O)CC[C@H](NC(=O)C[n+]1[c-]n2ccccc2c1)C(=O)N[C@@H](CS)C(=O)O,-9.541,-11.837018
O=C(O)CC[C@H](NC(=O)C[n+]1[c-]n2ccccc2c1)C(=O)O,-10.8394,-10.155158
O=C(O)CC[C@H](NC(=O)[C@@H]1CCCN1C(=O)C[n+]1[c-]n2ccccc2c1)C(=O)O,-14.7958,-9.215835
O=C(O)CC[C@H](NC(=O)[C@H](CC(=O)O)NC(=O)[C@H](CCC(=O)O)[n+]1[c-]n2ccccc2c1)C(=O)O,-7.0029,-6.7429647
O=C(O)CC[C@H](NC(=O)[C@H](CC(=O)O)NC(=O)[C@H](CO)[n+]1[c-]n2ccccc2c1)C(=O)O,-14.6438,-15.337714
O=C(O)CC[C@H](NC(=O)[C@H](CC(=O)O)NC(=O)[C@H](Cc1ccc(O)cc1)[n+]1[c-]n2ccccc2c1)C(=O)O,-9.905,-5.2700386
O=C(O)CC[C@H](NC(=O)[C@H](CC(=O)O)[n+]1[c-]n2ccccc2c1)C(=O)N1CCC[C@H]1C(=O)O,-13.0841,-7.0599136
O=C(O)CC[C@H](NC(=O)[C@H](CC(=O)O)[n+]1[c-]n2ccccc2c1)C(=O)NCC(=O)O,-3.5415,-4.809804
O=C(O)CC[C@H](NC(=O)[C@H](CC(=O)O)[n+]1[c-]n2ccccc2c1)C(=O)N[C@@H](Cc1c[nH]c2ccccc12)C(=O)O,-12.4077,-10.207763
O=C(O)CC[C@H](NC(=O)[C@H](CCC(=O)O)NC(=O)C[n+]1[c-]n2ccccc2c1)C(=O)O,-13.7675,-12.10191
O=C(O)CC[C@H](NC(=O)[C@H](CCC(=O)O)NC(=O)[C@H](CS)[n+]1[c-]n2ccccc2c1)C(=O)O,-11.4296,-14.238403
O=C(O)CC[C@H](NC(=O)[C@H](CCC(=O)O)NC(=O)[C@H](Cc1c[nH]cn1)[n+]1[c-]n2ccccc2c1)C(=O)O,-9.7767,-9.017466
O=C(O)CC[C@H](NC(=O)[C@H](CCC(=O)O)[n+]1[c-]n2ccccc2c1)C(=O)N[C@@H](Cc1ccccc1)C(=O)O,-15.2314,-11.44403
O=C(O)CC[C@H](NC(=O)[C@H](CO)[n+]1[c-]n2ccccc2c1)C(=O)N1CCC[C@H]1C(=O)O,-11.8355,-11.471647
O=C(O)CC[C@H](NC(=O)[C@H](CO)[n+]1[c-]n2ccccc2c1)C(=O)N[C@@H](CO)C(=O)O,-11.4141,-8.489479
O=C(O)CC[C@H](NC(=O)[C@H](CO)[n+]1[c-]n2ccccc2c1)C(=O)N[C@@H](Cc1c[nH]c2ccccc12)C(=O)O,-14.8747,-11.498966
O=C(O)CC[C@H](NC(=O)[C@H](CO)[n+]1[c-]n2ccccc2c1)C(=O)N[C@@H](Cc1c[nH]cn1)C(=O)O,-10.2664,-8.298735
O=C(O)CC[C@H](NC(=O)[C@H](CO)[n+]1[c-]n2ccccc2c1)C(=O)N[C@@H](Cc1ccc(O)cc1)C(=O)O,-15.2241,-10.435818
O=C(O)CC[C@H](NC(=O)[C@H](CS)NC(=O)[C@H](CC(=O)O)[n+]1[c-]n2ccccc2c1)C(=O)O,-12.5117,-11.543382
O=C(O)CC[C@H](NC(=O)[C@H](CS)NC(=O)[C@H](CS)[n+]1[c-]n2ccccc2c1)C(=O)O,-10.9423,-7.0812416
O=C(O)CC[C@H](NC(=O)[C@H](CS)NC(=O)[C@H](Cc1c[nH]c2ccccc12)[n+]1[c-]n2ccccc2c1)C(=O)O,-13.2094,-11.762639
O=C(O)CC[C@H](NC(=O)[C@H](CS)[n+]1[c-]n2ccccc2c1)C(=O)N[C@@H](CS)C(=O)O,-10.0417,-9.056318
O=C(O)CC[C@H](NC(=O)[C@H](CS)[n+]1[c-]n2ccccc2c1)C(=O)N[C@@H](Cc1ccc(O)cc1)C(=O)O,-16.3219,-9.747882
O=C(O)CC[C@H](NC(=O)[C@H](Cc1c[nH]c2ccccc12)NC(=O)[C@H](Cc1ccccc1)[n+]1[c-]n2ccccc2c1)C(=O)O,-10.3265,-12.001808
O=C(O)CC[C@H](NC(=O)[C@H](Cc1c[nH]c2ccccc12)[n+]1[c-]n2ccccc2c1)C(=O)N[C@@H](CS)C(=O)O,-13.4771,-10.188986
O=C(O)CC[C@H](NC(=O)[C@H](Cc1c[nH]cn1)NC(=O)[C@H](Cc1ccc(O)cc1)[n+]1[c-]n2ccccc2c1)C(=O)O,-8.774,-11.626694
O=C(O)CC[C@H](NC(=O)[C@H](Cc1c[nH]cn1)[n+]1[c-]n2ccccc2c1)C(=O)N[C@@H](Cc1ccccc1)C(=O)O,-5.2325,-7.0589304
O=C(O)CC[C@H](NC(=O)[C@H](Cc1ccc(O)cc1)NC(=O)[C@H](CS)[n+]1[c-]n2ccccc2c1)C(=O)O,-12.1518,-6.619576
O=C(O)CC[C@H](NC(=O)[C@H](Cc1ccc(O)cc1)[n+]1[c-]n2ccccc2c1)C(=O)N[C@@H](Cc1c[nH]cn1)C(=O)O,-18.2576,-5.1414557
O=C(O)CC[C@H](NC(=O)[C@H](Cc1ccc(O)cc1)[n+]1[c-]n2ccccc2c1)C(=O)N[C@@H](Cc1ccc(O)cc1)C(=O)O,-13.282,-11.079624
O=C(O)CC[C@H](NC(=O)[C@H](Cc1ccc(O)cc1)[n+]1[c-]n2ccccc2c1)C(=O)N[C@@H](Cc1ccccc1)C(=O)O,-12.7431,-11.555348
O=C(O)CC[C@H](NC(=O)[C@H](Cc1ccccc1)NC(=O)C[n+]1[c-]n2ccccc2c1)C(=O)O,-21.6201,-12.36963
O=C(O)CC[C@H](NC(=O)[C@H](Cc1ccccc1)NC(=O)[C@H](CC(=O)O)[n+]1[c-]n2ccccc2c1)C(=O)O,-11.9867,-8.683698
O=C(O)CC[C@H](NC(=O)[C@H](Cc1ccccc1)[n+]1[c-]n2ccccc2c1)C(=O)N[C@@H](CC(=O)O)C(=O)O,-14.9195,-12.142956
O=C(O)CNC(=O)CNC(=O)[C@H](Cc1ccccc1)[n+]1[c-]n2ccccc2c1,-8.8879,-7.4703426
O=C(O)CNC(=O)C[n+]1[c-]n2ccccc2c1,-20.687,-17.492281
O=C(O)CNC(=O)[C@H](CC(=O)O)NC(=O)[C@H](Cc1c[nH]c2ccccc12)[n+]1[c-]n2ccccc2c1,-4.3289,-5.3179483
O=C(O)CNC(=O)[C@H](CC(=O)O)[n+]1[c-]n2ccccc2c1,-5.3452,-4.6742945
O=C(O)CNC(=O)[C@H](CO)NC(=O)[C@H](CO)[n+]1[c-]n2ccccc2c1,-10.2379,-7.6150513
O=C(O)CNC(=O)[C@H](CO)NC(=O)[C@H](Cc1c[nH]cn1)[n+]1[c-]n2ccccc2c1,-4.1735,-10.156564
O=C(O)CNC(=O)[C@H](Cc1c[nH]c2ccccc12)NC(=O)[C@H](Cc1ccccc1)[n+]1[c-]n2ccccc2c1,-9.2977,-9.710873
O=C(O)CNC(=O)[C@H](Cc1c[nH]cn1)NC(=O)C[n+]1[c-]n2ccccc2c1,-7.482,-9.828758
O=C(O)CNC(=O)[C@H](Cc1c[nH]cn1)NC(=O)[C@H](CS)[n+]1[c-]n2ccccc2c1,-2.6679,-6.1548576
O=C(O)CNC(=O)[C@H](Cc1c[nH]cn1)NC(=O)[C@H](Cc1c[nH]c2ccccc12)[n+]1[c-]n2ccccc2c1,-1.1295,-8.666794
O=C(O)CNC(=O)[C@H](Cc1c[nH]cn1)NC(=O)[C@H](Cc1ccc(O)cc1)[n+]1[c-]n2ccccc2c1,-0.5872,-7.557352
O=C(O)CNC(=O)[C@H](Cc1ccc(O)cc1)NC(=O)[C@H](Cc1ccccc1)[n+]1[c-]n2ccccc2c1,-4.3804,-5.5340576
O=C(O)CNC(=O)[C@H](Cc1ccc(O)cc1)[n+]1[c-]n2ccccc2c1,-8.753,-7.20759
O=C(O)CNC(=O)[C@H](Cc1ccccc1)[n+]1[c-]n2ccccc2c1,-8.5182,-8.762417
O=C(O)C[C@@H](C(=O)N1CCC[C@H]1C(=O)N[C@@H](Cc1c[nH]c2ccccc12)C(=O)O)[n+]1[c-]n2ccccc2c1,-3.0174,-5.7770343
O=C(O)C[C@@H](C(=O)NCC(=O)N1CCC[C@H]1C(=O)O)[n+]1[c-]n2ccccc2c1,-2.9861,-7.589759
O=C(O)C[C@@H](C(=O)NCC(=O)N[C@@H](Cc1ccc(O)cc1)C(=O)O)[n+]1[c-]n2ccccc2c1,-17.6569,-8.945054
O=C(O)C[C@@H](C(=O)N[C@@H](CO)C(=O)N[C@@H](CO)C(=O)O)[n+]1[c-]n2ccccc2c1,-5.34,-7.4588113
O=C(O)C[C@@H](C(=O)N[C@@H](CO)C(=O)N[C@@H](Cc1c[nH]c2ccccc12)C(=O)O)[n+]1[c-]n2ccccc2c1,-6.8649,-10.263666
O=C(O)C[C@@H](C(=O)N[C@@H](CS)C(=O)N[C@@H](CO)C(=O)O)[n+]1[c-]n2ccccc2c1,-11.6798,-8.531828
O=C(O)C[C@@H](C(=O)N[C@@H](CS)C(=O)N[C@@H](Cc1c[nH]c2ccccc12)C(=O)O)[n+]1[c-]n2ccccc2c1,-10.9205,-7.9582205
O=C(O)C[C@@H](C(=O)N[C@@H](CS)C(=O)N[C@@H](Cc1ccc(O)cc1)C(=O)O)[n+]1[c-]n2ccccc2c1,-3.7769,-7.2790203
O=C(O)C[C@@H](C(=O)N[C@@H](CS)C(=O)N[C@@H](Cc1ccccc1)C(=O)O)[n+]1[c-]n2ccccc2c1,-7.1048,-7.830179
O=C(O)C[C@@H](C(=O)N[C@@H](Cc1ccc(O)cc1)C(=O)N[C@@H](Cc1c[nH]c2ccccc12)C(=O)O)[n+]1[c-]n2ccccc2c1,-2.1275,-7.586533
O=C(O)C[C@@H](C(=O)N[C@@H](Cc1ccccc1)C(=O)N[C@@H](Cc1c[nH]c2ccccc12)C(=O)O)[n+]1[c-]n2ccccc2c1,-13.9254,-12.431417
O=C(O)C[C@@H](C(=O)N[C@@H](Cc1ccccc1)C(=O)N[C@@H](Cc1c[nH]cn1)C(=O)O)[n+]1[c-]n2ccccc2c1,-18.8226,-10.679225
O=C(O)C[C@@H](C(=O)N[C@@H](Cc1ccccc1)C(=O)N[C@@H](Cc1ccc(O)cc1)C(=O)O)[n+]1[c-]n2ccccc2c1,-10.1724,-11.369495
O=C(O)C[C@@H](C(=O)N[C@@H](Cc1ccccc1)C(=O)O)[n+]1[c-]n2ccccc2c1,-5.2518,-4.835037
O=C(O)C[C@H](NC(=O)CNC(=O)C[n+]1[c-]n2ccccc2c1)C(=O)O,-10.3408,-11.420237
O=C(O)C[C@H](NC(=O)CNC(=O)[C@H](CO)[n+]1[c-]n2ccccc2c1)C(=O)O,-8.819,-7.7979383
O=C(O)C[C@H](NC(=O)C[n+]1[c-]n2ccccc2c1)C(=O)N1CCC[C@H]1C(=O)O,-9.7039,-9.019785
O=C(O)C[C@H](NC(=O)C[n+]1[c-]n2ccccc2c1)C(=O)N[C@@H](CO)C(=O)O,-11.3968,-12.615001
O=C(O)C[C@H](NC(=O)C[n+]1[c-]n2ccccc2c1)C(=O)N[C@@H](CS)C(=O)O,-9.8321,-11.815966
O=C(O)C[C@H](NC(=O)[C@H](CC(=O)O)NC(=O)[C@H](Cc1ccccc1)[n+]1[c-]n2ccccc2c1)C(=O)O,-7.9257,-7.3984814
O=C(O)C[C@H](NC(=O)[C@H](CC(=O)O)[n+]1[c-]n2ccccc2c1)C(=O)N1CCC[C@H]1C(=O)O,-4.2345,-6.683477
O=C(O)C[C@H](NC(=O)[C@H](CC(=O)O)[n+]1[c-]n2ccccc2c1)C(=O)N[C@@H](Cc1ccc(O)cc1)C(=O)O,-9.7083,-9.219234
O=C(O)C[C@H](NC(=O)[C@H](CO)NC(=O)[C@H](CC(=O)O)[n+]1[c-]n2ccccc2c1)C(=O)O,-10.1847,-10.05879
O=C(O)C[C@H](NC(=O)[C@H](CO)[n+]1[c-]n2ccccc2c1)C(=O)N[C@@H](Cc1c[nH]c2ccccc12)C(=O)O,-3.886,-8.407112
O=C(O)C[C@H](NC(=O)[C@H](CO)[n+]1[c-]n2ccccc2c1)C(=O)N[C@@H](Cc1ccc(O)cc1)C(=O)O,-8.7079,-9.28047
O=C(O)C[C@H](NC(=O)[C@H](CO)[n+]1[c-]n2ccccc2c1)C(=O)O,-10.9038,-7.842408
O=C(O)C[C@H](NC(=O)[C@H](CS)NC(=O)[C@H](CC(=O)O)[n+]1[c-]n2ccccc2c1)C(=O)O,-13.4362,-12.8215275
O=C(O)C[C@H](NC(=O)[C@H](CS)NC(=O)[C@H](Cc1c[nH]c2ccccc12)[n+]1[c-]n2ccccc2c1)C(=O)O,-10.5325,-8.699329
O=C(O)C[C@H](NC(=O)[C@H](CS)NC(=O)[C@H](Cc1ccc(O)cc1)[n+]1[c-]n2ccccc2c1)C(=O)O,-7.2502,-8.085655
O=C(O)C[C@H](NC(=O)[C@H](CS)[n+]1[c-]n2ccccc2c1)C(=O)N1CCC[C@H]1C(=O)O,-7.1041,-9.078134
O=C(O)C[C@H](NC(=O)[C@H](CS)[n+]1[c-]n2ccccc2c1)C(=O)N[C@@H](Cc1ccccc1)C(=O)O,-10.7109,-8.093079
O=C(O)C[C@H](NC(=O)[C@H](Cc1c[nH]c2ccccc12)NC(=O)[C@H](CO)[n+]1[c-]n2ccccc2c1)C(=O)O,-7.6436,-7.5819798
O=C(O)C[C@H](NC(=O)[C@H](Cc1c[nH]c2ccccc12)NC(=O)[C@H](CS)[n+]1[c-]n2ccccc2c1)C(=O)O,-12.4027,-9.448657
O=C(O)C[C@H](NC(=O)[C@H](Cc1c[nH]cn1)NC(=O)C[n+]1[c-]n2ccccc2c1)C(=O)O,-7.6998,-11.800821
O=C(O)C[C@H](NC(=O)[C@H](Cc1c[nH]cn1)NC(=O)[C@H](Cc1c[nH]c2ccccc12)[n+]1[c-]n2ccccc2c1)C(=O)O,-7.2784,-9.884073
O=C(O)C[C@H](NC(=O)[C@H](Cc1c[nH]cn1)NC(=O)[C@H](Cc1c[nH]cn1)[n+]1[c-]n2ccccc2c1)C(=O)O,-12.0622,-6.470975
O=C(O)C[C@H](NC(=O)[C@H](Cc1c[nH]cn1)[n+]1[c-]n2ccccc2c1)C(=O)N[C@@H](Cc1c[nH]cn1)C(=O)O,-6.1262,-11.620249
O=C(O)C[C@H](NC(=O)[C@H](Cc1ccc(O)cc1)NC(=O)[C@H](CC(=O)O)[n+]1[c-]n2ccccc2c1)C(=O)O,-7.2887,-11.90234
O=C(O)C[C@H](NC(=O)[C@H](Cc1ccc(O)cc1)NC(=O)[C@H](CS)[n+]1[c-]n2ccccc2c1)C(=O)O,-4.6972,-5.7186766
O=C(O)C[C@H](NC(=O)[C@H](Cc1ccc(O)cc1)[n+]1[c-]n2ccccc2c1)C(=O)N[C@@H](Cc1c[nH]cn1)C(=O)O,-8.9593,-6.999317
O=C(O)C[C@H](NC(=O)[C@H](Cc1ccc(O)cc1)[n+]1[c-]n2ccccc2c1)C(=O)O,-8.8538,-5.305276
O=C(O)C[C@H](NC(=O)[C@H](Cc1ccccc1)[n+]1[c-]n2ccccc2c1)C(=O)N1CCC[C@H]1C(=O)O,-8.1591,-6.7746716
O=C(O)C[C@H](NC(=O)[C@H](Cc1ccccc1)[n+]1[c-]n2ccccc2c1)C(=O)N[C@@H](Cc1ccccc1)C(=O)O,-4.3927,-5.7644978
O=C(O)C[C@H](NC(=O)[C@H](Cc1ccccc1)[n+]1[c-]n2ccccc2c1)C(=O)O,-10.0425,-8.339482
O=C(O)C[n+]1[c-]n2ccccc2c1,-10.1165,-6.803225
O=C(O)[C@@H]1CCCN1C(=O)[C@@H]1CCCN1C(=O)[C@H](CO)[n+]1[c-]n2ccccc2c1,-11.4466,-10.188421
O=C(O)[C@@H]1CCCN1C(=O)[C@H](CO)NC(=O)[C@H](Cc1ccc(O)cc1)[n+]1[c-]n2ccccc2c1,-9.8518,-7.236249
O=C(O)[C@@H]1CCCN1C(=O)[C@H](CO)[n+]1[c-]n2ccccc2c1,-2.4366,-7.824337
O=C(O)[C@@H]1CCCN1C(=O)[C@H](CS)NC(=O)[C@H](CO)[n+]1[c-]n2ccccc2c1,-3.1364,-5.489311
O=C(O)[C@@H]1CCCN1C(=O)[C@H](Cc1c[nH]c2ccccc12)NC(=O)[C@H](CS)[n+]1[c-]n2ccccc2c1,-7.1756,-10.094975
O=C(O)[C@@H]1CCCN1C(=O)[C@H](Cc1c[nH]c2ccccc12)NC(=O)[C@H](Cc1c[nH]c2ccccc12)[n+]1[c-]n2ccccc2c1,-8.0748,-9.7079525
O=C(O)[C@@H]1CCCN1C(=O)[C@H](Cc1c[nH]cn1)NC(=O)[C@H](Cc1c[nH]cn1)[n+]1[c-]n2ccccc2c1,-9.0732,-10.770199
O=C(O)[C@@H]1CCCN1C(=O)[C@H](Cc1ccccc1)NC(=O)[C@H](CS)[n+]1[c-]n2ccccc2c1,-8.7839,-6.2007017
O=C(O)[C@@H]1CCCN1C(=O)[C@H](Cc1ccccc1)NC(=O)[C@H](Cc1ccc(O)cc1)[n+]1[c-]n2ccccc2c1,-11.0012,-5.0979
O=C(O)[C@H](CO)NC(=O)[C@H](CO)NC(=O)[C@H](CO)[n+]1[c-]n2ccccc2c1,-5.013,-8.25387
O=C(O)[C@H](CO)NC(=O)[C@H](CO)NC(=O)[C@H](Cc1ccc(O)cc1)[n+]1[c-]n2ccccc2c1,-10.4822,-7.560688
O=C(O)[C@H](CO)NC(=O)[C@H](CO)[n+]1[c-]n2ccccc2c1,-4.8038,-7.341778
O=C(O)[C@H](CO)NC(=O)[C@H](Cc1c[nH]c2ccccc12)NC(=O)[C@H](Cc1c[nH]cn1)[n+]1[c-]n2ccccc2c1,-10.0879,-9.24208
O=C(O)[C@H](CO)NC(=O)[C@H](Cc1c[nH]cn1)NC(=O)[C@H](Cc1c[nH]c2ccccc12)[n+]1[c-]n2ccccc2c1,-9.4153,-10.142566
O=C(O)[C@H](CO)NC(=O)[C@H](Cc1c[nH]cn1)NC(=O)[C@H](Cc1c[nH]cn1)[n+]1[c-]n2ccccc2c1,-9.5428,-7.981238
O=C(O)[C@H](CO)NC(=O)[C@H](Cc1ccc(O)cc1)NC(=O)[C@H](Cc1ccccc1)[n+]1[c-]n2ccccc2c1,-9.8152,-6.4193325
O=C(O)[C@H](CS)NC(=O)[C@H](CO)[n+]1[c-]n2ccccc2c1,-5.5004,-5.0211344
O=C(O)[C@H](CS)NC(=O)[C@H](CS)NC(=O)[C@H](Cc1ccccc1)[n+]1[c-]n2ccccc2c1,-9.9931,-5.3043075
O=C(O)[C@H](CS)NC(=O)[C@H](Cc1c[nH]c2ccccc12)NC(=O)[C@H](CO)[n+]1[c-]n2ccccc2c1,-4.2614,-7.385104
O=C(O)[C@H](CS)NC(=O)[C@H](Cc1c[nH]c2ccccc12)NC(=O)[C@H](Cc1ccccc1)[n+]1[c-]n2ccccc2c1,-11.3672,-10.131691
O=C(O)[C@H](CS)NC(=O)[C@H](Cc1c[nH]cn1)NC(=O)[C@H](Cc1ccc(O)cc1)[n+]1[c-]n2ccccc2c1,-3.8956,-7.0381427
O=C(O)[C@H](CS)NC(=O)[C@H](Cc1c[nH]cn1)[n+]1[c-]n2ccccc2c1,-7.1695,-7.5011826
O=C(O)[C@H](CS)NC(=O)[C@H](Cc1ccc(O)cc1)NC(=O)[C@H](Cc1ccccc1)[n+]1[c-]n2ccccc2c1,-9.9857,-9.3208065
O=C(O)[C@H](CS)NC(=O)[C@H](Cc1ccccc1)NC(=O)[C@H](CS)[n+]1[c-]n2ccccc2c1,-3.9148,-6.5658064
O=C(O)[C@H](Cc1c[nH]c2ccccc12)NC(=O)[C@@H]1CCCN1C(=O)[C@H](CO)[n+]1[c-]n2ccccc2c1,-14.2886,-9.274994
O=C(O)[C@H](Cc1c[nH]c2ccccc12)NC(=O)[C@@H]1CCCN1C(=O)[C@H](Cc1c[nH]c2ccccc12)[n+]1[c-]n2ccccc2c1,-9.3454,-13.015229
O=C(O)[C@H](Cc1c[nH]c2ccccc12)NC(=O)[C@H](CO)NC(=O)[C@H](CS)[n+]1[c-]n2ccccc2c1,-12.388,-9.968508
O=C(O)[C@H](Cc1c[nH]c2ccccc12)NC(=O)[C@H](CO)NC(=O)[C@H](Cc1ccccc1)[n+]1[c-]n2ccccc2c1,-11.7468,-10.569602
O=C(O)[C@H](Cc1c[nH]c2ccccc12)NC(=O)[C@H](CS)NC(=O)[C@H](Cc1c[nH]cn1)[n+]1[c-]n2ccccc2c1,-9.2928,-9.389423
O=C(O)[C@H](Cc1c[nH]c2ccccc12)NC(=O)[C@H](CS)NC(=O)[C@H](Cc1ccc(O)cc1)[n+]1[c-]n2ccccc2c1,-10.564,-7.4843416
O=C(O)[C@H](Cc1c[nH]c2ccccc12)NC(=O)[C@H](CS)NC(=O)[C@H](Cc1ccccc1)[n+]1[c-]n2ccccc2c1,-12.9239,-8.30165
O=C(O)[C@H](Cc1c[nH]c2ccccc12)NC(=O)[C@H](Cc1c[nH]c2ccccc12)NC(=O)[C@H](CO)[n+]1[c-]n2ccccc2c1,-11.1008,-10.04119
O=C(O)[C@H](Cc1c[nH]c2ccccc12)NC(=O)[C@H](Cc1c[nH]cn1)NC(=O)[C@H](Cc1c[nH]c2ccccc12)[n+]1[c-]n2ccccc2c1,-19.0894,-10.531467
O=C(O)[C@H](Cc1c[nH]c2ccccc12)NC(=O)[C@H](Cc1c[nH]cn1)NC(=O)[C@H](Cc1ccc(O)cc1)[n+]1[c-]n2ccccc2c1,-15.8413,-8.675814
O=C(O)[C@H](Cc1c[nH]c2ccccc12)NC(=O)[C@H](Cc1c[nH]cn1)NC(=O)[C@H](Cc1ccccc1)[n+]1[c-]n2ccccc2c1,-20.2616,-14.0244465
O=C(O)[C@H](Cc1c[nH]c2ccccc12)NC(=O)[C@H](Cc1ccccc1)NC(=O)[C@H](CO)[n+]1[c-]n2ccccc2c1,6.246,-9.4276
O=C(O)[C@H](Cc1c[nH]c2ccccc12)NC(=O)[C@H](Cc1ccccc1)NC(=O)[C@H](CS)[n+]1[c-]n2ccccc2c1,-4.6807,-6.3028603
O=C(O)[C@H](Cc1c[nH]cn1)NC(=O)[C@@H]1CCCN1C(=O)[C@H](Cc1c[nH]c2ccccc12)[n+]1[c-]n2ccccc2c1,0.1434,-5.6810236
O=C(O)[C@H](Cc1c[nH]cn1)NC(=O)[C@@H]1CCCN1C(=O)[C@H](Cc1ccccc1)[n+]1[c-]n2ccccc2c1,-4.5973,-4.963221
O=C(O)[C@H](Cc1c[nH]cn1)NC(=O)[C@H](CS)NC(=O)[C@H](CS)[n+]1[c-]n2ccccc2c1,-6.2922,-10.366319
O=C(O)[C@H](Cc1c[nH]cn1)NC(=O)[C@H](CS)NC(=O)[C@H](Cc1ccc(O)cc1)[n+]1[c-]n2ccccc2c1,-7.7922,-10.687315
O=C(O)[C@H](Cc1c[nH]cn1)NC(=O)[C@H](CS)[n+]1[c-]n2ccccc2c1,-8.1579,-7.3217354
O=C(O)[C@H](Cc1c[nH]cn1)NC(=O)[C@H](Cc1c[nH]c2ccccc12)NC(=O)[C@H](Cc1c[nH]cn1)[n+]1[c-]n2ccccc2c1,-22.0965,-10.978734
O=C(O)[C@H](Cc1c[nH]cn1)NC(=O)[C@H](Cc1c[nH]cn1)NC(=O)[C@H](Cc1ccc(O)cc1)[n+]1[c-]n2ccccc2c1,-8.645,-11.95222
O=C(O)[C@H](Cc1c[nH]cn1)NC(=O)[C@H](Cc1ccc(O)cc1)[n+]1[c-]n2ccccc2c1,-8.7985,-9.190052
O=C(O)[C@H](Cc1c[nH]cn1)NC(=O)[C@H](Cc1ccccc1)NC(=O)[C@H](Cc1c[nH]cn1)[n+]1[c-]n2ccccc2c1,0.1197,-6.9980984
O=C(O)[C@H](Cc1ccc(O)cc1)NC(=O)[C@@H]1CCCN1C(=O)[C@H](Cc1c[nH]c2ccccc12)[n+]1[c-]n2ccccc2c1,-8.2394,-7.2908926
O=C(O)[C@H](Cc1ccc(O)cc1)NC(=O)[C@H](CO)NC(=O)[C@H](CO)[n+]1[c-]n2ccccc2c1,-12.259,-9.690916
O=C(O)[C@H](Cc1ccc(O)cc1)NC(=O)[C@H](CO)NC(=O)[C@H](CS)[n+]1[c-]n2ccccc2c1,-9.535,-8.339909
O=C(O)[C@H](Cc1ccc(O)cc1)NC(=O)[C@H](CS)NC(=O)[C@H](Cc1ccccc1)[n+]1[c-]n2ccccc2c1,-14.1899,-9.497432
O=C(O)[C@H](Cc1ccc(O)cc1)NC(=O)[C@H](Cc1ccccc1)NC(=O)[C@H](CS)[n+]1[c-]n2ccccc2c1,-11.3582,-6.2753234
O=C(O)[C@H](Cc1ccc(O)cc1)NC(=O)[C@H](Cc1ccccc1)[n+]1[c-]n2ccccc2c1,-8.7947,-9.829426
O=C(O)[C@H](Cc1ccccc1)NC(=O)[C@@H]1CCCN1C(=O)[C@H](Cc1ccccc1)[n+]1[c-]n2ccccc2c1,-11.0303,-10.530281
O=C(O)[C@H](Cc1ccccc1)NC(=O)[C@H](CS)NC(=O)[C@H](CO)[n+]1[c-]n2ccccc2c1,-9.9366,-8.434604
O=C(O)[C@H](Cc1ccccc1)NC(=O)[C@H](CS)NC(=O)[C@H](Cc1c[nH]cn1)[n+]1[c-]n2ccccc2c1,-2.2216,-8.039975
O=C(O)[C@H](Cc1ccccc1)NC(=O)[C@H](Cc1c[nH]c2ccccc12)NC(=O)[C@H](CO)[n+]1[c-]n2ccccc2c1,-4.9679,-6.5777063
O=C(O)[C@H](Cc1ccccc1)NC(=O)[C@H](Cc1c[nH]cn1)NC(=O)[C@H](CO)[n+]1[c-]n2ccccc2c1,-2.7839,-12.041779
O=C(O)[C@H](Cc1ccccc1)NC(=O)[C@H](Cc1c[nH]cn1)NC(=O)[C@H](Cc1ccccc1)[n+]1[c-]n2ccccc2c1,-12.9561,-11.863818
O=C(O)[C@H](Cc1ccccc1)NC(=O)[C@H](Cc1c[nH]cn1)[n+]1[c-]n2ccccc2c1,-8.5612,-7.60526
O=C(O)[C@H](Cc1ccccc1)NC(=O)[C@H](Cc1ccc(O)cc1)NC(=O)[C@H](Cc1ccccc1)[n+]1[c-]n2ccccc2c1,-3.6758,-8.755086
CC(C)C[C@@H](C(=O)N1CCC[C@H]1C(=O)N[C@@H](Cc1ccccc1)C(=O)O)[n+]1[c-]n2ccccc2c1,-3.6564,-6.0194645
CC(C)C[C@@H](C(=O)N1CCC[C@H]1C(=O)O)[n+]1[c-]n2ccccc2c1,-6.0959,-5.3538275
CC(C)C[C@@H](C(=O)NCC(=O)N[C@@H](C)C(=O)O)[n+]1[c-]n2ccccc2c1,-13.2689,-7.593403
CC(C)C[C@@H](C(=O)NCC(=O)N[C@@H](CS)C(=O)O)[n+]1[c-]n2ccccc2c1,-12.5276,-8.122268
CC(C)C[C@@H](C(=O)NCC(=O)N[C@@H](Cc1c[nH]c2ccccc12)C(=O)O)[n+]1[c-]n2ccccc2c1,-12.4043,-8.060793
CC(C)C[C@@H](C(=O)N[C@@H](C)C(=O)N[C@@H](CCC(N)=O)C(=O)O)[n+]1[c-]n2ccccc2c1,-8.5725,-8.694583
CC(C)C[C@@H](C(=O)N[C@@H](C)C(=O)N[C@@H](CCCNC(=N)N)C(=O)O)[n+]1[c-]n2ccccc2c1,-4.5896,-9.744445
CC(C)C[C@@H](C(=O)N[C@@H](C)C(=O)N[C@@H](CS)C(=O)O)[n+]1[c-]n2ccccc2c1,-3.4657,-7.4371552
CC(C)C[C@@H](C(=O)N[C@@H](CC(=O)O)C(=O)NCC(=O)O)[n+]1[c-]n2ccccc2c1,-0.3468,-4.754261
CC(C)C[C@@H](C(=O)N[C@@H](CC(=O)O)C(=O)N[C@@H](CC(=O)O)C(=O)O)[n+]1[c-]n2ccccc2c1,-3.7594,-7.130954
CC(C)C[C@@H](C(=O)N[C@@H](CC(=O)O)C(=O)N[C@@H](CC(N)=O)C(=O)O)[n+]1[c-]n2ccccc2c1,-9.4663,-8.556009
CC(C)C[C@@H](C(=O)N[C@@H](CC(=O)O)C(=O)N[C@@H](CCCNC(=N)N)C(=O)O)[n+]1[c-]n2ccccc2c1,-16.5807,-7.060658
CC(C)C[C@@H](C(=O)N[C@@H](CC(N)=O)C(=O)N1CCC[C@H]1C(=O)O)[n+]1[c-]n2ccccc2c1,-11.5223,-8.045513
CC(C)C[C@@H](C(=O)N[C@@H](CC(N)=O)C(=O)N[C@@H](CCC(=O)O)C(=O)O)[n+]1[c-]n2ccccc2c1,-16.5275,-12.844654
CC(C)C[C@@H](C(=O)N[C@@H](CC(N)=O)C(=O)N[C@@H](CCCNC(=N)N)C(=O)O)[n+]1[c-]n2ccccc2c1,-11.1889,-12.382518
CC(C)C[C@@H](C(=O)N[C@@H](CC(N)=O)C(=O)N[C@@H](CO)C(=O)O)[n+]1[c-]n2ccccc2c1,-14.8454,-6.412937
CC(C)C[C@@H](C(=O)N[C@@H](CC(N)=O)C(=O)N[C@@H](CS)C(=O)O)[n+]1[c-]n2ccccc2c1,-9.4101,-5.8954926
CC(C)C[C@@H](C(=O)N[C@@H](CC(N)=O)C(=O)N[C@@H](Cc1ccc(O)cc1)C(=O)O)[n+]1[c-]n2ccccc2c1,-7.8159,-7.168436
CC(C)C[C@@H](C(=O)N[C@@H](CC(N)=O)C(=O)N[C@@H](Cc1ccccc1)C(=O)O)[n+]1[c-]n2ccccc2c1,-9.906,-8.532701
CC(C)C[C@@H](C(=O)N[C@@H](CC(N)=O)C(=O)N[C@H](C(=O)O)C(C)C)[n+]1[c-]n2ccccc2c1,-10.7444,-7.1765313
CC(C)C[C@@H](C(=O)N[C@@H](CCC(=O)O)C(=O)N[C@@H](CC(N)=O)C(=O)O)[n+]1[c-]n2ccccc2c1,-15.3676,-11.220738
CC(C)C[C@@H](C(=O)N[C@@H](CCC(=O)O)C(=O)N[C@@H](CCC(N)=O)C(=O)O)[n+]1[c-]n2ccccc2c1,-10.472,-11.535013
CC(C)C[C@@H](C(=O)N[C@@H](CCC(=O)O)C(=O)O)[n+]1[c-]n2ccccc2c1,-9.0029,-6.0905356
CC(C)C[C@@H](C(=O)N[C@@H](CCC(N)=O)C(=O)N1CCC[C@H]1C(=O)O)[n+]1[c-]n2ccccc2c1,-14.0546,-9.51996
CC(C)C[C@@H](C(=O)N[C@@H](CCC(N)=O)C(=O)N[C@@H](CC(=O)O)C(=O)O)[n+]1[c-]n2ccccc2c1,-15.7935,-11.486821
CC(C)C[C@@H](C(=O)N[C@@H](CCC(N)=O)C(=O)N[C@@H](CC(N)=O)C(=O)O)[n+]1[c-]n2ccccc2c1,-14.7992,-12.726477
CC(C)C[C@@H](C(=O)N[C@@H](CCC(N)=O)C(=O)N[C@@H](CCC(=O)O)C(=O)O)[n+]1[c-]n2ccccc2c1,-10.7694,-11.6493435
CC(C)C[C@@H](C(=O)N[C@@H](CCC(N)=O)C(=O)N[C@@H](CO)C(=O)O)[n+]1[c-]n2ccccc2c1,-12.3871,-6.611912
CC(C)C[C@@H](C(=O)N[C@@H](CCC(N)=O)C(=O)N[C@@H](CS)C(=O)O)[n+]1[c-]n2ccccc2c1,-11.4872,-9.936369
CC(C)C[C@@H](C(=O)N[C@@H](CCCNC(=N)N)C(=O)N[C@@H](CS)C(=O)O)[n+]1[c-]n2ccccc2c1,-12.8919,-18.518763
CC(C)C[C@@H](C(=O)N[C@@H](CCCNC(=N)N)C(=O)N[C@@H](Cc1c[nH]c2ccccc12)C(=O)O)[n+]1[c-]n2ccccc2c1,-7.5355,-9.538079
CC(C)C[C@@H](C(=O)N[C@@H](CO)C(=O)N[C@@H](CC(=O)O)C(=O)O)[n+]1[c-]n2ccccc2c1,10.209,-8.703637
CC(C)C[C@@H](C(=O)N[C@@H](CO)C(=O)N[C@@H](CCC(=O)O)C(=O)O)[n+]1[c-]n2ccccc2c1,-9.0717,-11.5383005
CC(C)C[C@@H](C(=O)N[C@@H](CS)C(=O)N[C@@H](C)C(=O)O)[n+]1[c-]n2ccccc2c1,0.5659,-6.732248
CC(C)C[C@@H](C(=O)N[C@@H](CS)C(=O)N[C@@H](Cc1c[nH]c2ccccc12)C(=O)O)[n+]1[c-]n2ccccc2c1,-14.1475,-11.693992
CC(C)C[C@@H](C(=O)N[C@@H](Cc1c[nH]c2ccccc12)C(=O)NCC(=O)O)[n+]1[c-]n2ccccc2c1,-3.5287,-7.6656165
CC(C)C[C@@H](C(=O)N[C@@H](Cc1c[nH]c2ccccc12)C(=O)N[C@@H](CO)C(=O)O)[n+]1[c-]n2ccccc2c1,-11.0337,-4.513215
CC(C)C[C@@H](C(=O)N[C@@H](Cc1c[nH]c2ccccc12)C(=O)N[C@@H](CS)C(=O)O)[n+]1[c-]n2ccccc2c1,-4.4863,-8.035684
CC(C)C[C@@H](C(=O)N[C@@H](Cc1c[nH]c2ccccc12)C(=O)N[C@H](C(=O)O)C(C)C)[n+]1[c-]n2ccccc2c1,-9.3675,-7.4792557
CC(C)C[C@@H](C(=O)N[C@@H](Cc1c[nH]cn1)C(=O)N[C@@H](CCC(N)=O)C(=O)O)[n+]1[c-]n2ccccc2c1,-10.1781,-8.389241
CC(C)C[C@@H](C(=O)N[C@@H](Cc1c[nH]cn1)C(=O)N[C@@H](Cc1c[nH]cn1)C(=O)O)[n+]1[c-]n2ccccc2c1,-14.9013,-11.358679
CC(C)C[C@@H](C(=O)N[C@@H](Cc1ccc(O)cc1)C(=O)NCC(=O)O)[n+]1[c-]n2ccccc2c1,-3.8005,-6.063139
CC(C)C[C@@H](C(=O)N[C@@H](Cc1ccc(O)cc1)C(=O)N[C@@H](CC(N)=O)C(=O)O)[n+]1[c-]n2ccccc2c1,-14.1527,-12.79249
CC(C)C[C@@H](C(=O)N[C@@H](Cc1ccc(O)cc1)C(=O)N[C@@H](Cc1c[nH]cn1)C(=O)O)[n+]1[c-]n2ccccc2c1,-7.2969,-5.820733
CC(C)C[C@@H](C(=O)N[C@@H](Cc1ccccc1)C(=O)N[C@@H](CCCNC(=N)N)C(=O)O)[n+]1[c-]n2ccccc2c1,-16.4357,-20.339954
CC(C)C[C@@H](C(=O)N[C@@H](Cc1ccccc1)C(=O)N[C@@H](Cc1c[nH]c2ccccc12)C(=O)O)[n+]1[c-]n2ccccc2c1,-5.6157,-9.587565
CC(C)C[C@@H](C(=O)N[C@@H](Cc1ccccc1)C(=O)N[C@@H](Cc1c[nH]cn1)C(=O)O)[n+]1[c-]n2ccccc2c1,-6.6843,-9.203908
CC(C)C[C@@H](C(=O)N[C@H](C(=O)N[C@@H](CCC(N)=O)C(=O)O)C(C)C)[n+]1[c-]n2ccccc2c1,-14.2731,-5.80989
CC(C)C[C@@H](C(=O)N[C@H](C(=O)N[C@@H](CCC(N)=O)C(=O)O)[C@@H](C)O)[n+]1[c-]n2ccccc2c1,-16.2972,-12.201159
CC(C)C[C@@H](C(=O)N[C@H](C(=O)N[C@@H](CO)C(=O)O)C(C)C)[n+]1[c-]n2ccccc2c1,-5.6005,-6.5900927
CC(C)C[C@@H](C(=O)N[C@H](C(=O)N[C@@H](CO)C(=O)O)[C@@H](C)O)[n+]1[c-]n2ccccc2c1,-6.3013,-7.847902
CC(C)C[C@@H](C(=O)N[C@H](C(=O)N[C@@H](Cc1c[nH]c2ccccc12)C(=O)O)[C@@H](C)O)[n+]1[c-]n2ccccc2c1,-15.6691,-8.073235
CC(C)C[C@@H](C(=O)N[C@H](C(=O)N[C@@H](Cc1ccc(O)cc1)C(=O)O)C(C)C)[n+]1[c-]n2ccccc2c1,-6.3136,-7.924068
CC(C)C[C@@H](C(=O)N[C@H](C(=O)N[C@@H](Cc1ccccc1)C(=O)O)C(C)C)[n+]1[c-]n2ccccc2c1,-4.8846,-6.7414546
CC(C)C[C@@H](C(=O)N[C@H](C(=O)N[C@H](C(=O)O)C(C)C)[C@@H](C)O)[n+]1[c-]n2ccccc2c1,0.5264,-3.1284084
CC(C)C[C@@H](C(=O)N[C@H](C(=O)N[C@H](C(=O)O)[C@@H](C)O)C(C)C)[n+]1[c-]n2ccccc2c1,-6.0351,-4.549242
CC(C)C[C@@H](C(=O)N[C@H](C(=O)O)C(C)C)[n+]1[c-]n2ccccc2c1,-4.539,-4.4070854
CC(C)C[C@H](NC(=O)CNC(=O)[C@H](CC(N)=O)[n+]1[c-]n2ccccc2c1)C(=O)O,-1.5796,-5.222741
CC(C)C[C@H](NC(=O)CNC(=O)[C@H](CCC(=O)O)[n+]1[c-]n2ccccc2c1)C(=O)O,-4.3402,-8.512688
CC(C)C[C@H](NC(=O)C[n+]1[c-]n2ccccc2c1)C(=O)N[C@@H](CC(N)=O)C(=O)O,-16.3499,-11.377769
CC(C)C[C@H](NC(=O)C[n+]1[c-]n2ccccc2c1)C(=O)N[C@@H](CO)C(=O)O,-11.3762,-8.692299
CC(C)C[C@H](NC(=O)C[n+]1[c-]n2ccccc2c1)C(=O)N[C@@H](Cc1c[nH]cn1)C(=O)O,-11.1596,-11.751614
CC(C)C[C@H](NC(=O)C[n+]1[c-]n2ccccc2c1)C(=O)N[C@@H](Cc1ccc(O)cc1)C(=O)O,-14.0509,-12.011281
CC(C)C[C@H](NC(=O)C[n+]1[c-]n2ccccc2c1)C(=O)N[C@H](C(=O)O)C(C)C,-8.3253,-11.852953
CC(C)C[C@H](NC(=O)[C@@H](NC(=O)[C@H](C(C)C)[n+]1[c-]n2ccccc2c1)[C@@H](C)O)C(=O)O,-1.5468,-5.3254285
CC(C)C[C@H](NC(=O)[C@@H](NC(=O)[C@H](C)[n+]1[c-]n2ccccc2c1)C(C)C)C(=O)O,-4.1771,-3.3092377
CC(C)C[C@H](NC(=O)[C@@H](NC(=O)[C@H](CC(=O)O)[n+]1[c-]n2ccccc2c1)C(C)C)C(=O)O,-2.8965,-2.9908767
CC(C)C[C@H](NC(=O)[C@@H](NC(=O)[C@H](CC(C)C)[n+]1[c-]n2ccccc2c1)[C@@H](C)O)C(=O)O,-1.1703,-4.967059
CC(C)C[C@H](NC(=O)[C@@H](NC(=O)[C@H](CCC(=O)O)[n+]1[c-]n2ccccc2c1)[C@@H](C)O)C(=O)O,1.1694,-6.2930536
CC(C)C[C@H](NC(=O)[C@@H](NC(=O)[C@H](CS)[n+]1[c-]n2ccccc2c1)[C@@H](C)O)C(=O)O,-1.2476,-4.2626824
CC(C)C[C@H](NC(=O)[C@@H](NC(=O)[C@H](Cc1c[nH]c2ccccc12)[n+]1[c-]n2ccccc2c1)C(C)C)C(=O)O,-1.7224,-5.021587
CC(C)C[C@H](NC(=O)[C@@H](NC(=O)[C@H](Cc1ccccc1)[n+]1[c-]n2ccccc2c1)[C@@H](C)O)C(=O)O,-4.5861,-4.6418357
CC(C)C[C@H](NC(=O)[C@@H]1CCCN1C(=O)[C@H](C(C)C)[n+]1[c-]n2ccccc2c1)C(=O)O,-5.3038,-5.295951
CC(C)C[C@H](NC(=O)[C@@H]1CCCN1C(=O)[C@H](C)[n+]1[c-]n2ccccc2c1)C(=O)O,-7.2277,-4.5859365
CC(C)C[C@H](NC(=O)[C@@H]1CCCN1C(=O)[C@H](CCC(=O)O)[n+]1[c-]n2ccccc2c1)C(=O)O,-11.936,-6.4789076
CC(C)C[C@H](NC(=O)[C@H](C(C)C)[n+]1[c-]n2ccccc2c1)C(=O)NCC(=O)O,-4.8828,-5.013133
CC(C)C[C@H](NC(=O)[C@H](C(C)C)[n+]1[c-]n2ccccc2c1)C(=O)N[C@@H](CCC(=O)O)C(=O)O,-10.5536,-11.753381
CC(C)C[C@H](NC(=O)[C@H](C(C)C)[n+]1[c-]n2ccccc2c1)C(=O)N[C@@H](CCC(N)=O)C(=O)O,-16.3145,-12.606518
CC(C)C[C@H](NC(=O)[C@H](C(C)C)[n+]1[c-]n2ccccc2c1)C(=O)N[C@@H](Cc1ccccc1)C(=O)O,-7.1079,-5.5587764
CC(C)C[C@H](NC(=O)[C@H](C(C)C)[n+]1[c-]n2ccccc2c1)C(=O)O,-4.3399,-4.216904
CC(C)C[C@H](NC(=O)[C@H](C)NC(=O)[C@H](C(C)C)[n+]1[c-]n2ccccc2c1)C(=O)O,-2.2273,-3.4118109
CC(C)C[C@H](NC(=O)[C@H](C)NC(=O)[C@H](CC(=O)O)[n+]1[c-]n2ccccc2c1)C(=O)O,-7.8304,-4.3881826
CC(C)C[C@H](NC(=O)[C@H](C)NC(=O)[C@H](CCC(=O)O)[n+]1[c-]n2ccccc2c1)C(=O)O,-4.9972,-7.8867097
CC(C)C[C@H](NC(=O)[C@H](C)NC(=O)[C@H](Cc1ccccc1)[n+]1[c-]n2ccccc2c1)C(=O)O,-1.7991,-4.8012657
CC(C)C[C@H](NC(=O)[C@H](C)[n+]1[c-]n2ccccc2c1)C(=O)N[C@@H](CC(N)=O)C(=O)O,-11.4875,-4.9950185
CC(C)C[C@H](NC(=O)[C@H](C)[n+]1[c-]n2ccccc2c1)C(=O)N[C@@H](CCC(=O)O)C(=O)O,-11.389,-7.864585
CC(C)C[C@H](NC(=O)[C@H](CC(=O)O)NC(=O)[C@H](CC(=O)O)[n+]1[c-]n2ccccc2c1)C(=O)O,0.898,-3.7097383
CC(C)C[C@H](NC(=O)[C@H](CC(=O)O)NC(=O)[C@H](CCC(N)=O)[n+]1[c-]n2ccccc2c1)C(=O)O,-6.7116,-7.775397
CC(C)C[C@H](NC(=O)[C@H](CC(=O)O)NC(=O)[C@H](CCCNC(=N)N)[n+]1[c-]n2ccccc2c1)C(=O)O,-3.4023,-8.741918
CC(C)C[C@H](NC(=O)[C@H](CC(=O)O)NC(=O)[C@H](Cc1c[nH]cn1)[n+]1[c-]n2ccccc2c1)C(=O)O,-5.3122,-7.67346
CC(C)C[C@H](NC(=O)[C@H](CC(=O)O)NC(=O)[C@H]([C@@H](C)O)[n+]1[c-]n2ccccc2c1)C(=O)O,-6.0634,-7.5892177
CC(C)C[C@H](NC(=O)[C@H](CC(=O)O)[n+]1[c-]n2ccccc2c1)C(=O)N[C@@H](CCC(=O)O)C(=O)O,-10.4907,-4.492795
CC(C)C[C@H](NC(=O)[C@H](CC(=O)O)[n+]1[c-]n2ccccc2c1)C(=O)N[C@@H](CCCNC(=N)N)C(=O)O,-6.2785,-9.73343
CC(C)C[C@H](NC(=O)[C@H](CC(=O)O)[n+]1[c-]n2ccccc2c1)C(=O)N[C@@H](Cc1c[nH]cn1)C(=O)O,-1.4256,-8.257066
CC(C)C[C@H](NC(=O)[C@H](CC(=O)O)[n+]1[c-]n2ccccc2c1)C(=O)N[C@@H](Cc1ccc(O)cc1)C(=O)O,-7.1796,-7.037887
CC(C)C[C@H](NC(=O)[C@H](CC(=O)O)[n+]1[c-]n2ccccc2c1)C(=O)N[C@H](C(=O)O)C(C)C,-6.908,-5.878816
CC(C)C[C@H](NC(=O)[C@H](CC(C)C)NC(=O)[C@H](C(C)C)[n+]1[c-]n2ccccc2c1)C(=O)O,-6.6468,-4.088165
CC(C)C[C@H](NC(=O)[C@H](CC(C)C)NC(=O)[C@H](CC(N)=O)[n+]1[c-]n2ccccc2c1)C(=O)O,-0.8535,-4.8703003
CC(C)C[C@H](NC(=O)[C@H](CC(C)C)[n+]1[c-]n2ccccc2c1)C(=O)N[C@@H](C)C(=O)O,-5.7476,-4.594551
CC(C)C[C@H](NC(=O)[C@H](CC(N)=O)NC(=O)[C@H](CCCNC(=N)N)[n+]1[c-]n2ccccc2c1)C(=O)O,1.7809,-10.168279
CC(C)C[C@H](NC(=O)[C@H](CC(N)=O)NC(=O)[C@H]([C@@H](C)O)[n+]1[c-]n2ccccc2c1)C(=O)O,-13.4777,-9.510556
CC(C)C[C@H](NC(=O)[C@H](CC(N)=O)[n+]1[c-]n2ccccc2c1)C(=O)NCC(=O)O,0.9098,-4.6808753
CC(C)C[C@H](NC(=O)[C@H](CC(N)=O)[n+]1[c-]n2ccccc2c1)C(=O)N[C@@H](CCC(=O)O)C(=O)O,-9.7611,-5.1662655
CC(C)C[C@H](NC(=O)[C@H](CC(N)=O)[n+]1[c-]n2ccccc2c1)C(=O)N[C@@H](CCCNC(=N)N)C(=O)O,-11.0558,-10.370594
CC(C)C[C@H](NC(=O)[C@H](CCC(=O)O)NC(=O)[C@H](CC(=O)O)[n+]1[c-]n2ccccc2c1)C(=O)O,-12.0149,-4.794151
CC(C)C[C@H](NC(=O)[C@H](CCC(=O)O)NC(=O)[C@H](CO)[n+]1[c-]n2ccccc2c1)C(=O)O,-11.6832,-6.9688463
CC(C)C[C@H](NC(=O)[C@H](CCC(=O)O)NC(=O)[C@H](CS)[n+]1[c-]n2ccccc2c1)C(=O)O,-9.836,-6.335854
CC(C)C[C@H](NC(=O)[C@H](CCC(=O)O)NC(=O)[C@H](Cc1c[nH]c2ccccc12)[n+]1[c-]n2ccccc2c1)C(=O)O,-11.4392,-9.146516
CC(C)C[C@H](NC(=O)[C@H](CCC(=O)O)NC(=O)[C@H](Cc1ccc(O)cc1)[n+]1[c-]n2ccccc2c1)C(=O)O,-11.7453,-9.701071
CC(C)C[C@H](NC(=O)[C@H](CCC(=O)O)[n+]1[c-]n2ccccc2c1)C(=O)N1CCC[C@H]1C(=O)O,-6.9493,-5.7126
CC(C)C[C@H](NC(=O)[C@H](CCC(=O)O)[n+]1[c-]n2ccccc2c1)C(=O)N[C@@H](CCC(N)=O)C(=O)O,0.4989,-9.132456
CC(C)C[C@H](NC(=O)[C@H](CCC(=O)O)[n+]1[c-]n2ccccc2c1)C(=O)N[C@@H](Cc1c[nH]cn1)C(=O)O,-14.4406,-9.621603
CC(C)C[C@H](NC(=O)[C@H](CCC(N)=O)NC(=O)[C@H](CC(N)=O)[n+]1[c-]n2ccccc2c1)C(=O)O,-13.9,-9.434831
CC(C)C[C@H](NC(=O)[C@H](CCC(N)=O)[n+]1[c-]n2ccccc2c1)C(=O)N1CCC[C@H]1C(=O)O,-10.6671,-7.0243955
CC(C)C[C@H](NC(=O)[C@H](CCC(N)=O)[n+]1[c-]n2ccccc2c1)C(=O)N[C@@H](Cc1ccc(O)cc1)C(=O)O,-5.9441,-13.688328
CC(C)C[C@H](NC(=O)[C@H](CCC(N)=O)[n+]1[c-]n2ccccc2c1)C(=O)N[C@@H](Cc1ccccc1)C(=O)O,-4.3346,-6.167284
CC(C)C[C@H](NC(=O)[C@H](CCCNC(=N)N)NC(=O)C[n+]1[c-]n2ccccc2c1)C(=O)O,-11.3368,-11.252716
CC(C)C[C@H](NC(=O)[C@H](CCCNC(=N)N)[n+]1[c-]n2ccccc2c1)C(=O)NCC(=O)O,0.718,-4.346971
CC(C)C[C@H](NC(=O)[C@H](CCCNC(=N)N)[n+]1[c-]n2ccccc2c1)C(=O)N[C@@H](CC(N)=O)C(=O)O,-8.9857,-8.759856
CC(C)C[C@H](NC(=O)[C@H](CCCNC(=N)N)[n+]1[c-]n2ccccc2c1)C(=O)N[C@@H](Cc1c[nH]c2ccccc12)C(=O)O,-5.3004,-9.996239
CC(C)C[C@H](NC(=O)[C@H](CCCNC(=N)N)[n+]1[c-]n2ccccc2c1)C(=O)O,-9.2499,-8.579042
CC(C)C[C@H](NC(=O)[C@H](CO)NC(=O)[C@H](C(C)C)[n+]1[c-]n2ccccc2c1)C(=O)O,-1.3437,-4.06472
CC(C)C[C@H](NC(=O)[C@H](CO)NC(=O)[C@H](C)[n+]1[c-]n2ccccc2c1)C(=O)O,-4.8301,-4.27969
CC(C)C[C@H](NC(=O)[C@H](CO)NC(=O)[C@H](CCCNC(=N)N)[n+]1[c-]n2ccccc2c1)C(=O)O,-8.9592,-3.0669682
CC(C)C[C@H](NC(=O)[C@H](CO)NC(=O)[C@H](CO)[n+]1[c-]n2ccccc2c1)C(=O)O,-4.413,-4.597393
CC(C)C[C@H](NC(=O)[C@H](CO)[n+]1[c-]n2ccccc2c1)C(=O)N[C@H](C(=O)O)C(C)C,-5.855,-5.3071046
CC(C)C[C@H](NC(=O)[C@H](CO)[n+]1[c-]n2ccccc2c1)C(=O)N[C@H](C(=O)O)[C@@H](C)O,-0.3474,-5.013979
CC(C)C[C@H](NC(=O)[C@H](CS)NC(=O)[C@H](CCC(=O)O)[n+]1[c-]n2ccccc2c1)C(=O)O,-6.1345,-9.637614
CC(C)C[C@H](NC(=O)[C@H](CS)NC(=O)[C@H](CS)[n+]1[c-]n2ccccc2c1)C(=O)O,-3.0597,-8.261601
CC(C)C[C@H](NC(=O)[C@H](CS)[n+]1[c-]n2ccccc2c1)C(=O)N[C@@H](C)C(=O)O,-2.5417,-3.3611639
CC(C)C[C@H](NC(=O)[C@H](CS)[n+]1[c-]n2ccccc2c1)C(=O)N[C@@H](CC(=O)O)C(=O)O,-8.6977,-7.4573107
CC(C)C[C@H](NC(=O)[C@H](CS)[n+]1[c-]n2ccccc2c1)C(=O)N[C@@H](CCCNC(=N)N)C(=O)O,-12.3616,-5.2294903
CC(C)C[C@H](NC(=O)[C@H](CS)[n+]1[c-]n2ccccc2c1)C(=O)N[C@H](C(=O)O)[C@@H](C)O,-3.3506,-7.484291
CC(C)C[C@H](NC(=O)[C@H](Cc1c[nH]c2ccccc12)NC(=O)[C@H](CC(=O)O)[n+]1[c-]n2ccccc2c1)C(=O)O,-10.5576,-9.864193
CC(C)C[C@H](NC(=O)[C@H](Cc1c[nH]c2ccccc12)NC(=O)[C@H](CO)[n+]1[c-]n2ccccc2c1)C(=O)O,-0.1236,-4.205801
CC(C)C[C@H](NC(=O)[C@H](Cc1c[nH]c2ccccc12)NC(=O)[C@H](Cc1c[nH]cn1)[n+]1[c-]n2ccccc2c1)C(=O)O,-8.0412,-10.512826
CC(C)C[C@H](NC(=O)[C@H](Cc1c[nH]c2ccccc12)NC(=O)[C@H](Cc1ccccc1)[n+]1[c-]n2ccccc2c1)C(=O)O,-6.3597,-10.895053
CC(C)C[C@H](NC(=O)[C@H](Cc1c[nH]c2ccccc12)[n+]1[c-]n2ccccc2c1)C(=O)N[C@@H](Cc1c[nH]cn1)C(=O)O,-1.3324,-6.3231945
CC(C)C[C@H](NC(=O)[C@H](Cc1c[nH]cn1)NC(=O)[C@H](C(C)C)[n+]1[c-]n2ccccc2c1)C(=O)O,-0.0845,-6.213467
CC(C)C[C@H](NC(=O)[C@H](Cc1c[nH]cn1)NC(=O)[C@H](C)[n+]1[c-]n2ccccc2c1)C(=O)O,-8.1709,-7.1384983
CC(C)C[C@H](NC(=O)[C@H](Cc1c[nH]cn1)NC(=O)[C@H](CCC(N)=O)[n+]1[c-]n2ccccc2c1)C(=O)O,-11.7334,-8.99834
CC(C)C[C@H](NC(=O)[C@H](Cc1c[nH]cn1)NC(=O)[C@H](Cc1c[nH]c2ccccc12)[n+]1[c-]n2ccccc2c1)C(=O)O,-8.9058,-8.122745
CC(C)C[C@H](NC(=O)[C@H](Cc1c[nH]cn1)NC(=O)[C@H]([C@@H](C)O)[n+]1[c-]n2ccccc2c1)C(=O)O,-5.3732,-7.24281
CC(C)C[C@H](NC(=O)[C@H](Cc1c[nH]cn1)[n+]1[c-]n2ccccc2c1)C(=O)NCC(=O)O,-0.3253,-5.9974966
CC(C)C[C@H](NC(=O)[C@H](Cc1c[nH]cn1)[n+]1[c-]n2ccccc2c1)C(=O)N[C@@H](CCC(=O)O)C(=O)O,-4.3239,-6.6982346
CC(C)C[C@H](NC(=O)[C@H](Cc1ccc(O)cc1)NC(=O)[C@H](CCC(N)=O)[n+]1[c-]n2ccccc2c1)C(=O)O,-9.5138,-6.212823
CC(C)C[C@H](NC(=O)[C@H](Cc1ccc(O)cc1)NC(=O)[C@H](Cc1ccc(O)cc1)[n+]1[c-]n2ccccc2c1)C(=O)O,-9.7641,-6.723942
CC(C)C[C@H](NC(=O)[C@H](Cc1ccc(O)cc1)[n+]1[c-]n2ccccc2c1)C(=O)NCC(=O)O,-1.8168,-8.202833
CC(C)C[C@H](NC(=O)[C@H](Cc1ccc(O)cc1)[n+]1[c-]n2ccccc2c1)C(=O)N[C@@H](CC(=O)O)C(=O)O,-7.1859,-7.439337
CC(C)C[C@H](NC(=O)[C@H](Cc1ccc(O)cc1)[n+]1[c-]n2ccccc2c1)C(=O)N[C@@H](CCC(=O)O)C(=O)O,-13.9509,-8.507215
CC(C)C[C@H](NC(=O)[C@H](Cc1ccc(O)cc1)[n+]1[c-]n2ccccc2c1)C(=O)N[C@@H](CO)C(=O)O,-3.6043,-7.0899076
CC(C)C[C@H](NC(=O)[C@H](Cc1ccc(O)cc1)[n+]1[c-]n2ccccc2c1)C(=O)N[C@@H](Cc1c[nH]c2ccccc12)C(=O)O,-8.5477,-8.134082
CC(C)C[C@H](NC(=O)[C@H](Cc1ccc(O)cc1)[n+]1[c-]n2ccccc2c1)C(=O)N[C@@H](Cc1ccccc1)C(=O)O,-4.3385,-7.9150243
CC(C)C[C@H](NC(=O)[C@H](Cc1ccccc1)NC(=O)[C@H](CCC(=O)O)[n+]1[c-]n2ccccc2c1)C(=O)O,-6.8107,-8.521835
CC(C)C[C@H](NC(=O)[C@H](Cc1ccccc1)NC(=O)[C@H](Cc1c[nH]cn1)[n+]1[c-]n2ccccc2c1)C(=O)O,-7.6988,-7.1775174
CC(C)C[C@H](NC(=O)[C@H](Cc1ccccc1)NC(=O)[C@H]([C@@H](C)O)[n+]1[c-]n2ccccc2c1)C(=O)O,-5.2938,-7.55482
CC(C)C[C@H](NC(=O)[C@H](Cc1ccccc1)[n+]1[c-]n2ccccc2c1)C(=O)N[C@@H](C)C(=O)O,-2.8923,-4.6526775
CC(C)C[C@H](NC(=O)[C@H](Cc1ccccc1)[n+]1[c-]n2ccccc2c1)C(=O)N[C@@H](CC(=O)O)C(=O)O,-8.3342,-9.726074
CC(C)C[C@H](NC(=O)[C@H](Cc1ccccc1)[n+]1[c-]n2ccccc2c1)C(=O)N[C@@H](CS)C(=O)O,17.6025,-4.105157
CC(C)C[C@H](NC(=O)[C@H](Cc1ccccc1)[n+]1[c-]n2ccccc2c1)C(=O)N[C@@H](Cc1ccccc1)C(=O)O,-6.8177,-10.801408
CC(C)C[C@H](NC(=O)[C@H]([C@@H](C)O)[n+]1[c-]n2ccccc2c1)C(=O)N[C@@H](C)C(=O)O,-8.5961,-5.9948363
CC(C)C[C@H](NC(=O)[C@H]([C@@H](C)O)[n+]1[c-]n2ccccc2c1)C(=O)N[C@@H](CCC(N)=O)C(=O)O,-5.8329,-8.31492
CC(C)C[C@H](NC(=O)[C@H]([C@@H](C)O)[n+]1[c-]n2ccccc2c1)C(=O)N[C@@H](Cc1c[nH]cn1)C(=O)O,-4.7351,-5.93138
CC(C)C[C@H](NC(=O)[C@H]([C@@H](C)O)[n+]1[c-]n2ccccc2c1)C(=O)N[C@H](C(=O)O)[C@@H](C)O,-3.6977,-6.3127446
CC(C)C[C@H](NC(=O)[C@H]([C@@H](C)O)[n+]1[c-]n2ccccc2c1)C(=O)O,-8.5773,-5.571664
CC(C)[C@@H](C(=O)N1CCC[C@H]1C(=O)N[C@@H](CC(=O)O)C(=O)O)[n+]1[c-]n2ccccc2c1,-7.6512,-9.34856
CC(C)[C@@H](C(=O)N1CCC[C@H]1C(=O)N[C@@H](CC(N)=O)C(=O)O)[n+]1[c-]n2ccccc2c1,-7.5812,-8.022042
CC(C)[C@@H](C(=O)N1CCC[C@H]1C(=O)N[C@@H](CCC(N)=O)C(=O)O)[n+]1[c-]n2ccccc2c1,-15.7955,-9.798478
CC(C)[C@@H](C(=O)N1CCC[C@H]1C(=O)N[C@@H](CCCNC(=N)N)C(=O)O)[n+]1[c-]n2ccccc2c1,-8.1463,-5.505466
CC(C)[C@@H](C(=O)NCC(=O)N[C@H](C(=O)O)[C@@H](C)O)[n+]1[c-]n2ccccc2c1,-7.2037,-8.384848
CC(C)[C@@H](C(=O)N[C@@H](C)C(=O)N[C@@H](CCCNC(=N)N)C(=O)O)[n+]1[c-]n2ccccc2c1,-12.7351,-8.170583
CC(C)[C@@H](C(=O)N[C@@H](C)C(=O)N[C@@H](Cc1c[nH]cn1)C(=O)O)[n+]1[c-]n2ccccc2c1,-2.3987,-4.7844324
CC(C)[C@@H](C(=O)N[C@@H](CC(=O)O)C(=O)N[C@@H](Cc1ccc(O)cc1)C(=O)O)[n+]1[c-]n2ccccc2c1,-10.0245,-7.7712655
CC(C)[C@@H](C(=O)N[C@@H](CC(=O)O)C(=O)N[C@@H](Cc1ccccc1)C(=O)O)[n+]1[c-]n2ccccc2c1,-9.1154,-8.796081
CC(C)[C@@H](C(=O)N[C@@H](CC(N)=O)C(=O)NCC(=O)O)[n+]1[c-]n2ccccc2c1,9.095,-7.4810944
CC(C)[C@@H](C(=O)N[C@@H](CC(N)=O)C(=O)N[C@@H](CC(N)=O)C(=O)O)[n+]1[c-]n2ccccc2c1,-14.1336,-9.625351
CC(C)[C@@H](C(=O)N[C@@H](CC(N)=O)C(=O)N[C@@H](CCC(N)=O)C(=O)O)[n+]1[c-]n2ccccc2c1,-9.2073,-9.333061
CC(C)[C@@H](C(=O)N[C@@H](CCC(=O)O)C(=O)N[C@@H](Cc1c[nH]cn1)C(=O)O)[n+]1[c-]n2ccccc2c1,-20.4388,-13.074254
CC(C)[C@@H](C(=O)N[C@@H](CCC(=O)O)C(=O)N[C@@H](Cc1ccccc1)C(=O)O)[n+]1[c-]n2ccccc2c1,-16.4355,-7.522582
CC(C)[C@@H](C(=O)N[C@@H](CCC(N)=O)C(=O)N[C@@H](CC(=O)O)C(=O)O)[n+]1[c-]n2ccccc2c1,-20.5893,-11.485112
CC(C)[C@@H](C(=O)N[C@@H](CCC(N)=O)C(=O)N[C@@H](CCCNC(=N)N)C(=O)O)[n+]1[c-]n2ccccc2c1,-11.6383,-12.652575
CC(C)[C@@H](C(=O)N[C@@H](CCC(N)=O)C(=O)N[C@H](C(=O)O)[C@@H](C)O)[n+]1[c-]n2ccccc2c1,-9.1061,-9.592661
CC(C)[C@@H](C(=O)N[C@@H](CCCNC(=N)N)C(=O)N[C@@H](CC(N)=O)C(=O)O)[n+]1[c-]n2ccccc2c1,-9.4466,-9.905037
CC(C)[C@@H](C(=O)N[C@@H](CCCNC(=N)N)C(=O)N[C@@H](CS)C(=O)O)[n+]1[c-]n2ccccc2c1,-2.8387,-7.89285
CC(C)[C@@H](C(=O)N[C@@H](CO)C(=O)N[C@@H](CC(N)=O)C(=O)O)[n+]1[c-]n2ccccc2c1,-4.4723,-9.396611
CC(C)[C@@H](C(=O)N[C@@H](CS)C(=O)N[C@@H](CC(N)=O)C(=O)O)[n+]1[c-]n2ccccc2c1,-8.528,-8.382138
CC(C)[C@@H](C(=O)N[C@@H](CS)C(=O)N[C@@H](CCC(N)=O)C(=O)O)[n+]1[c-]n2ccccc2c1,-13.9301,-11.662595
CC(C)[C@@H](C(=O)N[C@@H](CS)C(=O)N[C@@H](CS)C(=O)O)[n+]1[c-]n2ccccc2c1,-5.3345,-5.3552403
CC(C)[C@@H](C(=O)N[C@@H](CS)C(=O)N[C@@H](Cc1c[nH]c2ccccc12)C(=O)O)[n+]1[c-]n2ccccc2c1,-7.1808,-9.730442
CC(C)[C@@H](C(=O)N[C@@H](CS)C(=O)N[C@@H](Cc1ccc(O)cc1)C(=O)O)[n+]1[c-]n2ccccc2c1,-3.6637,-7.7792487
CC(C)[C@@H](C(=O)N[C@@H](CS)C(=O)N[C@H](C(=O)O)[C@@H](C)O)[n+]1[c-]n2ccccc2c1,-6.8945,-7.465591
CC(C)[C@@H](C(=O)N[C@@H](CS)C(=O)O)[n+]1[c-]n2ccccc2c1,-8.0536,-5.218663
CC(C)[C@@H](C(=O)N[C@@H](Cc1c[nH]c2ccccc12)C(=O)N[C@@H](Cc1c[nH]c2ccccc12)C(=O)O)[n+]1[c-]n2ccccc2c1,-2.6141,-9.4352
CC(C)[C@@H](C(=O)N[C@@H](Cc1c[nH]cn1)C(=O)N[C@@H](CCC(=O)O)C(=O)O)[n+]1[c-]n2ccccc2c1,-14.2413,-10.266716
CC(C)[C@@H](C(=O)N[C@@H](Cc1c[nH]cn1)C(=O)N[C@@H](CCCNC(=N)N)C(=O)O)[n+]1[c-]n2ccccc2c1,-11.6652,-9.724314
CC(C)[C@@H](C(=O)N[C@@H](Cc1c[nH]cn1)C(=O)N[C@@H](CO)C(=O)O)[n+]1[c-]n2ccccc2c1,-12.9394,-11.132177
CC(C)[C@@H](C(=O)N[C@@H](Cc1c[nH]cn1)C(=O)O)[n+]1[c-]n2ccccc2c1,-11.2929,-8.775079
CC(C)[C@@H](C(=O)N[C@@H](Cc1ccc(O)cc1)C(=O)N[C@@H](C)C(=O)O)[n+]1[c-]n2ccccc2c1,-6.8281,-7.895285
CC(C)[C@@H](C(=O)N[C@@H](Cc1ccc(O)cc1)C(=O)N[C@@H](CO)C(=O)O)[n+]1[c-]n2ccccc2c1,-10.5463,-9.005542
CC(C)[C@@H](C(=O)N[C@@H](Cc1ccc(O)cc1)C(=O)N[C@@H](CS)C(=O)O)[n+]1[c-]n2ccccc2c1,-2.2492,-5.521316
CC(C)[C@@H](C(=O)N[C@@H](Cc1ccc(O)cc1)C(=O)O)[n+]1[c-]n2ccccc2c1,-6.5407,-7.3835115
CC(C)[C@@H](C(=O)N[C@@H](Cc1ccccc1)C(=O)NCC(=O)O)[n+]1[c-]n2ccccc2c1,-9.089,-5.337064
CC(C)[C@@H](C(=O)N[C@@H](Cc1ccccc1)C(=O)N[C@@H](C)C(=O)O)[n+]1[c-]n2ccccc2c1,-8.1161,-7.6765623
CC(C)[C@@H](C(=O)N[C@@H](Cc1ccccc1)C(=O)N[C@@H](CCC(N)=O)C(=O)O)[n+]1[c-]n2ccccc2c1,-7.2418,-10.228629
CC(C)[C@@H](C(=O)N[C@@H](Cc1ccccc1)C(=O)N[C@H](C(=O)O)[C@@H](C)O)[n+]1[c-]n2ccccc2c1,-6.8107,-8.281243
CC(C)[C@@H](C(=O)N[C@@H](Cc1ccccc1)C(=O)O)[n+]1[c-]n2ccccc2c1,-14.5214,-5.7721343
CC(C)[C@@H](C(=O)N[C@H](C(=O)N[C@@H](Cc1ccc(O)cc1)C(=O)O)[C@@H](C)O)[n+]1[c-]n2ccccc2c1,-8.3286,-8.271749
CC(C)[C@@H](C(=O)N[C@H](C(=O)N[C@H](C(=O)O)[C@@H](C)O)[C@@H](C)O)[n+]1[c-]n2ccccc2c1,-0.6787,-6.545337
CC(C)[C@@H](C(=O)N[C@H](C(=O)O)[C@@H](C)O)[n+]1[c-]n2ccccc2c1,-9.6614,-6.454306
CC(C)[C@H](NC(=O)C[n+]1[c-]n2ccccc2c1)C(=O)N[C@@H](CC(N)=O)C(=O)O,-14.7158,-12.251524
CC(C)[C@H](NC(=O)C[n+]1[c-]n2ccccc2c1)C(=O)N[C@@H](CCCNC(=N)N)C(=O)O,-14.6936,-8.073421
CC(C)[C@H](NC(=O)C[n+]1[c-]n2ccccc2c1)C(=O)N[C@@H](CO)C(=O)O,-9.2544,-9.662619
CC(C)[C@H](NC(=O)[C@@H](NC(=O)[C@H](CC(=O)O)[n+]1[c-]n2ccccc2c1)C(C)C)C(=O)O,-4.7795,-3.5681875
CC(C)[C@H](NC(=O)[C@@H](NC(=O)[C@H](CC(N)=O)[n+]1[c-]n2ccccc2c1)[C@@H](C)O)C(=O)O,-7.0395,-6.474487
CC(C)[C@H](NC(=O)[C@@H](NC(=O)[C@H](CCC(=O)O)[n+]1[c-]n2ccccc2c1)[C@@H](C)O)C(=O)O,-7.7532,-5.6045027
CC(C)[C@H](NC(=O)[C@@H](NC(=O)[C@H](CCC(N)=O)[n+]1[c-]n2ccccc2c1)C(C)C)C(=O)O,4.9839,-4.9350166
CC(C)[C@H](NC(=O)[C@@H](NC(=O)[C@H](Cc1c[nH]cn1)[n+]1[c-]n2ccccc2c1)C(C)C)C(=O)O,-6.1459,-5.3231316
CC(C)[C@H](NC(=O)[C@@H](NC(=O)[C@H]([C@@H](C)O)[n+]1[c-]n2ccccc2c1)[C@@H](C)O)C(=O)O,-5.0989,-7.695692
CC(C)[C@H](NC(=O)[C@@H]1CCCN1C(=O)[C@H](CO)[n+]1[c-]n2ccccc2c1)C(=O)O,-9.2357,-8.352368
CC(C)[C@H](NC(=O)[C@H](C(C)C)[n+]1[c-]n2ccccc2c1)C(=O)N[C@@H](CC(N)=O)C(=O)O,-14.1399,-10.742573
CC(C)[C@H](NC(=O)[C@H](C(C)C)[n+]1[c-]n2ccccc2c1)C(=O)N[C@@H](CCC(=O)O)C(=O)O,-14.6281,-11.352565
CC(C)[C@H](NC(=O)[C@H](C(C)C)[n+]1[c-]n2ccccc2c1)C(=O)N[C@@H](Cc1ccccc1)C(=O)O,-4.8591,-4.4788947
CC(C)[C@H](NC(=O)[C@H](C(C)C)[n+]1[c-]n2ccccc2c1)C(=O)N[C@H](C(=O)O)[C@@H](C)O,-2.7437,-6.0878983
CC(C)[C@H](NC(=O)[C@H](C)NC(=O)[C@H](CCC(=O)O)[n+]1[c-]n2ccccc2c1)C(=O)O,-7.5076,-5.16999
CC(C)[C@H](NC(=O)[C@H](C)NC(=O)[C@H](CO)[n+]1[c-]n2ccccc2c1)C(=O)O,-8.733,-7.6201563
CC(C)[C@H](NC(=O)[C@H](C)NC(=O)[C@H](CS)[n+]1[c-]n2ccccc2c1)C(=O)O,-1.7526,-2.725591
CC(C)[C@H](NC(=O)[C@H](C)[n+]1[c-]n2ccccc2c1)C(=O)N[C@@H](C)C(=O)O,-3.1413,-3.4470184
CC(C)[C@H](NC(=O)[C@H](C)[n+]1[c-]n2ccccc2c1)C(=O)N[C@@H](Cc1c[nH]cn1)C(=O)O,-4.0992,-4.7059965
CC(C)[C@H](NC(=O)[C@H](CC(=O)O)NC(=O)[C@H](CCCNC(=N)N)[n+]1[c-]n2ccccc2c1)C(=O)O,-7.297,-10.479978
CC(C)[C@H](NC(=O)[C@H](CC(=O)O)NC(=O)[C@H](CO)[n+]1[c-]n2ccccc2c1)C(=O)O,-5.2651,-7.474744
CC(C)[C@H](NC(=O)[C@H](CC(=O)O)NC(=O)[C@H](Cc1ccccc1)[n+]1[c-]n2ccccc2c1)C(=O)O,-0.021,-5.8552084
CC(C)[C@H](NC(=O)[C@H](CC(=O)O)[n+]1[c-]n2ccccc2c1)C(=O)N[C@@H](Cc1c[nH]c2ccccc12)C(=O)O,-12.9545,-7.8081765
CC(C)[C@H](NC(=O)[C@H](CC(=O)O)[n+]1[c-]n2ccccc2c1)C(=O)O,-4.4401,-5.1267815
CC(C)[C@H](NC(=O)[C@H](CC(N)=O)NC(=O)C[n+]1[c-]n2ccccc2c1)C(=O)O,-7.322,-9.557345
CC(C)[C@H](NC(=O)[C@H](CC(N)=O)NC(=O)[C@H](CC(N)=O)[n+]1[c-]n2ccccc2c1)C(=O)O,-6.2747,-8.352339
CC(C)[C@H](NC(=O)[C@H](CC(N)=O)NC(=O)[C@H](CCC(N)=O)[n+]1[c-]n2ccccc2c1)C(=O)O,-7.6216,-6.833121
CC(C)[C@H](NC(=O)[C@H](CC(N)=O)NC(=O)[C@H](Cc1c[nH]cn1)[n+]1[c-]n2ccccc2c1)C(=O)O,-8.9402,-8.169179
CC(C)[C@H](NC(=O)[C@H](CC(N)=O)[n+]1[c-]n2ccccc2c1)C(=O)N1CCC[C@H]1C(=O)O,-3.3092,-4.9996367
CC(C)[C@H](NC(=O)[C@H](CC(N)=O)[n+]1[c-]n2ccccc2c1)C(=O)NCC(=O)O,-10.1533,-4.40739
CC(C)[C@H](NC(=O)[C@H](CC(N)=O)[n+]1[c-]n2ccccc2c1)C(=O)N[C@@H](C)C(=O)O,-6.4481,-4.9057755
CC(C)[C@H](NC(=O)[C@H](CCC(=O)O)NC(=O)[C@H](C)[n+]1[c-]n2ccccc2c1)C(=O)O,-10.1672,-7.981504
CC(C)[C@H](NC(=O)[C@H](CCC(=O)O)NC(=O)[C@H](CCCNC(=N)N)[n+]1[c-]n2ccccc2c1)C(=O)O,-12.8215,-6.976268
CC(C)[C@H](NC(=O)[C@H](CCC(=O)O)NC(=O)[C@H](Cc1c[nH]c2ccccc12)[n+]1[c-]n2ccccc2c1)C(=O)O,-12.1988,-9.092076
CC(C)[C@H](NC(=O)[C@H](CCC(=O)O)[n+]1[c-]n2ccccc2c1)C(=O)N1CCC[C@H]1C(=O)O,-2.3701,-7.890438
CC(C)[C@H](NC(=O)[C@H](CCC(=O)O)[n+]1[c-]n2ccccc2c1)C(=O)NCC(=O)O,-4.3287,-6.8922534
CC(C)[C@H](NC(=O)[C@H](CCC(=O)O)[n+]1[c-]n2ccccc2c1)C(=O)N[C@@H](CC(=O)O)C(=O)O,-10.5851,-11.690466
CC(C)[C@H](NC(=O)[C@H](CCC(=O)O)[n+]1[c-]n2ccccc2c1)C(=O)N[C@@H](CCC(N)=O)C(=O)O,-12.5179,-6.618446
CC(C)[C@H](NC(=O)[C@H](CCC(=O)O)[n+]1[c-]n2ccccc2c1)C(=O)N[C@@H](CCCNC(=N)N)C(=O)O,-7.4588,-11.421815
CC(C)[C@H](NC(=O)[C@H](CCC(=O)O)[n+]1[c-]n2ccccc2c1)C(=O)N[C@@H](Cc1c[nH]cn1)C(=O)O,-3.3258,-7.145798
CC(C)[C@H](NC(=O)[C@H](CCC(N)=O)NC(=O)[C@H](Cc1ccccc1)[n+]1[c-]n2ccccc2c1)C(=O)O,-10.7446,-5.422084
CC(C)[C@H](NC(=O)[C@H](CCC(N)=O)[n+]1[c-]n2ccccc2c1)C(=O)N[C@@H](CO)C(=O)O,-4.8596,-5.521856
CC(C)[C@H](NC(=O)[C@H](CCC(N)=O)[n+]1[c-]n2ccccc2c1)C(=O)N[C@@H](Cc1ccccc1)C(=O)O,-3.3381,-5.619012
CC(C)[C@H](NC(=O)[C@H](CCCNC(=N)N)NC(=O)[C@H](CCC(N)=O)[n+]1[c-]n2ccccc2c1)C(=O)O,-7.9114,-9.918746
CC(C)[C@H](NC(=O)[C@H](CCCNC(=N)N)NC(=O)[C@H](CCCNC(=N)N)[n+]1[c-]n2ccccc2c1)C(=O)O,-12.9738,-9.399128
CC(C)[C@H](NC(=O)[C@H](CCCNC(=N)N)NC(=O)[C@H](CO)[n+]1[c-]n2ccccc2c1)C(=O)O,-12.6204,-8.824533
CC(C)[C@H](NC(=O)[C@H](CCCNC(=N)N)NC(=O)[C@H](Cc1ccc(O)cc1)[n+]1[c-]n2ccccc2c1)C(=O)O,-6.0959,-7.552547
CC(C)[C@H](NC(=O)[C@H](CCCNC(=N)N)NC(=O)[C@H](Cc1ccccc1)[n+]1[c-]n2ccccc2c1)C(=O)O,-10.6635,-9.593221
CC(C)[C@H](NC(=O)[C@H](CCCNC(=N)N)[n+]1[c-]n2ccccc2c1)C(=O)N[C@@H](CC(=O)O)C(=O)O,-1.0941,-9.504694
CC(C)[C@H](NC(=O)[C@H](CCCNC(=N)N)[n+]1[c-]n2ccccc2c1)C(=O)N[C@@H](CC(N)=O)C(=O)O,-1.1961,-6.998602
CC(C)[C@H](NC(=O)[C@H](CCCNC(=N)N)[n+]1[c-]n2ccccc2c1)C(=O)N[C@@H](CCC(N)=O)C(=O)O,-5.9888,-8.420874
CC(C)[C@H](NC(=O)[C@H](CO)NC(=O)C[n+]1[c-]n2ccccc2c1)C(=O)O,-7.0278,-9.1198015
CC(C)[C@H](NC(=O)[C@H](CO)NC(=O)[C@H](CC(N)=O)[n+]1[c-]n2ccccc2c1)C(=O)O,-3.2879,-10.11857
CC(C)[C@H](NC(=O)[C@H](CO)NC(=O)[C@H](CCC(=O)O)[n+]1[c-]n2ccccc2c1)C(=O)O,-8.7548,-4.670565
CC(C)[C@H](NC(=O)[C@H](CO)NC(=O)[C@H](Cc1c[nH]c2ccccc12)[n+]1[c-]n2ccccc2c1)C(=O)O,1.4159,-8.328674
CC(C)[C@H](NC(=O)[C@H](CO)NC(=O)[C@H](Cc1ccc(O)cc1)[n+]1[c-]n2ccccc2c1)C(=O)O,-10.9902,-7.3462796
CC(C)[C@H](NC(=O)[C@H](CO)NC(=O)[C@H](Cc1ccccc1)[n+]1[c-]n2ccccc2c1)C(=O)O,-2.1512,-3.3169227
CC(C)[C@H](NC(=O)[C@H](CO)[n+]1[c-]n2ccccc2c1)C(=O)N1CCC[C@H]1C(=O)O,-3.1163,-5.4581995
CC(C)[C@H](NC(=O)[C@H](CO)[n+]1[c-]n2ccccc2c1)C(=O)N[C@@H](CC(N)=O)C(=O)O,-12.6696,-8.61561
CC(C)[C@H](NC(=O)[C@H](CO)[n+]1[c-]n2ccccc2c1)C(=O)N[C@@H](CCC(=O)O)C(=O)O,-11.5489,-14.369928
CC(C)[C@H](NC(=O)[C@H](CO)[n+]1[c-]n2ccccc2c1)C(=O)N[C@@H](CCC(N)=O)C(=O)O,-8.3134,-8.064721
CC(C)[C@H](NC(=O)[C@H](CS)NC(=O)[C@H](CCC(N)=O)[n+]1[c-]n2ccccc2c1)C(=O)O,-11.1776,-7.1533937
CC(C)[C@H](NC(=O)[C@H](CS)NC(=O)[C@H](CO)[n+]1[c-]n2ccccc2c1)C(=O)O,-5.2831,-5.4643364
CC(C)[C@H](NC(=O)[C@H](CS)NC(=O)[C@H](CS)[n+]1[c-]n2ccccc2c1)C(=O)O,-3.0308,-3.8515759
CC(C)[C@H](NC(=O)[C@H](CS)NC(=O)[C@H](Cc1ccc(O)cc1)[n+]1[c-]n2ccccc2c1)C(=O)O,-1.744,-7.2720723
CC(C)[C@H](NC(=O)[C@H](CS)[n+]1[c-]n2ccccc2c1)C(=O)N1CCC[C@H]1C(=O)O,-6.2667,-7.328695
CC(C)[C@H](NC(=O)[C@H](CS)[n+]1[c-]n2ccccc2c1)C(=O)N[C@@H](Cc1ccccc1)C(=O)O,-9.1109,-7.2169275
CC(C)[C@H](NC(=O)[C@H](Cc1c[nH]c2ccccc12)NC(=O)C[n+]1[c-]n2ccccc2c1)C(=O)O,-9.7641,-10.254609
CC(C)[C@H](NC(=O)[C@H](Cc1c[nH]c2ccccc12)NC(=O)[C@H](CC(N)=O)[n+]1[c-]n2ccccc2c1)C(=O)O,-10.0249,-9.734351
CC(C)[C@H](NC(=O)[C@H](Cc1c[nH]c2ccccc12)NC(=O)[C@H](CCC(N)=O)[n+]1[c-]n2ccccc2c1)C(=O)O,-10.6766,-4.251708
CC(C)[C@H](NC(=O)[C@H](Cc1c[nH]c2ccccc12)[n+]1[c-]n2ccccc2c1)C(=O)N[C@@H](CC(N)=O)C(=O)O,-6.186,-6.222753
CC(C)[C@H](NC(=O)[C@H](Cc1c[nH]c2ccccc12)[n+]1[c-]n2ccccc2c1)C(=O)N[C@@H](CCC(=O)O)C(=O)O,-11.3708,-11.141846
CC(C)[C@H](NC(=O)[C@H](Cc1c[nH]cn1)[n+]1[c-]n2ccccc2c1)C(=O)N[C@@H](CC(=O)O)C(=O)O,0.4234,-8.468645
CC(C)[C@H](NC(=O)[C@H](Cc1ccc(O)cc1)NC(=O)[C@H](CC(=O)O)[n+]1[c-]n2ccccc2c1)C(=O)O,-2.4267,-4.8001966
CC(C)[C@H](NC(=O)[C@H](Cc1ccc(O)cc1)NC(=O)[C@H](CC(N)=O)[n+]1[c-]n2ccccc2c1)C(=O)O,-4.8762,-8.555694
CC(C)[C@H](NC(=O)[C@H](Cc1ccc(O)cc1)NC(=O)[C@H](CCCNC(=N)N)[n+]1[c-]n2ccccc2c1)C(=O)O,0.1532,-6.5727797
CC(C)[C@H](NC(=O)[C@H](Cc1ccc(O)cc1)[n+]1[c-]n2ccccc2c1)C(=O)N[C@@H](CC(=O)O)C(=O)O,-8.963,-7.241988
CC(C)[C@H](NC(=O)[C@H](Cc1ccc(O)cc1)[n+]1[c-]n2ccccc2c1)C(=O)N[C@@H](Cc1ccc(O)cc1)C(=O)O,-9.6517,-7.486537
CC(C)[C@H](NC(=O)[C@H](Cc1ccccc1)NC(=O)[C@H](C)[n+]1[c-]n2ccccc2c1)C(=O)O,-5.3971,-6.418674
CC(C)[C@H](NC(=O)[C@H](Cc1ccccc1)[n+]1[c-]n2ccccc2c1)C(=O)NCC(=O)O,-3.0194,-3.8447359
CC(C)[C@H](NC(=O)[C@H](Cc1ccccc1)[n+]1[c-]n2ccccc2c1)C(=O)N[C@@H](CCCNC(=N)N)C(=O)O,-13.7131,-11.326954
CC[C@H](C)[C@@H](C(=O)N1CCC[C@H]1C(=O)N1CCC[C@H]1C(=O)O)[n+]1[c-]n2ccccc2c1,-8.641,-7.408276
CC[C@H](C)[C@@H](C(=O)N1CCC[C@H]1C(=O)NCC(=O)O)[n+]1[c-]n2ccccc2c1,-5.991,-5.3381963
CC[C@H](C)[C@@H](C(=O)N1CCC[C@H]1C(=O)N[C@@H](C)C(=O)O)[n+]1[c-]n2ccccc2c1,-4.7147,-6.239612
CC[C@H](C)[C@@H](C(=O)N1CCC[C@H]1C(=O)N[C@@H](CC(C)C)C(=O)O)[n+]1[c-]n2ccccc2c1,-3.7607,-5.0443788
CC[C@H](C)[C@@H](C(=O)N1CCC[C@H]1C(=O)N[C@@H](CCC(=O)O)C(=O)O)[n+]1[c-]n2ccccc2c1,-2.6061,-8.147567
CC[C@H](C)[C@@H](C(=O)N1CCC[C@H]1C(=O)N[C@@H](CS)C(=O)O)[n+]1[c-]n2ccccc2c1,-4.296,-6.4928503
CC[C@H](C)[C@@H](C(=O)N1CCC[C@H]1C(=O)N[C@@H](Cc1c[nH]c2ccccc12)C(=O)O)[n+]1[c-]n2ccccc2c1,-4.4798,-9.235358
CC[C@H](C)[C@@H](C(=O)N1CCC[C@H]1C(=O)N[C@@H](Cc1c[nH]cn1)C(=O)O)[n+]1[c-]n2ccccc2c1,-2.3074,-6.012861
CC[C@H](C)[C@@H](C(=O)NCC(=O)N[C@@H](C)C(=O)O)[n+]1[c-]n2ccccc2c1,-7.1111,-7.4600344
CC[C@H](C)[C@@H](C(=O)NCC(=O)N[C@@H](CC(C)C)C(=O)O)[n+]1[c-]n2ccccc2c1,-11.3656,-8.575749
CC[C@H](C)[C@@H](C(=O)NCC(=O)N[C@@H](CCSC)C(=O)O)[n+]1[c-]n2ccccc2c1,-8.0022,-7.1595383
CC[C@H](C)[C@@H](C(=O)N[C@@H](C)C(=O)N[C@@H](CC(C)C)C(=O)O)[n+]1[c-]n2ccccc2c1,-6.343,-5.2440476
CC[C@H](C)[C@@H](C(=O)N[C@@H](C)C(=O)N[C@@H](Cc1c[nH]cn1)C(=O)O)[n+]1[c-]n2ccccc2c1,-1.2208,-5.292006
CC[C@H](C)[C@@H](C(=O)N[C@@H](C)C(=O)N[C@H](C(=O)O)C(C)C)[n+]1[c-]n2ccccc2c1,-5.0188,-4.3330297
CC[C@H](C)[C@@H](C(=O)N[C@@H](C)C(=O)N[C@H](C(=O)O)[C@@H](C)O)[n+]1[c-]n2ccccc2c1,-4.0502,-6.853089
CC[C@H](C)[C@@H](C(=O)N[C@@H](CC(=O)O)C(=O)N[C@@H](CC(C)C)C(=O)O)[n+]1[c-]n2ccccc2c1,-5.6409,-6.892363
CC[C@H](C)[C@@H](C(=O)N[C@@H](CC(=O)O)C(=O)N[C@@H](CC(N)=O)C(=O)O)[n+]1[c-]n2ccccc2c1,-5.9721,-11.040475
CC[C@H](C)[C@@H](C(=O)N[C@@H](CC(=O)O)C(=O)N[C@@H](CCCNC(=N)N)C(=O)O)[n+]1[c-]n2ccccc2c1,-8.2246,-7.0667796
CC[C@H](C)[C@@H](C(=O)N[C@@H](CC(=O)O)C(=O)N[C@@H](CCSC)C(=O)O)[n+]1[c-]n2ccccc2c1,-7.0863,-10.101551
CC[C@H](C)[C@@H](C(=O)N[C@@H](CC(=O)O)C(=O)N[C@@H](CO)C(=O)O)[n+]1[c-]n2ccccc2c1,-7.1876,-6.390807
CC[C@H](C)[C@@H](C(=O)N[C@@H](CC(=O)O)C(=O)N[C@@H](Cc1ccccc1)C(=O)O)[n+]1[c-]n2ccccc2c1,-7.6188,-9.583772
CC[C@H](C)[C@@H](C(=O)N[C@@H](CC(=O)O)C(=O)N[C@H](C(=O)O)C(C)C)[n+]1[c-]n2ccccc2c1,-4.7435,-7.0297976
CC[C@H](C)[C@@H](C(=O)N[C@@H](CC(=O)O)C(=O)N[C@H](C(=O)O)[C@@H](C)O)[n+]1[c-]n2ccccc2c1,-7.7586,-6.986298
CC[C@H](C)[C@@H](C(=O)N[C@@H](CC(=O)O)C(=O)O)[n+]1[c-]n2ccccc2c1,-8.9167,-6.9860067
CC[C@H](C)[C@@H](C(=O)N[C@@H](CC(C)C)C(=O)N[C@@H](CC(C)C)C(=O)O)[n+]1[c-]n2ccccc2c1,-8.7807,-6.0720196
CC[C@H](C)[C@@H](C(=O)N[C@@H](CC(C)C)C(=O)N[C@@H](Cc1c[nH]cn1)C(=O)O)[n+]1[c-]n2ccccc2c1,-8.8312,-6.3062005
CC[C@H](C)[C@@H](C(=O)N[C@@H](CC(C)C)C(=O)N[C@@H](Cc1ccc(O)cc1)C(=O)O)[n+]1[c-]n2ccccc2c1,-15.6644,-6.5452676
CC[C@H](C)[C@@H](C(=O)N[C@@H](CC(C)C)C(=O)N[C@@H](Cc1ccccc1)C(=O)O)[n+]1[c-]n2ccccc2c1,-5.076,-5.8147507
CC[C@H](C)[C@@H](C(=O)N[C@@H](CC(N)=O)C(=O)N[C@@H](CC(=O)O)C(=O)O)[n+]1[c-]n2ccccc2c1,-15.158,-9.552636
CC[C@H](C)[C@@H](C(=O)N[C@@H](CC(N)=O)C(=O)N[C@@H](CC(N)=O)C(=O)O)[n+]1[c-]n2ccccc2c1,-12.0572,-12.287045
CC[C@H](C)[C@@H](C(=O)N[C@@H](CC(N)=O)C(=O)N[C@@H](Cc1ccccc1)C(=O)O)[n+]1[c-]n2ccccc2c1,-7.371,-10.19756
CC[C@H](C)[C@@H](C(=O)N[C@@H](CC(N)=O)C(=O)N[C@H](C(=O)O)C(C)C)[n+]1[c-]n2ccccc2c1,-13.0864,-8.375352
CC[C@H](C)[C@@H](C(=O)N[C@@H](CC(N)=O)C(=O)O)[n+]1[c-]n2ccccc2c1,-8.0075,-7.530155
CC[C@H](C)[C@@H](C(=O)N[C@@H](CCC(=O)O)C(=O)N[C@@H](CCSC)C(=O)O)[n+]1[c-]n2ccccc2c1,-8.9905,-6.306992
CC[C@H](C)[C@@H](C(=O)N[C@@H](CCC(=O)O)C(=O)N[C@@H](CO)C(=O)O)[n+]1[c-]n2ccccc2c1,-10.9635,-9.305726
CC[C@H](C)[C@@H](C(=O)N[C@@H](CCC(=O)O)C(=O)N[C@@H](Cc1c[nH]c2ccccc12)C(=O)O)[n+]1[c-]n2ccccc2c1,-17.2608,-7.4775453
CC[C@H](C)[C@@H](C(=O)N[C@@H](CCC(=O)O)C(=O)N[C@@H](Cc1c[nH]cn1)C(=O)O)[n+]1[c-]n2ccccc2c1,-17.9867,-11.643772
CC[C@H](C)[C@@H](C(=O)N[C@@H](CCC(N)=O)C(=O)N[C@@H](CCC(=O)O)C(=O)O)[n+]1[c-]n2ccccc2c1,-9.5844,-9.138457
CC[C@H](C)[C@@H](C(=O)N[C@@H](CCC(N)=O)C(=O)N[C@@H](CCC(N)=O)C(=O)O)[n+]1[c-]n2ccccc2c1,-15.8166,-9.203397
CC[C@H](C)[C@@H](C(=O)N[C@@H](CCC(N)=O)C(=O)N[C@@H](CCSC)C(=O)O)[n+]1[c-]n2ccccc2c1,-8.8513,-8.67795
CC[C@H](C)[C@@H](C(=O)N[C@@H](CCC(N)=O)C(=O)N[C@@H](Cc1c[nH]c2ccccc12)C(=O)O)[n+]1[c-]n2ccccc2c1,-17.5652,-11.736479
CC[C@H](C)[C@@H](C(=O)N[C@@H](CCC(N)=O)C(=O)N[C@@H](Cc1ccccc1)C(=O)O)[n+]1[c-]n2ccccc2c1,-12.5819,-10.037654
CC[C@H](C)[C@@H](C(=O)N[C@@H](CCC(N)=O)C(=O)N[C@H](C(=O)O)C(C)C)[n+]1[c-]n2ccccc2c1,-13.6766,-8.522651
CC[C@H](C)[C@@H](C(=O)N[C@@H](CCCNC(=N)N)C(=O)N1CCC[C@H]1C(=O)O)[n+]1[c-]n2ccccc2c1,-5.7014,-6.5195704
CC[C@H](C)[C@@H](C(=O)N[C@@H](CCCNC(=N)N)C(=O)N[C@@H](CC(N)=O)C(=O)O)[n+]1[c-]n2ccccc2c1,-14.874,-16.909773
CC[C@H](C)[C@@H](C(=O)N[C@@H](CCCNC(=N)N)C(=O)N[C@@H](Cc1ccc(O)cc1)C(=O)O)[n+]1[c-]n2ccccc2c1,-1.5578,-10.290726
CC[C@H](C)[C@@H](C(=O)N[C@@H](CCSC)C(=O)N[C@@H](CCC(=O)O)C(=O)O)[n+]1[c-]n2ccccc2c1,-12.4619,-9.888229
CC[C@H](C)[C@@H](C(=O)N[C@@H](CCSC)C(=O)N[C@@H](CCCNC(=N)N)C(=O)O)[n+]1[c-]n2ccccc2c1,-8.183,-7.744964
CC[C@H](C)[C@@H](C(=O)N[C@@H](CCSC)C(=O)N[C@@H](CCSC)C(=O)O)[n+]1[c-]n2ccccc2c1,0.463,-8.3321295
CC[C@H](C)[C@@H](C(=O)N[C@@H](CCSC)C(=O)N[C@H](C(=O)O)C(C)C)[n+]1[c-]n2ccccc2c1,-4.3596,-6.1490226
CC[C@H](C)[C@@H](C(=O)N[C@@H](CCSC)C(=O)N[C@H](C(=O)O)[C@@H](C)O)[n+]1[c-]n2ccccc2c1,-8.1259,-9.481203
CC[C@H](C)[C@@H](C(=O)N[C@@H](CO)C(=O)NCC(=O)O)[n+]1[c-]n2ccccc2c1,-4.8567,-7.2165713
CC[C@H](C)[C@@H](C(=O)N[C@@H](CO)C(=O)N[C@@H](CCCNC(=N)N)C(=O)O)[n+]1[c-]n2ccccc2c1,-6.7492,-8.949359
CC[C@H](C)[C@@H](C(=O)N[C@@H](CO)C(=O)N[C@@H](Cc1c[nH]c2ccccc12)C(=O)O)[n+]1[c-]n2ccccc2c1,-10.5191,-7.882516
CC[C@H](C)[C@@H](C(=O)N[C@@H](CO)C(=O)N[C@H](C(=O)O)C(C)C)[n+]1[c-]n2ccccc2c1,-1.5307,-4.9492116
CC[C@H](C)[C@@H](C(=O)N[C@@H](CS)C(=O)N[C@@H](CO)C(=O)O)[n+]1[c-]n2ccccc2c1,-9.4295,-8.664832
CC[C@H](C)[C@@H](C(=O)N[C@@H](CS)C(=O)N[C@@H](Cc1c[nH]c2ccccc12)C(=O)O)[n+]1[c-]n2ccccc2c1,-6.2374,-9.331045
CC[C@H](C)[C@@H](C(=O)N[C@@H](CS)C(=O)N[C@H](C(=O)O)C(C)C)[n+]1[c-]n2ccccc2c1,-5.5289,-6.7275515
CC[C@H](C)[C@@H](C(=O)N[C@@H](CS)C(=O)O)[n+]1[c-]n2ccccc2c1,-4.4187,-5.0274305
CC[C@H](C)[C@@H](C(=O)N[C@@H](Cc1c[nH]c2ccccc12)C(=O)N[C@@H](CCCNC(=N)N)C(=O)O)[n+]1[c-]n2ccccc2c1,-19.2214,-8.583099
CC[C@H](C)[C@@H](C(=O)N[C@@H](Cc1c[nH]c2ccccc12)C(=O)N[C@@H](Cc1ccc(O)cc1)C(=O)O)[n+]1[c-]n2ccccc2c1,-7.5905,-7.9098425
CC[C@H](C)[C@@H](C(=O)N[C@@H](Cc1c[nH]cn1)C(=O)N[C@@H](Cc1ccc(O)cc1)C(=O)O)[n+]1[c-]n2ccccc2c1,-7.8821,-9.765333
CC[C@H](C)[C@@H](C(=O)N[C@@H](Cc1c[nH]cn1)C(=O)N[C@H](C(=O)O)[C@@H](C)O)[n+]1[c-]n2ccccc2c1,-4.7196,-8.636689
CC[C@H](C)[C@@H](C(=O)N[C@@H](Cc1c[nH]cn1)C(=O)O)[n+]1[c-]n2ccccc2c1,-11.0184,-8.407912
CC[C@H](C)[C@@H](C(=O)N[C@@H](Cc1ccc(O)cc1)C(=O)N[C@@H](CC(N)=O)C(=O)O)[n+]1[c-]n2ccccc2c1,-10.7069,-10.364333
CC[C@H](C)[C@@H](C(=O)N[C@@H](Cc1ccc(O)cc1)C(=O)N[C@@H](CCC(=O)O)C(=O)O)[n+]1[c-]n2ccccc2c1,-11.3331,-11.389671
CC[C@H](C)[C@@H](C(=O)N[C@@H](Cc1ccc(O)cc1)C(=O)N[C@@H](CCC(N)=O)C(=O)O)[n+]1[c-]n2ccccc2c1,-13.439,-10.961843
CC[C@H](C)[C@@H](C(=O)N[C@@H](Cc1ccc(O)cc1)C(=O)N[C@@H](Cc1ccccc1)C(=O)O)[n+]1[c-]n2ccccc2c1,-5.1138,-8.121317
CC[C@H](C)[C@@H](C(=O)N[C@@H](Cc1ccc(O)cc1)C(=O)N[C@H](C(=O)O)[C@@H](C)O)[n+]1[c-]n2ccccc2c1,-6.5353,-8.501763
CC[C@H](C)[C@@H](C(=O)N[C@@H](Cc1ccccc1)C(=O)N1CCC[C@H]1C(=O)O)[n+]1[c-]n2ccccc2c1,-9.2507,-8.404497
CC[C@H](C)[C@@H](C(=O)N[C@@H](Cc1ccccc1)C(=O)N[C@@H](CC(=O)O)C(=O)O)[n+]1[c-]n2ccccc2c1,1.1894,-10.229786
CC[C@H](C)[C@@H](C(=O)N[C@@H](Cc1ccccc1)C(=O)N[C@@H](CC(N)=O)C(=O)O)[n+]1[c-]n2ccccc2c1,-8.3128,-7.812214
CC[C@H](C)[C@@H](C(=O)N[C@@H](Cc1ccccc1)C(=O)N[C@@H](CO)C(=O)O)[n+]1[c-]n2ccccc2c1,-9.8933,-8.551878
CC[C@H](C)[C@@H](C(=O)N[C@H](C(=O)N1CCC[C@H]1C(=O)O)C(C)C)[n+]1[c-]n2ccccc2c1,-4.4409,-5.6211357
CC[C@H](C)[C@@H](C(=O)N[C@H](C(=O)N[C@@H](CC(N)=O)C(=O)O)C(C)C)[n+]1[c-]n2ccccc2c1,-7.7162,-10.193093
CC[C@H](C)[C@@H](C(=O)N[C@H](C(=O)N[C@@H](CCCNC(=N)N)C(=O)O)C(C)C)[n+]1[c-]n2ccccc2c1,1.8018,-5.2063394
CC[C@H](C)[C@@H](C(=O)N[C@H](C(=O)N[C@@H](Cc1c[nH]c2ccccc12)C(=O)O)[C@@H](C)O)[n+]1[c-]n2ccccc2c1,-9.273,-8.2309675
CC[C@H](C)[C@@H](C(=O)N[C@H](C(=O)N[C@H](C(=O)O)[C@@H](C)O)[C@@H](C)O)[n+]1[c-]n2ccccc2c1,-7.4014,-7.621354
CC[C@H](C)[C@H](NC(=O)CNC(=O)C[n+]1[c-]n2ccccc2c1)C(=O)O,-8.7895,-8.926824
CC[C@H](C)[C@H](NC(=O)CNC(=O)[C@H](CC(=O)O)[n+]1[c-]n2ccccc2c1)C(=O)O,-9.48,-12.8888855
CC[C@H](C)[C@H](NC(=O)CNC(=O)[C@H](CC(C)C)[n+]1[c-]n2ccccc2c1)C(=O)O,-7.1783,-7.6218734
CC[C@H](C)[C@H](NC(=O)CNC(=O)[C@H](CC(N)=O)[n+]1[c-]n2ccccc2c1)C(=O)O,-1.6743,-4.991291
CC[C@H](C)[C@H](NC(=O)CNC(=O)[C@H](CCC(=O)O)[n+]1[c-]n2ccccc2c1)C(=O)O,-7.571,-7.3578386
CC[C@H](C)[C@H](NC(=O)CNC(=O)[C@H]([C@@H](C)O)[n+]1[c-]n2ccccc2c1)C(=O)O,-10.9544,-7.095407
CC[C@H](C)[C@H](NC(=O)C[n+]1[c-]n2ccccc2c1)C(=O)NCC(=O)O,-8.0826,-8.674029
CC[C@H](C)[C@H](NC(=O)C[n+]1[c-]n2ccccc2c1)C(=O)N[C@@H](CC(=O)O)C(=O)O,-10.7276,-10.613366
CC[C@H](C)[C@H](NC(=O)C[n+]1[c-]n2ccccc2c1)C(=O)N[C@@H](CCC(N)=O)C(=O)O,-17.0241,-12.73828
CC[C@H](C)[C@H](NC(=O)C[n+]1[c-]n2ccccc2c1)C(=O)N[C@@H](Cc1c[nH]cn1)C(=O)O,-11.6589,-11.50129
CC[C@H](C)[C@H](NC(=O)C[n+]1[c-]n2ccccc2c1)C(=O)N[C@H](C(=O)O)[C@@H](C)O,-28.743,-25.304049
CC[C@H](C)[C@H](NC(=O)[C@@H](NC(=O)C[n+]1[c-]n2ccccc2c1)[C@@H](C)CC)C(=O)O,-7.5971,-8.62127
CC[C@H](C)[C@H](NC(=O)[C@@H](NC(=O)[C@H](C(C)C)[n+]1[c-]n2ccccc2c1)C(C)C)C(=O)O,-2.5581,-4.093155
CC[C@H](C)[C@H](NC(=O)[C@@H](NC(=O)[C@H](C)[n+]1[c-]n2ccccc2c1)C(C)C)C(=O)O,-4.462,-3.0708961
CC[C@H](C)[C@H](NC(=O)[C@@H](NC(=O)[C@H](C)[n+]1[c-]n2ccccc2c1)[C@@H](C)O)C(=O)O,2.1832,-3.838359
CC[C@H](C)[C@H](NC(=O)[C@@H](NC(=O)[C@H](CC(C)C)[n+]1[c-]n2ccccc2c1)C(C)C)C(=O)O,-5.2822,-4.8393965
CC[C@H](C)[C@H](NC(=O)[C@@H](NC(=O)[C@H](CCC(=O)O)[n+]1[c-]n2ccccc2c1)C(C)C)C(=O)O,-3.8888,-4.359134
CC[C@H](C)[C@H](NC(=O)[C@@H](NC(=O)[C@H](CCSC)[n+]1[c-]n2ccccc2c1)C(C)C)C(=O)O,-4.5806,-2.84837
CC[C@H](C)[C@H](NC(=O)[C@@H](NC(=O)[C@H](CCSC)[n+]1[c-]n2ccccc2c1)[C@@H](C)CC)C(=O)O,-3.2444,-3.2438426
CC[C@H](C)[C@H](NC(=O)[C@@H](NC(=O)[C@H](CO)[n+]1[c-]n2ccccc2c1)C(C)C)C(=O)O,-9.1684,-7.047584
CC[C@H](C)[C@H](NC(=O)[C@@H](NC(=O)[C@H](CO)[n+]1[c-]n2ccccc2c1)[C@@H](C)CC)C(=O)O,-7.4924,-6.177056
CC[C@H](C)[C@H](NC(=O)[C@@H](NC(=O)[C@H](CS)[n+]1[c-]n2ccccc2c1)C(C)C)C(=O)O,-3.8148,-2.461017
CC[C@H](C)[C@H](NC(=O)[C@@H](NC(=O)[C@H](Cc1ccc(O)cc1)[n+]1[c-]n2ccccc2c1)C(C)C)C(=O)O,-5.3416,-4.7380614
CC[C@H](C)[C@H](NC(=O)[C@@H](NC(=O)[C@H](Cc1ccccc1)[n+]1[c-]n2ccccc2c1)C(C)C)C(=O)O,-7.2871,-6.346026
CC[C@H](C)[C@H](NC(=O)[C@@H](NC(=O)[C@H](Cc1ccccc1)[n+]1[c-]n2ccccc2c1)[C@@H](C)O)C(=O)O,-3.8134,-5.457709
CC[C@H](C)[C@H](NC(=O)[C@@H](NC(=O)[C@H]([C@@H](C)CC)[n+]1[c-]n2ccccc2c1)[C@@H](C)CC)C(=O)O,-3.0115,-4.1849747
CC[C@H](C)[C@H](NC(=O)[C@@H](NC(=O)[C@H]([C@@H](C)O)[n+]1[c-]n2ccccc2c1)C(C)C)C(=O)O,-3.9884,-6.676783
CC[C@H](C)[C@H](NC(=O)[C@@H]1CCCN1C(=O)[C@H](CO)[n+]1[c-]n2ccccc2c1)C(=O)O,-7.5934,-7.376789
CC[C@H](C)[C@H](NC(=O)[C@@H]1CCCN1C(=O)[C@H]([C@@H](C)O)[n+]1[c-]n2ccccc2c1)C(=O)O,-9.447,-8.850747
CC[C@H](C)[C@H](NC(=O)[C@H](C(C)C)[n+]1[c-]n2ccccc2c1)C(=O)N[C@H](C(=O)O)C(C)C,-2.4907,-3.6861908
CC[C@H](C)[C@H](NC(=O)[C@H](C(C)C)[n+]1[c-]n2ccccc2c1)C(=O)O,-5.7962,-4.3938465
CC[C@H](C)[C@H](NC(=O)[C@H](C)NC(=O)[C@H](CO)[n+]1[c-]n2ccccc2c1)C(=O)O,-9.8046,-7.7643204
CC[C@H](C)[C@H](NC(=O)[C@H](C)NC(=O)[C@H](Cc1c[nH]c2ccccc12)[n+]1[c-]n2ccccc2c1)C(=O)O,-1.167,-5.027018
CC[C@H](C)[C@H](NC(=O)[C@H](C)NC(=O)[C@H]([C@@H](C)O)[n+]1[c-]n2ccccc2c1)C(=O)O,-9.545,-6.9192476
CC[C@H](C)[C@H](NC(=O)[C@H](C)[n+]1[c-]n2ccccc2c1)C(=O)N[C@@H](C)C(=O)O,-5.106,-3.023796
CC[C@H](C)[C@H](NC(=O)[C@H](C)[n+]1[c-]n2ccccc2c1)C(=O)N[C@@H](CCSC)C(=O)O,-3.816,-4.1744294
CC[C@H](C)[C@H](NC(=O)[C@H](C)[n+]1[c-]n2ccccc2c1)C(=O)N[C@@H](CS)C(=O)O,-7.5321,-5.921101
CC[C@H](C)[C@H](NC(=O)[C@H](C)[n+]1[c-]n2ccccc2c1)C(=O)N[C@H](C(=O)O)C(C)C,-6.7279,-2.8870435
CC[C@H](C)[C@H](NC(=O)[C@H](CC(=O)O)NC(=O)[C@H](CC(N)=O)[n+]1[c-]n2ccccc2c1)C(=O)O,-8.8391,-15.999102
CC[C@H](C)[C@H](NC(=O)[C@H](CC(=O)O)NC(=O)[C@H](CCSC)[n+]1[c-]n2ccccc2c1)C(=O)O,-1.7625,-5.0188665
CC[C@H](C)[C@H](NC(=O)[C@H](CC(=O)O)NC(=O)[C@H](Cc1c[nH]c2ccccc12)[n+]1[c-]n2ccccc2c1)C(=O)O,-2.7518,-9.397739
CC[C@H](C)[C@H](NC(=O)[C@H](CC(=O)O)[n+]1[c-]n2ccccc2c1)C(=O)NCC(=O)O,-9.5438,-4.175582
CC[C@H](C)[C@H](NC(=O)[C@H](CC(=O)O)[n+]1[c-]n2ccccc2c1)C(=O)N[C@@H](CO)C(=O)O,-4.4027,-8.597659
CC[C@H](C)[C@H](NC(=O)[C@H](CC(=O)O)[n+]1[c-]n2ccccc2c1)C(=O)N[C@@H](CS)C(=O)O,-9.539,-8.555244
CC[C@H](C)[C@H](NC(=O)[C@H](CC(=O)O)[n+]1[c-]n2ccccc2c1)C(=O)N[C@@H](Cc1ccc(O)cc1)C(=O)O,-9.7686,-10.357798
CC[C@H](C)[C@H](NC(=O)[C@H](CC(C)C)NC(=O)C[n+]1[c-]n2ccccc2c1)C(=O)O,-9.503,-8.346662
CC[C@H](C)[C@H](NC(=O)[C@H](CC(C)C)NC(=O)[C@H](CS)[n+]1[c-]n2ccccc2c1)C(=O)O,-5.2282,-2.8992836
CC[C@H](C)[C@H](NC(=O)[C@H](CC(C)C)NC(=O)[C@H](Cc1ccc(O)cc1)[n+]1[c-]n2ccccc2c1)C(=O)O,-3.6436,-2.942836
CC[C@H](C)[C@H](NC(=O)[C@H](CC(C)C)NC(=O)[C@H]([C@@H](C)O)[n+]1[c-]n2ccccc2c1)C(=O)O,-10.3504,-6.085445
CC[C@H](C)[C@H](NC(=O)[C@H](CC(C)C)[n+]1[c-]n2ccccc2c1)C(=O)N[C@@H](CCSC)C(=O)O,-4.8885,-5.4458957
CC[C@H](C)[C@H](NC(=O)[C@H](CC(C)C)[n+]1[c-]n2ccccc2c1)C(=O)N[C@@H](CO)C(=O)O,-6.9867,-5.246736
CC[C@H](C)[C@H](NC(=O)[C@H](CC(C)C)[n+]1[c-]n2ccccc2c1)C(=O)N[C@@H](Cc1c[nH]cn1)C(=O)O,-4.0127,-3.9709077
CC[C@H](C)[C@H](NC(=O)[C@H](CC(C)C)[n+]1[c-]n2ccccc2c1)C(=O)N[C@H](C(=O)O)C(C)C,-6.1309,-3.4759126
CC[C@H](C)[C@H](NC(=O)[C@H](CC(C)C)[n+]1[c-]n2ccccc2c1)C(=O)N[C@H](C(=O)O)[C@@H](C)O,-5.6116,-6.262817
CC[C@H](C)[C@H](NC(=O)[C@H](CC(N)=O)NC(=O)C[n+]1[c-]n2ccccc2c1)C(=O)O,-13.9879,-11.931845
CC[C@H](C)[C@H](NC(=O)[C@H](CC(N)=O)NC(=O)[C@H](CCSC)[n+]1[c-]n2ccccc2c1)C(=O)O,-7.3031,-4.2210274
CC[C@H](C)[C@H](NC(=O)[C@H](CC(N)=O)NC(=O)[C@H](CS)[n+]1[c-]n2ccccc2c1)C(=O)O,-2.927,-6.5643687
CC[C@H](C)[C@H](NC(=O)[C@H](CC(N)=O)[n+]1[c-]n2ccccc2c1)C(=O)N1CCC[C@H]1C(=O)O,-8.1397,-4.997753
CC[C@H](C)[C@H](NC(=O)[C@H](CC(N)=O)[n+]1[c-]n2ccccc2c1)C(=O)N[C@@H](CCC(N)=O)C(=O)O,-5.1467,-8.365603
CC[C@H](C)[C@H](NC(=O)[C@H](CC(N)=O)[n+]1[c-]n2ccccc2c1)C(=O)N[C@@H](CCCNC(=N)N)C(=O)O,-10.5957,-7.7987328
CC[C@H](C)[C@H](NC(=O)[C@H](CC(N)=O)[n+]1[c-]n2ccccc2c1)C(=O)N[C@@H](CCSC)C(=O)O,-5.8676,-7.7605443
CC[C@H](C)[C@H](NC(=O)[C@H](CC(N)=O)[n+]1[c-]n2ccccc2c1)C(=O)N[C@@H](CO)C(=O)O,-3.0117,-4.8739944
CC[C@H](C)[C@H](NC(=O)[C@H](CC(N)=O)[n+]1[c-]n2ccccc2c1)C(=O)N[C@@H](Cc1ccccc1)C(=O)O,-6.6678,-8.538477
CC[C@H](C)[C@H](NC(=O)[C@H](CCC(=O)O)NC(=O)C[n+]1[c-]n2ccccc2c1)C(=O)O,-9.4771,-10.73847
CC[C@H](C)[C@H](NC(=O)[C@H](CCC(=O)O)NC(=O)[C@H](C(C)C)[n+]1[c-]n2ccccc2c1)C(=O)O,-10.984,-8.861295
CC[C@H](C)[C@H](NC(=O)[C@H](CCC(=O)O)NC(=O)[C@H](CC(=O)O)[n+]1[c-]n2ccccc2c1)C(=O)O,-5.8279,-4.595482
CC[C@H](C)[C@H](NC(=O)[C@H](CCC(=O)O)NC(=O)[C@H](Cc1c[nH]cn1)[n+]1[c-]n2ccccc2c1)C(=O)O,-12.3155,-9.817242
CC[C@H](C)[C@H](NC(=O)[C@H](CCC(=O)O)NC(=O)[C@H](Cc1ccc(O)cc1)[n+]1[c-]n2ccccc2c1)C(=O)O,-11.2861,-7.5462275
CC[C@H](C)[C@H](NC(=O)[C@H](CCC(=O)O)NC(=O)[C@H](Cc1ccccc1)[n+]1[c-]n2ccccc2c1)C(=O)O,-8.8193,-9.420458
CC[C@H](C)[C@H](NC(=O)[C@H](CCC(=O)O)[n+]1[c-]n2ccccc2c1)C(=O)NCC(=O)O,-3.5166,-5.0202856
CC[C@H](C)[C@H](NC(=O)[C@H](CCC(=O)O)[n+]1[c-]n2ccccc2c1)C(=O)N[C@@H](CCC(N)=O)C(=O)O,-11.603,-8.443613
CC[C@H](C)[C@H](NC(=O)[C@H](CCC(=O)O)[n+]1[c-]n2ccccc2c1)C(=O)N[C@@H](CCCNC(=N)N)C(=O)O,-6.3107,-7.1229234
CC[C@H](C)[C@H](NC(=O)[C@H](CCC(=O)O)[n+]1[c-]n2ccccc2c1)C(=O)O,-9.1761,-6.6598096
CC[C@H](C)[C@H](NC(=O)[C@H](CCC(N)=O)NC(=O)C[n+]1[c-]n2ccccc2c1)C(=O)O,-9.2896,-12.478568
CC[C@H](C)[C@H](NC(=O)[C@H](CCC(N)=O)NC(=O)[C@H](CCC(=O)O)[n+]1[c-]n2ccccc2c1)C(=O)O,-12.712,-5.7724085
CC[C@H](C)[C@H](NC(=O)[C@H](CCC(N)=O)NC(=O)[C@H](CO)[n+]1[c-]n2ccccc2c1)C(=O)O,-11.0812,-7.975877
CC[C@H](C)[C@H](NC(=O)[C@H](CCC(N)=O)NC(=O)[C@H](Cc1c[nH]cn1)[n+]1[c-]n2ccccc2c1)C(=O)O,-9.9157,-10.258647
CC[C@H](C)[C@H](NC(=O)[C@H](CCC(N)=O)NC(=O)[C@H]([C@@H](C)CC)[n+]1[c-]n2ccccc2c1)C(=O)O,-2.9685,-8.2045765
CC[C@H](C)[C@H](NC(=O)[C@H](CCC(N)=O)NC(=O)[C@H]([C@@H](C)O)[n+]1[c-]n2ccccc2c1)C(=O)O,-14.8299,-10.065729
CC[C@H](C)[C@H](NC(=O)[C@H](CCC(N)=O)[n+]1[c-]n2ccccc2c1)C(=O)N[C@@H](CCCNC(=N)N)C(=O)O,-9.9261,-10.65626
CC[C@H](C)[C@H](NC(=O)[C@H](CCC(N)=O)[n+]1[c-]n2ccccc2c1)C(=O)N[C@@H](CO)C(=O)O,-0.3271,-4.0109153
CC[C@H](C)[C@H](NC(=O)[C@H](CCC(N)=O)[n+]1[c-]n2ccccc2c1)C(=O)N[C@@H](Cc1ccccc1)C(=O)O,-4.4639,-4.600691
CC[C@H](C)[C@H](NC(=O)[C@H](CCC(N)=O)[n+]1[c-]n2ccccc2c1)C(=O)N[C@H](C(=O)O)C(C)C,-3.2255,-3.7452736
CC[C@H](C)[C@H](NC(=O)[C@H](CCCNC(=N)N)NC(=O)[C@H](CC(C)C)[n+]1[c-]n2ccccc2c1)C(=O)O,-7.073,-4.302441
CC[C@H](C)[C@H](NC(=O)[C@H](CCCNC(=N)N)NC(=O)[C@H](CCSC)[n+]1[c-]n2ccccc2c1)C(=O)O,-1.2319,-4.9047256
CC[C@H](C)[C@H](NC(=O)[C@H](CCCNC(=N)N)NC(=O)[C@H]([C@@H](C)CC)[n+]1[c-]n2ccccc2c1)C(=O)O,-8.5789,-4.3109612
CC[C@H](C)[C@H](NC(=O)[C@H](CCCNC(=N)N)NC(=O)[C@H]([C@@H](C)O)[n+]1[c-]n2ccccc2c1)C(=O)O,-15.5893,-10.258628
CC[C@H](C)[C@H](NC(=O)[C@H](CCCNC(=N)N)[n+]1[c-]n2ccccc2c1)C(=O)NCC(=O)O,1.6096,-6.328361
CC[C@H](C)[C@H](NC(=O)[C@H](CCCNC(=N)N)[n+]1[c-]n2ccccc2c1)C(=O)N[C@@H](CCC(N)=O)C(=O)O,-5.0872,-5.2309594
CC[C@H](C)[C@H](NC(=O)[C@H](CCCNC(=N)N)[n+]1[c-]n2ccccc2c1)C(=O)N[C@@H](CCSC)C(=O)O,-3.6321,-5.692767
CC[C@H](C)[C@H](NC(=O)[C@H](CCCNC(=N)N)[n+]1[c-]n2ccccc2c1)C(=O)N[C@@H](CS)C(=O)O,-0.552,-6.909824
CC[C@H](C)[C@H](NC(=O)[C@H](CCSC)NC(=O)[C@H](CC(N)=O)[n+]1[c-]n2ccccc2c1)C(=O)O,-4.6817,-11.64817
CC[C@H](C)[C@H](NC(=O)[C@H](CCSC)NC(=O)[C@H](Cc1ccc(O)cc1)[n+]1[c-]n2ccccc2c1)C(=O)O,-2.0093,-7.1308937
CC[C@H](C)[C@H](NC(=O)[C@H](CCSC)[n+]1[c-]n2ccccc2c1)C(=O)N[C@@H](CC(C)C)C(=O)O,-2.5452,-3.3251092
CC[C@H](C)[C@H](NC(=O)[C@H](CCSC)[n+]1[c-]n2ccccc2c1)C(=O)N[C@@H](CCC(N)=O)C(=O)O,-16.4064,-6.4093246
CC[C@H](C)[C@H](NC(=O)[C@H](CCSC)[n+]1[c-]n2ccccc2c1)C(=O)N[C@@H](CS)C(=O)O,-4.1341,-5.9283576
CC[C@H](C)[C@H](NC(=O)[C@H](CCSC)[n+]1[c-]n2ccccc2c1)C(=O)N[C@@H](Cc1c[nH]cn1)C(=O)O,-2.0622,-6.417203
CC[C@H](C)[C@H](NC(=O)[C@H](CCSC)[n+]1[c-]n2ccccc2c1)C(=O)N[C@@H](Cc1ccc(O)cc1)C(=O)O,-3.3637,-6.5400376
CC[C@H](C)[C@H](NC(=O)[C@H](CCSC)[n+]1[c-]n2ccccc2c1)C(=O)N[C@@H](Cc1ccccc1)C(=O)O,-4.2195,-5.1470785
CC[C@H](C)[C@H](NC(=O)[C@H](CCSC)[n+]1[c-]n2ccccc2c1)C(=O)O,-5.1084,-3.7092302
CC[C@H](C)[C@H](NC(=O)[C@H](CO)NC(=O)[C@H](CC(C)C)[n+]1[c-]n2ccccc2c1)C(=O)O,-2.0956,-4.4813466
CC[C@H](C)[C@H](NC(=O)[C@H](CO)NC(=O)[C@H](CCSC)[n+]1[c-]n2ccccc2c1)C(=O)O,-3.5498,-8.1751375
CC[C@H](C)[C@H](NC(=O)[C@H](CO)NC(=O)[C@H](CO)[n+]1[c-]n2ccccc2c1)C(=O)O,-6.6404,-3.784654
CC[C@H](C)[C@H](NC(=O)[C@H](CO)NC(=O)[C@H](Cc1c[nH]cn1)[n+]1[c-]n2ccccc2c1)C(=O)O,0.0979,-4.8622556
CC[C@H](C)[C@H](NC(=O)[C@H](CO)NC(=O)[C@H]([C@@H](C)CC)[n+]1[c-]n2ccccc2c1)C(=O)O,1.1439,-4.0313196
CC[C@H](C)[C@H](NC(=O)[C@H](CO)NC(=O)[C@H]([C@@H](C)O)[n+]1[c-]n2ccccc2c1)C(=O)O,-7.2216,-9.146796
CC[C@H](C)[C@H](NC(=O)[C@H](CO)[n+]1[c-]n2ccccc2c1)C(=O)N[C@@H](CC(N)=O)C(=O)O,-13.4232,-7.8218865
CC[C@H](C)[C@H](NC(=O)[C@H](CO)[n+]1[c-]n2ccccc2c1)C(=O)N[C@@H](CCC(=O)O)C(=O)O,-4.7839,-9.237304
CC[C@H](C)[C@H](NC(=O)[C@H](CO)[n+]1[c-]n2ccccc2c1)C(=O)N[C@@H](CCSC)C(=O)O,-10.5955,-11.879038
CC[C@H](C)[C@H](NC(=O)[C@H](CO)[n+]1[c-]n2ccccc2c1)C(=O)N[C@@H](CO)C(=O)O,-8.2996,-7.2343698
CC[C@H](C)[C@H](NC(=O)[C@H](CO)[n+]1[c-]n2ccccc2c1)C(=O)N[C@@H](Cc1ccccc1)C(=O)O,-8.187,-10.026974
CC[C@H](C)[C@H](NC(=O)[C@H](CS)NC(=O)[C@H](C(C)C)[n+]1[c-]n2ccccc2c1)C(=O)O,-2.8077,-6.054549
CC[C@H](C)[C@H](NC(=O)[C@H](CS)NC(=O)[C@H](C)[n+]1[c-]n2ccccc2c1)C(=O)O,-4.0733,-4.4683948
CC[C@H](C)[C@H](NC(=O)[C@H](CS)NC(=O)[C@H](CCCNC(=N)N)[n+]1[c-]n2ccccc2c1)C(=O)O,-3.7879,-9.969096
CC[C@H](C)[C@H](NC(=O)[C@H](CS)NC(=O)[C@H]([C@@H](C)CC)[n+]1[c-]n2ccccc2c1)C(=O)O,-7.871,-7.3329268
CC[C@H](C)[C@H](NC(=O)[C@H](CS)[n+]1[c-]n2ccccc2c1)C(=O)N[C@@H](C)C(=O)O,-1.9905,-2.7839723
CC[C@H](C)[C@H](NC(=O)[C@H](CS)[n+]1[c-]n2ccccc2c1)C(=O)N[C@@H](CC(C)C)C(=O)O,-9.1178,-8.187309
CC[C@H](C)[C@H](NC(=O)[C@H](CS)[n+]1[c-]n2ccccc2c1)C(=O)N[C@@H](CC(N)=O)C(=O)O,-10.4872,-8.932545
CC[C@H](C)[C@H](NC(=O)[C@H](CS)[n+]1[c-]n2ccccc2c1)C(=O)N[C@@H](CCCNC(=N)N)C(=O)O,-15.3673,-10.040661
CC[C@H](C)[C@H](NC(=O)[C@H](Cc1c[nH]c2ccccc12)NC(=O)[C@H](CCC(=O)O)[n+]1[c-]n2ccccc2c1)C(=O)O,-15.0396,-11.329111
CC[C@H](C)[C@H](NC(=O)[C@H](Cc1c[nH]c2ccccc12)NC(=O)[C@H](Cc1c[nH]cn1)[n+]1[c-]n2ccccc2c1)C(=O)O,-12.5475,-7.3568473
CC[C@H](C)[C@H](NC(=O)[C@H](Cc1c[nH]c2ccccc12)[n+]1[c-]n2ccccc2c1)C(=O)N1CCC[C@H]1C(=O)O,-1.6853,-5.140873
CC[C@H](C)[C@H](NC(=O)[C@H](Cc1c[nH]c2ccccc12)[n+]1[c-]n2ccccc2c1)C(=O)N[C@@H](CC(=O)O)C(=O)O,-4.2476,-4.803942
CC[C@H](C)[C@H](NC(=O)[C@H](Cc1c[nH]c2ccccc12)[n+]1[c-]n2ccccc2c1)C(=O)N[C@@H](CCCNC(=N)N)C(=O)O,-16.342,-11.600072
CC[C@H](C)[C@H](NC(=O)[C@H](Cc1c[nH]c2ccccc12)[n+]1[c-]n2ccccc2c1)C(=O)N[C@@H](Cc1c[nH]cn1)C(=O)O,-0.9892,-3.7810478
CC[C@H](C)[C@H](NC(=O)[C@H](Cc1c[nH]c2ccccc12)[n+]1[c-]n2ccccc2c1)C(=O)N[C@@H](Cc1ccccc1)C(=O)O,-0.6857,-3.3445985
CC[C@H](C)[C@H](NC(=O)[C@H](Cc1c[nH]c2ccccc12)[n+]1[c-]n2ccccc2c1)C(=O)O,-6.3609,-4.624425
CC[C@H](C)[C@H](NC(=O)[C@H](Cc1c[nH]cn1)NC(=O)[C@H](C)[n+]1[c-]n2ccccc2c1)C(=O)O,-5.2035,-7.3834457
CC[C@H](C)[C@H](NC(=O)[C@H](Cc1c[nH]cn1)NC(=O)[C@H](CO)[n+]1[c-]n2ccccc2c1)C(=O)O,-1.7005,-7.370251
CC[C@H](C)[C@H](NC(=O)[C@H](Cc1c[nH]cn1)NC(=O)[C@H](Cc1c[nH]cn1)[n+]1[c-]n2ccccc2c1)C(=O)O,-11.9903,-8.592715
CC[C@H](C)[C@H](NC(=O)[C@H](Cc1c[nH]cn1)NC(=O)[C@H]([C@@H](C)CC)[n+]1[c-]n2ccccc2c1)C(=O)O,-5.3741,-6.016827
CC[C@H](C)[C@H](NC(=O)[C@H](Cc1c[nH]cn1)[n+]1[c-]n2ccccc2c1)C(=O)N1CCC[C@H]1C(=O)O,-5.1451,-5.865785
CC[C@H](C)[C@H](NC(=O)[C@H](Cc1c[nH]cn1)[n+]1[c-]n2ccccc2c1)C(=O)N[C@@H](CCSC)C(=O)O,-5.5328,-6.6878266
CC[C@H](C)[C@H](NC(=O)[C@H](Cc1c[nH]cn1)[n+]1[c-]n2ccccc2c1)C(=O)N[C@H](C(=O)O)[C@@H](C)O,-6.4803,-7.998002
CC[C@H](C)[C@H](NC(=O)[C@H](Cc1ccc(O)cc1)NC(=O)[C@H](CO)[n+]1[c-]n2ccccc2c1)C(=O)O,-3.4398,-7.566792
CC[C@H](C)[C@H](NC(=O)[C@H](Cc1ccc(O)cc1)[n+]1[c-]n2ccccc2c1)C(=O)N[C@@H](C)C(=O)O,-7.3487,-6.103326
CC[C@H](C)[C@H](NC(=O)[C@H](Cc1ccc(O)cc1)[n+]1[c-]n2ccccc2c1)C(=O)N[C@@H](CO)C(=O)O,-5.9353,-4.0982456
CC[C@H](C)[C@H](NC(=O)[C@H](Cc1ccc(O)cc1)[n+]1[c-]n2ccccc2c1)C(=O)N[C@@H](Cc1c[nH]cn1)C(=O)O,-5.1174,-9.317664
CC[C@H](C)[C@H](NC(=O)[C@H](Cc1ccc(O)cc1)[n+]1[c-]n2ccccc2c1)C(=O)N[C@H](C(=O)O)C(C)C,-3.4245,-4.065689
CC[C@H](C)[C@H](NC(=O)[C@H](Cc1ccccc1)NC(=O)[C@H](CCC(=O)O)[n+]1[c-]n2ccccc2c1)C(=O)O,-4.3685,-6.926877
CC[C@H](C)[C@H](NC(=O)[C@H](Cc1ccccc1)NC(=O)[C@H](CCSC)[n+]1[c-]n2ccccc2c1)C(=O)O,-4.996,-5.485561
CC[C@H](C)[C@H](NC(=O)[C@H](Cc1ccccc1)NC(=O)[C@H]([C@@H](C)CC)[n+]1[c-]n2ccccc2c1)C(=O)O,-3.9315,-7.4513917
CC[C@H](C)[C@H](NC(=O)[C@H](Cc1ccccc1)[n+]1[c-]n2ccccc2c1)C(=O)N1CCC[C@H]1C(=O)O,-8.743,-4.8849816
CC[C@H](C)[C@H](NC(=O)[C@H](Cc1ccccc1)[n+]1[c-]n2ccccc2c1)C(=O)N[C@@H](CCC(=O)O)C(=O)O,-6.0311,-7.5281034
CC[C@H](C)[C@H](NC(=O)[C@H](Cc1ccccc1)[n+]1[c-]n2ccccc2c1)C(=O)N[C@@H](CCSC)C(=O)O,-1.7493,-5.6755533
CC[C@H](C)[C@H](NC(=O)[C@H](Cc1ccccc1)[n+]1[c-]n2ccccc2c1)C(=O)N[C@@H](CS)C(=O)O,-5.9044,-10.457045
CC[C@H](C)[C@H](NC(=O)[C@H](Cc1ccccc1)[n+]1[c-]n2ccccc2c1)C(=O)N[C@H](C(=O)O)C(C)C,-6.7221,-7.4028406
CC[C@H](C)[C@H](NC(=O)[C@H]([C@@H](C)CC)[n+]1[c-]n2ccccc2c1)C(=O)N[C@@H](Cc1ccccc1)C(=O)O,-5.0667,-5.0255456
CC[C@H](C)[C@H](NC(=O)[C@H]([C@@H](C)O)[n+]1[c-]n2ccccc2c1)C(=O)N[C@@H](Cc1c[nH]c2ccccc12)C(=O)O,-10.7384,-10.158068
CC[C@H](C)[C@H](NC(=O)[C@H]([C@@H](C)O)[n+]1[c-]n2ccccc2c1)C(=O)N[C@@H](Cc1ccc(O)cc1)C(=O)O,-6.7496,-10.063291
CC[C@H](C)[C@H](NC(=O)[C@H]([C@@H](C)O)[n+]1[c-]n2ccccc2c1)C(=O)N[C@H](C(=O)O)[C@@H](C)O,-5.2758,-6.579409
CSCC[C@@H](C(=O)N1CCC[C@H]1C(=O)N[C@@H](CS)C(=O)O)[n+]1[c-]n2ccccc2c1,-3.3608,-5.4549365
CSCC[C@@H](C(=O)NCC(=O)NCC(=O)O)[n+]1[c-]n2ccccc2c1,-8.2197,-5.7451043
CSCC[C@@H](C(=O)NCC(=O)N[C@@H](C)C(=O)O)[n+]1[c-]n2ccccc2c1,-10.2123,-9.679795
CSCC[C@@H](C(=O)NCC(=O)N[C@H](C(=O)O)[C@@H](C)O)[n+]1[c-]n2ccccc2c1,-7.2967,-6.7041316
CSCC[C@@H](C(=O)N[C@@H](C)C(=O)N[C@@H](CCC(=O)O)C(=O)O)[n+]1[c-]n2ccccc2c1,-9.9967,-10.223693
CSCC[C@@H](C(=O)N[C@@H](CC(=O)O)C(=O)N[C@@H](CC(N)=O)C(=O)O)[n+]1[c-]n2ccccc2c1,-10.75,-10.21589
CSCC[C@@H](C(=O)N[C@@H](CC(=O)O)C(=O)N[C@@H](CS)C(=O)O)[n+]1[c-]n2ccccc2c1,-0.6405,-8.31439
CSCC[C@@H](C(=O)N[C@@H](CC(=O)O)C(=O)N[C@@H](Cc1c[nH]c2ccccc12)C(=O)O)[n+]1[c-]n2ccccc2c1,-13.7893,-11.27774
CSCC[C@@H](C(=O)N[C@@H](CC(C)C)C(=O)N[C@@H](C)C(=O)O)[n+]1[c-]n2ccccc2c1,-5.7521,-3.4580326
CSCC[C@@H](C(=O)N[C@@H](CC(C)C)C(=O)N[C@@H](CC(=O)O)C(=O)O)[n+]1[c-]n2ccccc2c1,-6.5836,-8.018378
CSCC[C@@H](C(=O)N[C@@H](CC(C)C)C(=O)N[C@@H](CCC(N)=O)C(=O)O)[n+]1[c-]n2ccccc2c1,-2.3279,-4.965397
CSCC[C@@H](C(=O)N[C@@H](CC(C)C)C(=O)N[C@@H](Cc1ccccc1)C(=O)O)[n+]1[c-]n2ccccc2c1,-2.9797,-5.0778875
CSCC[C@@H](C(=O)N[C@@H](CC(N)=O)C(=O)NCC(=O)O)[n+]1[c-]n2ccccc2c1,-4.6251,-5.7577043
CSCC[C@@H](C(=O)N[C@@H](CC(N)=O)C(=O)N[C@@H](CC(=O)O)C(=O)O)[n+]1[c-]n2ccccc2c1,-15.8742,-7.37655
CSCC[C@@H](C(=O)N[C@@H](CC(N)=O)C(=O)N[C@@H](CO)C(=O)O)[n+]1[c-]n2ccccc2c1,-11.8467,-7.0329914
CSCC[C@@H](C(=O)N[C@@H](CC(N)=O)C(=O)N[C@H](C(=O)O)C(C)C)[n+]1[c-]n2ccccc2c1,-8.4633,-4.5126457
CSCC[C@@H](C(=O)N[C@@H](CCC(=O)O)C(=O)N[C@@H](C)C(=O)O)[n+]1[c-]n2ccccc2c1,-7.8822,-4.6017733
CSCC[C@@H](C(=O)N[C@@H](CCC(=O)O)C(=O)N[C@@H](CC(=O)O)C(=O)O)[n+]1[c-]n2ccccc2c1,-13.5009,-7.651672
CSCC[C@@H](C(=O)N[C@@H](CCC(=O)O)C(=O)N[C@@H](CC(C)C)C(=O)O)[n+]1[c-]n2ccccc2c1,-8.7151,-5.7294226
CSCC[C@@H](C(=O)N[C@@H](CCC(=O)O)C(=O)N[C@@H](CCC(=O)O)C(=O)O)[n+]1[c-]n2ccccc2c1,-13.9078,-8.4888735
CSCC[C@@H](C(=O)N[C@@H](CCC(=O)O)C(=O)N[C@@H](CO)C(=O)O)[n+]1[c-]n2ccccc2c1,-11.5653,-7.920241
CSCC[C@@H](C(=O)N[C@@H](CCC(=O)O)C(=O)O)[n+]1[c-]n2ccccc2c1,-10.9406,-9.164196
CSCC[C@@H](C(=O)N[C@@H](CCC(N)=O)C(=O)N[C@@H](CCCNC(=N)N)C(=O)O)[n+]1[c-]n2ccccc2c1,-17.3502,-10.895164
CSCC[C@@H](C(=O)N[C@@H](CCC(N)=O)C(=O)N[C@@H](CO)C(=O)O)[n+]1[c-]n2ccccc2c1,-9.1779,-7.1313114
CSCC[C@@H](C(=O)N[C@@H](CCC(N)=O)C(=O)N[C@@H](CS)C(=O)O)[n+]1[c-]n2ccccc2c1,-8.8772,-4.3506327
CSCC[C@@H](C(=O)N[C@@H](CCC(N)=O)C(=O)N[C@H](C(=O)O)C(C)C)[n+]1[c-]n2ccccc2c1,-9.5375,-6.782344
CSCC[C@@H](C(=O)N[C@@H](CCCNC(=N)N)C(=O)N[C@@H](CCCNC(=N)N)C(=O)O)[n+]1[c-]n2ccccc2c1,-5.0991,-7.6045794
CSCC[C@@H](C(=O)N[C@@H](CO)C(=O)N[C@@H](C)C(=O)O)[n+]1[c-]n2ccccc2c1,-6.8185,-6.4393473
CSCC[C@@H](C(=O)N[C@@H](CO)C(=O)N[C@@H](Cc1c[nH]cn1)C(=O)O)[n+]1[c-]n2ccccc2c1,-8.6546,-9.009557
CSCC[C@@H](C(=O)N[C@@H](CO)C(=O)N[C@H](C(=O)O)[C@@H](C)O)[n+]1[c-]n2ccccc2c1,-12.266,-4.9159236
CSCC[C@@H](C(=O)N[C@@H](CS)C(=O)NCC(=O)O)[n+]1[c-]n2ccccc2c1,-0.9946,-3.3052306
CSCC[C@@H](C(=O)N[C@@H](Cc1c[nH]c2ccccc12)C(=O)N[C@@H](CC(C)C)C(=O)O)[n+]1[c-]n2ccccc2c1,-4.8107,-8.25625
CSCC[C@@H](C(=O)N[C@@H](Cc1c[nH]c2ccccc12)C(=O)N[C@@H](CO)C(=O)O)[n+]1[c-]n2ccccc2c1,-6.5763,-5.047505
CSCC[C@@H](C(=O)N[C@@H](Cc1c[nH]cn1)C(=O)N1CCC[C@H]1C(=O)O)[n+]1[c-]n2ccccc2c1,-12.6027,-11.782048
CSCC[C@@H](C(=O)N[C@@H](Cc1c[nH]cn1)C(=O)NCC(=O)O)[n+]1[c-]n2ccccc2c1,-3.5611,-8.72407
CSCC[C@@H](C(=O)N[C@@H](Cc1c[nH]cn1)C(=O)N[C@@H](CC(=O)O)C(=O)O)[n+]1[c-]n2ccccc2c1,-9.2051,-9.241039
CSCC[C@@H](C(=O)N[C@@H](Cc1c[nH]cn1)C(=O)N[C@@H](CC(N)=O)C(=O)O)[n+]1[c-]n2ccccc2c1,-7.7781,-12.971729
CSCC[C@@H](C(=O)N[C@@H](Cc1c[nH]cn1)C(=O)N[C@@H](CS)C(=O)O)[n+]1[c-]n2ccccc2c1,-10.243,-7.9897084
CSCC[C@@H](C(=O)N[C@@H](Cc1c[nH]cn1)C(=O)N[C@@H](Cc1ccc(O)cc1)C(=O)O)[n+]1[c-]n2ccccc2c1,-7.3928,-8.604369
CSCC[C@@H](C(=O)N[C@@H](Cc1c[nH]cn1)C(=O)N[C@@H](Cc1ccccc1)C(=O)O)[n+]1[c-]n2ccccc2c1,-4.8768,-8.740094
CSCC[C@@H](C(=O)N[C@@H](Cc1ccc(O)cc1)C(=O)N[C@@H](CC(N)=O)C(=O)O)[n+]1[c-]n2ccccc2c1,-12.4288,-8.19443
CSCC[C@@H](C(=O)N[C@@H](Cc1ccc(O)cc1)C(=O)N[C@@H](CCC(=O)O)C(=O)O)[n+]1[c-]n2ccccc2c1,-16.4367,-11.02577
CSCC[C@@H](C(=O)N[C@@H](Cc1ccc(O)cc1)C(=O)N[C@@H](CCC(N)=O)C(=O)O)[n+]1[c-]n2ccccc2c1,-7.8533,-12.562611
CSCC[C@@H](C(=O)N[C@@H](Cc1ccc(O)cc1)C(=O)N[C@@H](Cc1c[nH]cn1)C(=O)O)[n+]1[c-]n2ccccc2c1,-2.0255,-5.5974207
CSCC[C@@H](C(=O)N[C@@H](Cc1ccccc1)C(=O)N1CCC[C@H]1C(=O)O)[n+]1[c-]n2ccccc2c1,-14.2629,-9.35377
CSCC[C@@H](C(=O)N[C@@H](Cc1ccccc1)C(=O)N[C@@H](CCC(N)=O)C(=O)O)[n+]1[c-]n2ccccc2c1,-14.487,-10.103318
CSCC[C@@H](C(=O)N[C@@H](Cc1ccccc1)C(=O)N[C@@H](Cc1c[nH]c2ccccc12)C(=O)O)[n+]1[c-]n2ccccc2c1,-15.037,-8.845415
CSCC[C@@H](C(=O)N[C@H](C(=O)N1CCC[C@H]1C(=O)O)[C@@H](C)O)[n+]1[c-]n2ccccc2c1,-2.7656,-6.029221
CSCC[C@@H](C(=O)N[C@H](C(=O)NCC(=O)O)C(C)C)[n+]1[c-]n2ccccc2c1,0.3077,-3.6642044
CSCC[C@@H](C(=O)N[C@H](C(=O)NCC(=O)O)[C@@H](C)O)[n+]1[c-]n2ccccc2c1,-2.6469,-5.8197994
CSCC[C@@H](C(=O)N[C@H](C(=O)N[C@@H](C)C(=O)O)[C@@H](C)O)[n+]1[c-]n2ccccc2c1,-1.5288,-5.9988613
CSCC[C@@H](C(=O)N[C@H](C(=O)N[C@@H](Cc1c[nH]c2ccccc12)C(=O)O)[C@@H](C)O)[n+]1[c-]n2ccccc2c1,-4.1879,-7.169547
CSCC[C@@H](C(=O)N[C@H](C(=O)N[C@@H](Cc1c[nH]cn1)C(=O)O)C(C)C)[n+]1[c-]n2ccccc2c1,-4.4582,-6.2309513
CSCC[C@@H](C(=O)N[C@H](C(=O)N[C@H](C(=O)O)C(C)C)C(C)C)[n+]1[c-]n2ccccc2c1,-2.9883,-2.3321414
CSCC[C@@H](C(=O)N[C@H](C(=O)N[C@H](C(=O)O)C(C)C)[C@@H](C)O)[n+]1[c-]n2ccccc2c1,-4.3125,-7.7059283
CSCC[C@@H](C(=O)N[C@H](C(=O)N[C@H](C(=O)O)[C@@H](C)O)C(C)C)[n+]1[c-]n2ccccc2c1,-4.7139,-5.4021015
CSCC[C@H](NC(=O)CNC(=O)[C@H](C)[n+]1[c-]n2ccccc2c1)C(=O)O,-8.6313,-5.058698
CSCC[C@H](NC(=O)CNC(=O)[C@H](CS)[n+]1[c-]n2ccccc2c1)C(=O)O,-11.0155,-8.169479
CSCC[C@H](NC(=O)CNC(=O)[C@H](Cc1c[nH]c2ccccc12)[n+]1[c-]n2ccccc2c1)C(=O)O,-9.9853,-5.8473577
CSCC[C@H](NC(=O)C[n+]1[c-]n2ccccc2c1)C(=O)N1CCC[C@H]1C(=O)O,-4.1996,-11.262791
CSCC[C@H](NC(=O)C[n+]1[c-]n2ccccc2c1)C(=O)NCC(=O)O,-10.4916,-11.622684
CSCC[C@H](NC(=O)C[n+]1[c-]n2ccccc2c1)C(=O)N[C@H](C(=O)O)C(C)C,-4.9849,-10.499706
CSCC[C@H](NC(=O)[C@@H](NC(=O)[C@H](C)[n+]1[c-]n2ccccc2c1)C(C)C)C(=O)O,-8.7551,-11.072897
CSCC[C@H](NC(=O)[C@@H](NC(=O)[C@H](CC(=O)O)[n+]1[c-]n2ccccc2c1)[C@@H](C)O)C(=O)O,-7.8554,-7.567397
CSCC[C@H](NC(=O)[C@@H](NC(=O)[C@H](CC(C)C)[n+]1[c-]n2ccccc2c1)[C@@H](C)O)C(=O)O,-1.9844,-4.2305546
CSCC[C@H](NC(=O)[C@@H](NC(=O)[C@H](CC(N)=O)[n+]1[c-]n2ccccc2c1)[C@@H](C)O)C(=O)O,-14.1489,-8.917532
CSCC[C@H](NC(=O)[C@@H](NC(=O)[C@H](CCC(N)=O)[n+]1[c-]n2ccccc2c1)[C@@H](C)O)C(=O)O,-14.014,-7.5076537
CSCC[C@H](NC(=O)[C@@H](NC(=O)[C@H](CCCNC(=N)N)[n+]1[c-]n2ccccc2c1)C(C)C)C(=O)O,-16.2669,-9.330917
CSCC[C@H](NC(=O)[C@@H](NC(=O)[C@H](CO)[n+]1[c-]n2ccccc2c1)[C@@H](C)O)C(=O)O,-9.352,-6.4988236
CSCC[C@H](NC(=O)[C@@H](NC(=O)[C@H](CS)[n+]1[c-]n2ccccc2c1)[C@@H](C)O)C(=O)O,-8.9151,-7.502088
CSCC[C@H](NC(=O)[C@@H](NC(=O)[C@H](Cc1c[nH]c2ccccc12)[n+]1[c-]n2ccccc2c1)[C@@H](C)O)C(=O)O,-6.906,-8.539333
CSCC[C@H](NC(=O)[C@@H](NC(=O)[C@H]([C@@H](C)O)[n+]1[c-]n2ccccc2c1)C(C)C)C(=O)O,-6.5124,-8.360329
CSCC[C@H](NC(=O)[C@@H]1CCCN1C(=O)[C@H](CC(C)C)[n+]1[c-]n2ccccc2c1)C(=O)O,-6.6936,-7.780929
CSCC[C@H](NC(=O)[C@@H]1CCCN1C(=O)[C@H](CCCNC(=N)N)[n+]1[c-]n2ccccc2c1)C(=O)O,-7.2408,-8.571849
CSCC[C@H](NC(=O)[C@@H]1CCCN1C(=O)[C@H](Cc1c[nH]cn1)[n+]1[c-]n2ccccc2c1)C(=O)O,-6.7829,-3.8827784
CSCC[C@H](NC(=O)[C@@H]1CCCN1C(=O)[C@H](Cc1ccccc1)[n+]1[c-]n2ccccc2c1)C(=O)O,-11.2485,-9.444797
CSCC[C@H](NC(=O)[C@H](C(C)C)[n+]1[c-]n2ccccc2c1)C(=O)N1CCC[C@H]1C(=O)O,-3.2949,-5.992196
CSCC[C@H](NC(=O)[C@H](C(C)C)[n+]1[c-]n2ccccc2c1)C(=O)N[C@@H](CS)C(=O)O,-1.9774,-4.857654
CSCC[C@H](NC(=O)[C@H](C(C)C)[n+]1[c-]n2ccccc2c1)C(=O)N[C@@H](Cc1ccccc1)C(=O)O,-5.0258,-9.481724
CSCC[C@H](NC(=O)[C@H](C(C)C)[n+]1[c-]n2ccccc2c1)C(=O)N[C@H](C(=O)O)[C@@H](C)O,-8.1688,-6.8094063
CSCC[C@H](NC(=O)[C@H](C)NC(=O)[C@H](CCC(=O)O)[n+]1[c-]n2ccccc2c1)C(=O)O,1.5959,-5.0544643
CSCC[C@H](NC(=O)[C@H](C)NC(=O)[C@H](CCSC)[n+]1[c-]n2ccccc2c1)C(=O)O,-3.5997,-7.2525153
CSCC[C@H](NC(=O)[C@H](C)NC(=O)[C@H](CO)[n+]1[c-]n2ccccc2c1)C(=O)O,-12.4512,-7.378239
CSCC[C@H](NC(=O)[C@H](C)NC(=O)[C@H](Cc1c[nH]cn1)[n+]1[c-]n2ccccc2c1)C(=O)O,-4.9193,-9.546656
CSCC[C@H](NC(=O)[C@H](C)[n+]1[c-]n2ccccc2c1)C(=O)N[C@@H](CCC(N)=O)C(=O)O,-6.0878,-10.249245
CSCC[C@H](NC(=O)[C@H](C)[n+]1[c-]n2ccccc2c1)C(=O)N[C@@H](Cc1ccc(O)cc1)C(=O)O,-11.2067,-7.9323664
CSCC[C@H](NC(=O)[C@H](C)[n+]1[c-]n2ccccc2c1)C(=O)N[C@@H](Cc1ccccc1)C(=O)O,-4.8184,-9.4023285
CSCC[C@H](NC(=O)[C@H](C)[n+]1[c-]n2ccccc2c1)C(=O)N[C@H](C(=O)O)[C@@H](C)O,-10.5833,-7.035032
CSCC[C@H](NC(=O)[C@H](CC(=O)O)NC(=O)[C@H](CC(N)=O)[n+]1[c-]n2ccccc2c1)C(=O)O,-9.743,-8.345805
CSCC[C@H](NC(=O)[C@H](CC(=O)O)NC(=O)[C@H](CCCNC(=N)N)[n+]1[c-]n2ccccc2c1)C(=O)O,-5.3994,-9.021532
CSCC[C@H](NC(=O)[C@H](CC(=O)O)NC(=O)[C@H](Cc1c[nH]cn1)[n+]1[c-]n2ccccc2c1)C(=O)O,1.6897,-8.0923
CSCC[C@H](NC(=O)[C@H](CC(=O)O)NC(=O)[C@H](Cc1ccccc1)[n+]1[c-]n2ccccc2c1)C(=O)O,-6.4603,-10.035416
CSCC[C@H](NC(=O)[C@H](CC(=O)O)NC(=O)[C@H]([C@@H](C)O)[n+]1[c-]n2ccccc2c1)C(=O)O,-7.6311,-9.783375
CSCC[C@H](NC(=O)[C@H](CC(=O)O)[n+]1[c-]n2ccccc2c1)C(=O)O,-5.7087,-6.3758974
CSCC[C@H](NC(=O)[C@H](CC(C)C)NC(=O)[C@H](CCC(N)=O)[n+]1[c-]n2ccccc2c1)C(=O)O,-0.4313,-8.762176
CSCC[C@H](NC(=O)[C@H](CC(C)C)NC(=O)[C@H](Cc1ccc(O)cc1)[n+]1[c-]n2ccccc2c1)C(=O)O,1.7811,-5.554591
CSCC[C@H](NC(=O)[C@H](CC(C)C)[n+]1[c-]n2ccccc2c1)C(=O)N[C@@H](Cc1ccc(O)cc1)C(=O)O,-5.1632,-8.967466
CSCC[C@H](NC(=O)[C@H](CC(N)=O)NC(=O)C[n+]1[c-]n2ccccc2c1)C(=O)O,-12.8457,-11.72319
CSCC[C@H](NC(=O)[C@H](CC(N)=O)NC(=O)[C@H](CCC(N)=O)[n+]1[c-]n2ccccc2c1)C(=O)O,-13.4935,-7.820431
CSCC[C@H](NC(=O)[C@H](CC(N)=O)NC(=O)[C@H](Cc1c[nH]c2ccccc12)[n+]1[c-]n2ccccc2c1)C(=O)O,-3.9907,-9.3235235
CSCC[C@H](NC(=O)[C@H](CC(N)=O)[n+]1[c-]n2ccccc2c1)C(=O)N1CCC[C@H]1C(=O)O,-7.7877,-7.7400203
CSCC[C@H](NC(=O)[C@H](CC(N)=O)[n+]1[c-]n2ccccc2c1)C(=O)N[C@@H](CO)C(=O)O,-1.0774,-9.377719
CSCC[C@H](NC(=O)[C@H](CC(N)=O)[n+]1[c-]n2ccccc2c1)C(=O)N[C@@H](Cc1c[nH]cn1)C(=O)O,-10.0839,-6.7863245
CSCC[C@H](NC(=O)[C@H](CCC(=O)O)NC(=O)[C@H](CCCNC(=N)N)[n+]1[c-]n2ccccc2c1)C(=O)O,-8.6723,-8.73869
CSCC[C@H](NC(=O)[C@H](CCC(=O)O)NC(=O)[C@H](CO)[n+]1[c-]n2ccccc2c1)C(=O)O,-12.5993,-12.276434
CSCC[C@H](NC(=O)[C@H](CCC(=O)O)NC(=O)[C@H](Cc1ccccc1)[n+]1[c-]n2ccccc2c1)C(=O)O,-13.0661,-9.31005
CSCC[C@H](NC(=O)[C@H](CCC(=O)O)[n+]1[c-]n2ccccc2c1)C(=O)N1CCC[C@H]1C(=O)O,-13.0277,-10.022445
CSCC[C@H](NC(=O)[C@H](CCC(=O)O)[n+]1[c-]n2ccccc2c1)C(=O)N[C@@H](CC(C)C)C(=O)O,-1.5008,-5.538145
CSCC[C@H](NC(=O)[C@H](CCC(=O)O)[n+]1[c-]n2ccccc2c1)C(=O)N[C@@H](CS)C(=O)O,-7.5923,-7.5029902
CSCC[C@H](NC(=O)[C@H](CCC(N)=O)NC(=O)[C@H](CCCNC(=N)N)[n+]1[c-]n2ccccc2c1)C(=O)O,-18.1195,-7.251261
CSCC[C@H](NC(=O)[C@H](CCC(N)=O)NC(=O)[C@H](Cc1c[nH]c2ccccc12)[n+]1[c-]n2ccccc2c1)C(=O)O,-9.5179,-8.493506
CSCC[C@H](NC(=O)[C@H](CCC(N)=O)[n+]1[c-]n2ccccc2c1)C(=O)N[C@@H](CC(C)C)C(=O)O,-4.8874,-9.269134
CSCC[C@H](NC(=O)[C@H](CCC(N)=O)[n+]1[c-]n2ccccc2c1)C(=O)N[C@@H](Cc1ccccc1)C(=O)O,-7.9254,-8.49593
CSCC[C@H](NC(=O)[C@H](CCCNC(=N)N)NC(=O)[C@H](CC(=O)O)[n+]1[c-]n2ccccc2c1)C(=O)O,-12.4058,-8.990051
CSCC[C@H](NC(=O)[C@H](CCCNC(=N)N)NC(=O)[C@H](CS)[n+]1[c-]n2ccccc2c1)C(=O)O,-8.5095,-12.757148
CSCC[C@H](NC(=O)[C@H](CCCNC(=N)N)NC(=O)[C@H](Cc1c[nH]cn1)[n+]1[c-]n2ccccc2c1)C(=O)O,-7.1012,-8.803748
CSCC[C@H](NC(=O)[C@H](CCCNC(=N)N)NC(=O)[C@H]([C@@H](C)O)[n+]1[c-]n2ccccc2c1)C(=O)O,-6.3706,-9.380489
CSCC[C@H](NC(=O)[C@H](CCCNC(=N)N)[n+]1[c-]n2ccccc2c1)C(=O)N1CCC[C@H]1C(=O)O,-6.4715,-5.858827
CSCC[C@H](NC(=O)[C@H](CCCNC(=N)N)[n+]1[c-]n2ccccc2c1)C(=O)N[C@@H](CCC(N)=O)C(=O)O,-14.9779,-13.037978
CSCC[C@H](NC(=O)[C@H](CCCNC(=N)N)[n+]1[c-]n2ccccc2c1)C(=O)N[C@@H](Cc1c[nH]cn1)C(=O)O,-6.7226,-6.987455
CSCC[C@H](NC(=O)[C@H](CCSC)NC(=O)C[n+]1[c-]n2ccccc2c1)C(=O)O,-11.0255,-13.983195
CSCC[C@H](NC(=O)[C@H](CCSC)NC(=O)[C@H](C(C)C)[n+]1[c-]n2ccccc2c1)C(=O)O,-3.7182,-8.066594
CSCC[C@H](NC(=O)[C@H](CCSC)NC(=O)[C@H](CCSC)[n+]1[c-]n2ccccc2c1)C(=O)O,-8.8802,-6.788967
CSCC[C@H](NC(=O)[C@H](CCSC)NC(=O)[C@H](CO)[n+]1[c-]n2ccccc2c1)C(=O)O,-4.3794,-7.3941875
CSCC[C@H](NC(=O)[C@H](CCSC)NC(=O)[C@H](Cc1c[nH]cn1)[n+]1[c-]n2ccccc2c1)C(=O)O,-4.8128,-8.611836
CSCC[C@H](NC(=O)[C@H](CCSC)NC(=O)[C@H](Cc1ccc(O)cc1)[n+]1[c-]n2ccccc2c1)C(=O)O,-9.815,-9.602918
CSCC[C@H](NC(=O)[C@H](CCSC)[n+]1[c-]n2ccccc2c1)C(=O)N[C@@H](C)C(=O)O,-4.3614,-5.2169805
CSCC[C@H](NC(=O)[C@H](CCSC)[n+]1[c-]n2ccccc2c1)C(=O)N[C@@H](CC(=O)O)C(=O)O,-3.1136,-5.9690742
CSCC[C@H](NC(=O)[C@H](CCSC)[n+]1[c-]n2ccccc2c1)C(=O)N[C@@H](CC(C)C)C(=O)O,-4.4295,-6.6208487
CSCC[C@H](NC(=O)[C@H](CCSC)[n+]1[c-]n2ccccc2c1)C(=O)N[C@@H](CS)C(=O)O,-4.3265,-6.0292935
CSCC[C@H](NC(=O)[C@H](CCSC)[n+]1[c-]n2ccccc2c1)C(=O)N[C@@H](Cc1c[nH]c2ccccc12)C(=O)O,-9.2253,-8.592846
CSCC[C@H](NC(=O)[C@H](CCSC)[n+]1[c-]n2ccccc2c1)C(=O)N[C@@H](Cc1ccc(O)cc1)C(=O)O,-14.59,-7.0417104
CSCC[C@H](NC(=O)[C@H](CCSC)[n+]1[c-]n2ccccc2c1)C(=O)N[C@@H](Cc1ccccc1)C(=O)O,-1.9717,-6.4368215
CSCC[C@H](NC(=O)[C@H](CCSC)[n+]1[c-]n2ccccc2c1)C(=O)N[C@H](C(=O)O)C(C)C,-3.2135,-5.0971055
CSCC[C@H](NC(=O)[C@H](CCSC)[n+]1[c-]n2ccccc2c1)C(=O)N[C@H](C(=O)O)[C@@H](C)O,-10.5676,-5.6655116
CSCC[C@H](NC(=O)[C@H](CO)NC(=O)[C@H](CCC(=O)O)[n+]1[c-]n2ccccc2c1)C(=O)O,-6.4706,-6.913238
CSCC[C@H](NC(=O)[C@H](CO)NC(=O)[C@H](CCC(N)=O)[n+]1[c-]n2ccccc2c1)C(=O)O,-1.9593,-9.324073
CSCC[C@H](NC(=O)[C@H](CO)NC(=O)[C@H](Cc1c[nH]cn1)[n+]1[c-]n2ccccc2c1)C(=O)O,-2.4055,-8.340682
CSCC[C@H](NC(=O)[C@H](CO)[n+]1[c-]n2ccccc2c1)C(=O)N[C@@H](CC(N)=O)C(=O)O,-17.8134,-9.513829
CSCC[C@H](NC(=O)[C@H](CO)[n+]1[c-]n2ccccc2c1)C(=O)N[C@@H](CCC(=O)O)C(=O)O,-5.7267,-7.346567
CSCC[C@H](NC(=O)[C@H](CO)[n+]1[c-]n2ccccc2c1)C(=O)N[C@@H](CO)C(=O)O,-11.0702,-10.28982
CSCC[C@H](NC(=O)[C@H](CO)[n+]1[c-]n2ccccc2c1)C(=O)N[C@@H](Cc1ccc(O)cc1)C(=O)O,-6.0801,-10.474587
CSCC[C@H](NC(=O)[C@H](CS)NC(=O)[C@H](Cc1ccc(O)cc1)[n+]1[c-]n2ccccc2c1)C(=O)O,-7.9224,-10.07687
CSCC[C@H](NC(=O)[C@H](CS)[n+]1[c-]n2ccccc2c1)C(=O)N[C@@H](CC(N)=O)C(=O)O,-12.0483,-7.587726
CSCC[C@H](NC(=O)[C@H](CS)[n+]1[c-]n2ccccc2c1)C(=O)N[C@@H](CS)C(=O)O,-1.5542,-7.7942567
CSCC[C@H](NC(=O)[C@H](CS)[n+]1[c-]n2ccccc2c1)C(=O)N[C@@H](Cc1ccc(O)cc1)C(=O)O,-11.9342,-10.056251
CSCC[C@H](NC(=O)[C@H](Cc1c[nH]c2ccccc12)NC(=O)[C@H](CCC(=O)O)[n+]1[c-]n2ccccc2c1)C(=O)O,-1.2119,-5.895962
CSCC[C@H](NC(=O)[C@H](Cc1c[nH]c2ccccc12)NC(=O)[C@H](CS)[n+]1[c-]n2ccccc2c1)C(=O)O,-15.0038,-11.45605
CSCC[C@H](NC(=O)[C@H](Cc1c[nH]c2ccccc12)NC(=O)[C@H](Cc1c[nH]c2ccccc12)[n+]1[c-]n2ccccc2c1)C(=O)O,-10.0459,-8.524907
CSCC[C@H](NC(=O)[C@H](Cc1c[nH]c2ccccc12)[n+]1[c-]n2ccccc2c1)C(=O)N1CCC[C@H]1C(=O)O,-5.4029,-7.294577
CSCC[C@H](NC(=O)[C@H](Cc1c[nH]c2ccccc12)[n+]1[c-]n2ccccc2c1)C(=O)N[C@@H](CC(=O)O)C(=O)O,-3.5388,-8.464317
CSCC[C@H](NC(=O)[C@H](Cc1c[nH]c2ccccc12)[n+]1[c-]n2ccccc2c1)C(=O)N[C@@H](CCC(N)=O)C(=O)O,-13.1585,-11.540653
CSCC[C@H](NC(=O)[C@H](Cc1c[nH]c2ccccc12)[n+]1[c-]n2ccccc2c1)C(=O)N[C@@H](CS)C(=O)O,-8.471,-9.514639
CSCC[C@H](NC(=O)[C@H](Cc1c[nH]cn1)NC(=O)[C@H](CC(=O)O)[n+]1[c-]n2ccccc2c1)C(=O)O,-2.9504,-7.168914
CSCC[C@H](NC(=O)[C@H](Cc1c[nH]cn1)NC(=O)[C@H](CCC(N)=O)[n+]1[c-]n2ccccc2c1)C(=O)O,-14.9418,-8.839947
CSCC[C@H](NC(=O)[C@H](Cc1c[nH]cn1)NC(=O)[C@H](Cc1ccc(O)cc1)[n+]1[c-]n2ccccc2c1)C(=O)O,-8.9942,-8.340037
CSCC[C@H](NC(=O)[C@H](Cc1c[nH]cn1)[n+]1[c-]n2ccccc2c1)C(=O)N[C@@H](CC(=O)O)C(=O)O,-13.6527,-10.941121
CSCC[C@H](NC(=O)[C@H](Cc1c[nH]cn1)[n+]1[c-]n2ccccc2c1)C(=O)N[C@@H](Cc1c[nH]cn1)C(=O)O,-6.0437,-8.386304
CSCC[C@H](NC(=O)[C@H](Cc1c[nH]cn1)[n+]1[c-]n2ccccc2c1)C(=O)N[C@@H](Cc1ccc(O)cc1)C(=O)O,-0.0648,-9.291127
CSCC[C@H](NC(=O)[C@H](Cc1ccc(O)cc1)NC(=O)[C@H](CCCNC(=N)N)[n+]1[c-]n2ccccc2c1)C(=O)O,0.1846,-9.352758
CSCC[C@H](NC(=O)[C@H](Cc1ccc(O)cc1)NC(=O)[C@H](CCSC)[n+]1[c-]n2ccccc2c1)C(=O)O,2.4229,-5.0420117
CSCC[C@H](NC(=O)[C@H](Cc1ccc(O)cc1)NC(=O)[C@H](Cc1ccc(O)cc1)[n+]1[c-]n2ccccc2c1)C(=O)O,-3.079,-10.065062
CSCC[C@H](NC(=O)[C@H](Cc1ccc(O)cc1)[n+]1[c-]n2ccccc2c1)C(=O)N1CCC[C@H]1C(=O)O,-8.8472,-7.6708345
CSCC[C@H](NC(=O)[C@H](Cc1ccc(O)cc1)[n+]1[c-]n2ccccc2c1)C(=O)N[C@@H](CCC(=O)O)C(=O)O,-12.0734,-7.41384
CSCC[C@H](NC(=O)[C@H](Cc1ccc(O)cc1)[n+]1[c-]n2ccccc2c1)C(=O)N[C@@H](Cc1ccc(O)cc1)C(=O)O,-9.8587,-9.600985
CSCC[C@H](NC(=O)[C@H](Cc1ccc(O)cc1)[n+]1[c-]n2ccccc2c1)C(=O)N[C@@H](Cc1ccccc1)C(=O)O,-9.1154,-7.5432687
CSCC[C@H](NC(=O)[C@H](Cc1ccccc1)NC(=O)[C@H](CCSC)[n+]1[c-]n2ccccc2c1)C(=O)O,-1.2322,-6.242456
CSCC[C@H](NC(=O)[C@H](Cc1ccccc1)[n+]1[c-]n2ccccc2c1)C(=O)N[C@@H](C)C(=O)O,-6.7078,-9.62905
CSCC[C@H](NC(=O)[C@H](Cc1ccccc1)[n+]1[c-]n2ccccc2c1)C(=O)N[C@H](C(=O)O)C(C)C,-7.4082,-8.697436
CSCC[C@H](NC(=O)[C@H]([C@@H](C)O)[n+]1[c-]n2ccccc2c1)C(=O)N1CCC[C@H]1C(=O)O,-8.0966,-8.826494
CSCC[C@H](NC(=O)[C@H]([C@@H](C)O)[n+]1[c-]n2ccccc2c1)C(=O)N[C@@H](CCC(N)=O)C(=O)O,-15.658,-11.617105
CSCC[C@H](NC(=O)[C@H]([C@@H](C)O)[n+]1[c-]n2ccccc2c1)C(=O)N[C@@H](CCCNC(=N)N)C(=O)O,-16.1021,-9.743037
CSCC[C@H](NC(=O)[C@H]([C@@H](C)O)[n+]1[c-]n2ccccc2c1)C(=O)N[C@H](C(=O)O)C(C)C,-5.2185,-9.645811
C[C@@H](C(=O)N1CCC[C@H]1C(=O)N[C@@H](CC(N)=O)C(=O)O)[n+]1[c-]n2ccccc2c1,-4.3223,-7.390494
C[C@@H](C(=O)N1CCC[C@H]1C(=O)N[C@@H](Cc1c[nH]c2ccccc12)C(=O)O)[n+]1[c-]n2ccccc2c1,-5.067,-7.211514
C[C@@H](C(=O)NCC(=O)N[C@@H](CCCNC(=N)N)C(=O)O)[n+]1[c-]n2ccccc2c1,-9.9347,-8.835333
C[C@@H](C(=O)NCC(=O)N[C@@H](CS)C(=O)O)[n+]1[c-]n2ccccc2c1,-11.6152,-6.642162
C[C@@H](C(=O)NCC(=O)N[C@@H](Cc1c[nH]cn1)C(=O)O)[n+]1[c-]n2ccccc2c1,-11.5652,-8.396624
C[C@@H](C(=O)NCC(=O)N[C@@H](Cc1ccccc1)C(=O)O)[n+]1[c-]n2ccccc2c1,-10.2379,-8.67055
C[C@@H](C(=O)N[C@@H](CC(N)=O)C(=O)N[C@@H](CCC(N)=O)C(=O)O)[n+]1[c-]n2ccccc2c1,-11.0929,-13.761326
C[C@@H](C(=O)N[C@@H](CC(N)=O)C(=O)N[C@@H](CO)C(=O)O)[n+]1[c-]n2ccccc2c1,-14.6029,-9.375316
C[C@@H](C(=O)N[C@@H](CC(N)=O)C(=O)N[C@@H](CS)C(=O)O)[n+]1[c-]n2ccccc2c1,-9.6545,-8.137844
C[C@@H](C(=O)N[C@@H](CC(N)=O)C(=O)N[C@@H](Cc1c[nH]cn1)C(=O)O)[n+]1[c-]n2ccccc2c1,-8.4566,-8.000703
C[C@@H](C(=O)N[C@@H](CCC(=O)O)C(=O)N[C@@H](Cc1c[nH]cn1)C(=O)O)[n+]1[c-]n2ccccc2c1,-16.4808,-6.666346
C[C@@H](C(=O)N[C@@H](CCC(N)=O)C(=O)N1CCC[C@H]1C(=O)O)[n+]1[c-]n2ccccc2c1,-11.7512,-9.852146
C[C@@H](C(=O)N[C@@H](CCC(N)=O)C(=O)N[C@@H](CCCNC(=N)N)C(=O)O)[n+]1[c-]n2ccccc2c1,-14.0031,-11.509187
C[C@@H](C(=O)N[C@@H](CCCNC(=N)N)C(=O)N[C@@H](CCC(N)=O)C(=O)O)[n+]1[c-]n2ccccc2c1,-15.3983,-19.173803
C[C@@H](C(=O)N[C@@H](CCCNC(=N)N)C(=O)N[C@@H](Cc1c[nH]cn1)C(=O)O)[n+]1[c-]n2ccccc2c1,-3.4275,-7.4753165
C[C@@H](C(=O)N[C@@H](CCCNC(=N)N)C(=O)N[C@@H](Cc1ccc(O)cc1)C(=O)O)[n+]1[c-]n2ccccc2c1,-5.0082,-8.692567
C[C@@H](C(=O)N[C@@H](CCCNC(=N)N)C(=O)N[C@@H](Cc1ccccc1)C(=O)O)[n+]1[c-]n2ccccc2c1,-9.4485,-13.018888
C[C@@H](C(=O)N[C@@H](CCCNC(=N)N)C(=O)O)[n+]1[c-]n2ccccc2c1,-10.0639,-9.141096
C[C@@H](C(=O)N[C@@H](CO)C(=O)N[C@@H](Cc1c[nH]cn1)C(=O)O)[n+]1[c-]n2ccccc2c1,-8.9579,-8.067194
C[C@@H](C(=O)N[C@@H](CO)C(=O)N[C@@H](Cc1ccc(O)cc1)C(=O)O)[n+]1[c-]n2ccccc2c1,-9.1008,-9.505827
C[C@@H](C(=O)N[C@@H](CS)C(=O)N[C@@H](CS)C(=O)O)[n+]1[c-]n2ccccc2c1,-10.1302,-6.9625015
C[C@@H](C(=O)N[C@@H](CS)C(=O)N[C@@H](Cc1c[nH]cn1)C(=O)O)[n+]1[c-]n2ccccc2c1,-14.5766,-9.818672
C[C@@H](C(=O)N[C@@H](Cc1c[nH]c2ccccc12)C(=O)N[C@@H](CCC(=O)O)C(=O)O)[n+]1[c-]n2ccccc2c1,-12.5785,-4.8557725
C[C@@H](C(=O)N[C@@H](Cc1c[nH]c2ccccc12)C(=O)N[C@@H](CO)C(=O)O)[n+]1[c-]n2ccccc2c1,-14.505,-9.289665
C[C@@H](C(=O)N[C@@H](Cc1c[nH]cn1)C(=O)NCC(=O)O)[n+]1[c-]n2ccccc2c1,-3.0773,-6.9110103
C[C@@H](C(=O)N[C@@H](Cc1c[nH]cn1)C(=O)N[C@@H](CCC(=O)O)C(=O)O)[n+]1[c-]n2ccccc2c1,-13.4564,-8.067889
C[C@@H](C(=O)N[C@@H](Cc1c[nH]cn1)C(=O)N[C@@H](CCC(N)=O)C(=O)O)[n+]1[c-]n2ccccc2c1,-22.463,-10.842108
C[C@@H](C(=O)N[C@@H](Cc1c[nH]cn1)C(=O)N[C@@H](CO)C(=O)O)[n+]1[c-]n2ccccc2c1,-8.3762,-8.524194
C[C@@H](C(=O)N[C@@H](Cc1c[nH]cn1)C(=O)N[C@@H](Cc1c[nH]cn1)C(=O)O)[n+]1[c-]n2ccccc2c1,-9.9453,-12.910906
C[C@@H](C(=O)N[C@@H](Cc1ccc(O)cc1)C(=O)N[C@@H](Cc1c[nH]cn1)C(=O)O)[n+]1[c-]n2ccccc2c1,-8.45,-7.027613
C[C@@H](C(=O)N[C@@H](Cc1ccccc1)C(=O)N[C@@H](Cc1ccc(O)cc1)C(=O)O)[n+]1[c-]n2ccccc2c1,-13.6997,-4.98578
C[C@@H](O)[C@@H](C(=O)N1CCC[C@H]1C(=O)N[C@@H](CC(N)=O)C(=O)O)[n+]1[c-]n2ccccc2c1,-7.8301,-8.433169
C[C@@H](O)[C@@H](C(=O)N1CCC[C@H]1C(=O)N[C@@H](CCC(N)=O)C(=O)O)[n+]1[c-]n2ccccc2c1,-12.6751,-7.5852757
C[C@@H](O)[C@@H](C(=O)N1CCC[C@H]1C(=O)N[C@@H](CO)C(=O)O)[n+]1[c-]n2ccccc2c1,-7.1582,-7.698767
C[C@@H](O)[C@@H](C(=O)NCC(=O)N[C@@H](CS)C(=O)O)[n+]1[c-]n2ccccc2c1,-8.71,-8.648147
C[C@@H](O)[C@@H](C(=O)N[C@@H](CC(=O)O)C(=O)NCC(=O)O)[n+]1[c-]n2ccccc2c1,-4.1539,-8.878216
C[C@@H](O)[C@@H](C(=O)N[C@@H](CC(=O)O)C(=O)N[C@@H](Cc1ccccc1)C(=O)O)[n+]1[c-]n2ccccc2c1,-7.5506,-8.300902
C[C@@H](O)[C@@H](C(=O)N[C@@H](CC(=O)O)C(=O)O)[n+]1[c-]n2ccccc2c1,-11.8146,-9.0293455
C[C@@H](O)[C@@H](C(=O)N[C@@H](CC(N)=O)C(=O)N[C@@H](CC(=O)O)C(=O)O)[n+]1[c-]n2ccccc2c1,-10.6401,-10.921592
C[C@@H](O)[C@@H](C(=O)N[C@@H](CC(N)=O)C(=O)N[C@@H](CC(N)=O)C(=O)O)[n+]1[c-]n2ccccc2c1,-8.8472,-10.211051
C[C@@H](O)[C@@H](C(=O)N[C@@H](CC(N)=O)C(=O)N[C@@H](CS)C(=O)O)[n+]1[c-]n2ccccc2c1,-7.4977,-9.410964
C[C@@H](O)[C@@H](C(=O)N[C@@H](CCC(=O)O)C(=O)NCC(=O)O)[n+]1[c-]n2ccccc2c1,-6.5373,-7.0815244
C[C@@H](O)[C@@H](C(=O)N[C@@H](CCC(=O)O)C(=O)N[C@@H](CC(=O)O)C(=O)O)[n+]1[c-]n2ccccc2c1,-7.6264,-10.175663
C[C@@H](O)[C@@H](C(=O)N[C@@H](CCC(=O)O)C(=O)N[C@@H](CC(N)=O)C(=O)O)[n+]1[c-]n2ccccc2c1,-10.0264,-9.315169
C[C@@H](O)[C@@H](C(=O)N[C@@H](CCC(=O)O)C(=O)N[C@@H](CS)C(=O)O)[n+]1[c-]n2ccccc2c1,-6.788,-10.830984
C[C@@H](O)[C@@H](C(=O)N[C@@H](CCC(N)=O)C(=O)N[C@@H](CCC(=O)O)C(=O)O)[n+]1[c-]n2ccccc2c1,-12.3271,-9.929066
C[C@@H](O)[C@@H](C(=O)N[C@@H](CCC(N)=O)C(=O)N[C@@H](CCC(N)=O)C(=O)O)[n+]1[c-]n2ccccc2c1,-11.1194,-11.136778
C[C@@H](O)[C@@H](C(=O)N[C@@H](CCC(N)=O)C(=O)N[C@@H](CS)C(=O)O)[n+]1[c-]n2ccccc2c1,-12.9247,-7.836502
C[C@@H](O)[C@@H](C(=O)N[C@@H](CO)C(=O)N[C@@H](CCCNC(=N)N)C(=O)O)[n+]1[c-]n2ccccc2c1,-15.1899,-9.249731
C[C@@H](O)[C@@H](C(=O)N[C@@H](CO)C(=O)N[C@@H](Cc1c[nH]c2ccccc12)C(=O)O)[n+]1[c-]n2ccccc2c1,-6.9312,-8.039026
C[C@@H](O)[C@@H](C(=O)N[C@@H](CO)C(=O)N[C@@H](Cc1ccc(O)cc1)C(=O)O)[n+]1[c-]n2ccccc2c1,-11.6304,-9.821548
C[C@@H](O)[C@@H](C(=O)N[C@@H](CO)C(=O)N[C@@H](Cc1ccccc1)C(=O)O)[n+]1[c-]n2ccccc2c1,-6.8183,-8.003404
C[C@@H](O)[C@@H](C(=O)N[C@@H](CS)C(=O)N[C@@H](Cc1c[nH]cn1)C(=O)O)[n+]1[c-]n2ccccc2c1,-13.6908,-8.060575
C[C@@H](O)[C@@H](C(=O)N[C@@H](Cc1c[nH]c2ccccc12)C(=O)N[C@@H](CC(N)=O)C(=O)O)[n+]1[c-]n2ccccc2c1,-14.0093,-11.934714
C[C@@H](O)[C@@H](C(=O)N[C@@H](Cc1c[nH]c2ccccc12)C(=O)N[C@@H](CCC(N)=O)C(=O)O)[n+]1[c-]n2ccccc2c1,-17.0913,-10.407363
C[C@@H](O)[C@@H](C(=O)N[C@@H](Cc1c[nH]c2ccccc12)C(=O)N[C@@H](Cc1c[nH]c2ccccc12)C(=O)O)[n+]1[c-]n2ccccc2c1,-7.3041,-11.654442
C[C@@H](O)[C@@H](C(=O)N[C@@H](Cc1c[nH]c2ccccc12)C(=O)N[C@@H](Cc1ccccc1)C(=O)O)[n+]1[c-]n2ccccc2c1,-11.1309,-10.446691
C[C@@H](O)[C@@H](C(=O)N[C@@H](Cc1c[nH]cn1)C(=O)N[C@@H](CCCNC(=N)N)C(=O)O)[n+]1[c-]n2ccccc2c1,-10.4128,-9.654193
C[C@@H](O)[C@@H](C(=O)N[C@@H](Cc1c[nH]cn1)C(=O)N[C@@H](Cc1c[nH]cn1)C(=O)O)[n+]1[c-]n2ccccc2c1,-6.5039,-11.494982
C[C@@H](O)[C@@H](C(=O)N[C@@H](Cc1c[nH]cn1)C(=O)N[C@@H](Cc1ccccc1)C(=O)O)[n+]1[c-]n2ccccc2c1,-13.7809,-9.35272
C[C@@H](O)[C@@H](C(=O)N[C@@H](Cc1ccc(O)cc1)C(=O)N[C@@H](CC(=O)O)C(=O)O)[n+]1[c-]n2ccccc2c1,-16.9699,-11.05101
C[C@@H](O)[C@@H](C(=O)N[C@@H](Cc1ccc(O)cc1)C(=O)N[C@@H](CC(N)=O)C(=O)O)[n+]1[c-]n2ccccc2c1,-8.0542,-8.326635
C[C@@H](O)[C@@H](C(=O)N[C@@H](Cc1ccc(O)cc1)C(=O)N[C@@H](Cc1c[nH]cn1)C(=O)O)[n+]1[c-]n2ccccc2c1,-10.4909,-9.09516
C[C@@H](O)[C@@H](C(=O)N[C@@H](Cc1ccccc1)C(=O)NCC(=O)O)[n+]1[c-]n2ccccc2c1,-1.666,-5.310663
C[C@@H](O)[C@@H](C(=O)N[C@@H](Cc1ccccc1)C(=O)N[C@@H](CS)C(=O)O)[n+]1[c-]n2ccccc2c1,-5.8751,-9.188198
C[C@@H](O)[C@@H](C(=O)O)[n+]1[c-]n2ccccc2c1,-5.5014,-5.209172
C[C@@H](O)[C@H](NC(=O)CNC(=O)C[n+]1[c-]n2ccccc2c1)C(=O)O,-8.9716,-8.935417
C[C@@H](O)[C@H](NC(=O)CNC(=O)[C@H](CO)[n+]1[c-]n2ccccc2c1)C(=O)O,-5.5765,-6.7143435
C[C@@H](O)[C@H](NC(=O)CNC(=O)[C@H](Cc1ccc(O)cc1)[n+]1[c-]n2ccccc2c1)C(=O)O,-6.4557,-7.639627
C[C@@H](O)[C@H](NC(=O)CNC(=O)[C@H]([C@@H](C)O)[n+]1[c-]n2ccccc2c1)C(=O)O,-9.6181,-7.5216846
C[C@@H](O)[C@H](NC(=O)C[n+]1[c-]n2ccccc2c1)C(=O)N[C@@H](CC(N)=O)C(=O)O,-11.2478,-13.265952
C[C@@H](O)[C@H](NC(=O)C[n+]1[c-]n2ccccc2c1)C(=O)N[C@@H](CCCNC(=N)N)C(=O)O,-11.7054,-14.175209
C[C@@H](O)[C@H](NC(=O)C[n+]1[c-]n2ccccc2c1)C(=O)N[C@@H](Cc1c[nH]c2ccccc12)C(=O)O,-15.6034,-8.989806
C[C@@H](O)[C@H](NC(=O)[C@@H](NC(=O)[C@H](CC(=O)O)[n+]1[c-]n2ccccc2c1)[C@@H](C)O)C(=O)O,-4.8171,-7.327838
C[C@@H](O)[C@H](NC(=O)[C@@H](NC(=O)[C@H](CCC(=O)O)[n+]1[c-]n2ccccc2c1)[C@@H](C)O)C(=O)O,-3.051,-6.954855
C[C@@H](O)[C@H](NC(=O)[C@@H](NC(=O)[C@H](CCCNC(=N)N)[n+]1[c-]n2ccccc2c1)[C@@H](C)O)C(=O)O,-10.7497,-8.608781
C[C@@H](O)[C@H](NC(=O)[C@@H](NC(=O)[C@H](CO)[n+]1[c-]n2ccccc2c1)[C@@H](C)O)C(=O)O,-5.0277,-8.884319
C[C@@H](O)[C@H](NC(=O)[C@@H](NC(=O)[C@H](CS)[n+]1[c-]n2ccccc2c1)[C@@H](C)O)C(=O)O,-8.9402,-5.545902
C[C@@H](O)[C@H](NC(=O)[C@@H](NC(=O)[C@H]([C@@H](C)O)[n+]1[c-]n2ccccc2c1)[C@@H](C)O)C(=O)O,-6.9701,-8.89841
C[C@@H](O)[C@H](NC(=O)[C@@H]1CCCN1C(=O)[C@H](C)[n+]1[c-]n2ccccc2c1)C(=O)O,-9.6024,-6.0628867
C[C@@H](O)[C@H](NC(=O)[C@@H]1CCCN1C(=O)[C@H](Cc1c[nH]c2ccccc12)[n+]1[c-]n2ccccc2c1)C(=O)O,-13.2456,-11.117263
C[C@@H](O)[C@H](NC(=O)[C@@H]1CCCN1C(=O)[C@H](Cc1ccc(O)cc1)[n+]1[c-]n2ccccc2c1)C(=O)O,-11.5715,-7.2200675
C[C@@H](O)[C@H](NC(=O)[C@@H]1CCCN1C(=O)[C@H]([C@@H](C)O)[n+]1[c-]n2ccccc2c1)C(=O)O,-11.3668,-7.725222
C[C@@H](O)[C@H](NC(=O)[C@H](C)[n+]1[c-]n2ccccc2c1)C(=O)N[C@@H](CC(N)=O)C(=O)O,-11.3205,-9.73934
C[C@@H](O)[C@H](NC(=O)[C@H](C)[n+]1[c-]n2ccccc2c1)C(=O)N[C@@H](Cc1c[nH]c2ccccc12)C(=O)O,-11.9603,-7.6394253
C[C@@H](O)[C@H](NC(=O)[C@H](CC(=O)O)NC(=O)[C@H](CC(N)=O)[n+]1[c-]n2ccccc2c1)C(=O)O,-3.7001,-8.851647
C[C@@H](O)[C@H](NC(=O)[C@H](CC(=O)O)NC(=O)[C@H](CCC(=O)O)[n+]1[c-]n2ccccc2c1)C(=O)O,-12.2538,-10.650888
C[C@@H](O)[C@H](NC(=O)[C@H](CC(=O)O)NC(=O)[C@H](CO)[n+]1[c-]n2ccccc2c1)C(=O)O,-14.1129,-8.7339115
C[C@@H](O)[C@H](NC(=O)[C@H](CC(=O)O)[n+]1[c-]n2ccccc2c1)C(=O)N[C@@H](CC(N)=O)C(=O)O,-11.4385,-10.341989
C[C@@H](O)[C@H](NC(=O)[C@H](CC(=O)O)[n+]1[c-]n2ccccc2c1)C(=O)N[C@@H](CCC(=O)O)C(=O)O,-12.5533,-8.66754
C[C@@H](O)[C@H](NC(=O)[C@H](CC(=O)O)[n+]1[c-]n2ccccc2c1)C(=O)N[C@@H](CS)C(=O)O,-12.3483,-11.089126
C[C@@H](O)[C@H](NC(=O)[C@H](CC(N)=O)NC(=O)[C@H](CCC(=O)O)[n+]1[c-]n2ccccc2c1)C(=O)O,-14.2333,-9.053681
C[C@@H](O)[C@H](NC(=O)[C@H](CC(N)=O)[n+]1[c-]n2ccccc2c1)C(=O)NCC(=O)O,-5.9263,-5.786266
C[C@@H](O)[C@H](NC(=O)[C@H](CC(N)=O)[n+]1[c-]n2ccccc2c1)C(=O)N[C@@H](CC(N)=O)C(=O)O,-13.2634,-8.154114
C[C@@H](O)[C@H](NC(=O)[C@H](CC(N)=O)[n+]1[c-]n2ccccc2c1)C(=O)N[C@@H](CCC(N)=O)C(=O)O,-6.3255,-10.286387
C[C@@H](O)[C@H](NC(=O)[C@H](CC(N)=O)[n+]1[c-]n2ccccc2c1)C(=O)N[C@@H](Cc1c[nH]c2ccccc12)C(=O)O,-14.0514,-10.367808
C[C@@H](O)[C@H](NC(=O)[C@H](CCC(=O)O)NC(=O)[C@H](Cc1c[nH]cn1)[n+]1[c-]n2ccccc2c1)C(=O)O,-12.4146,-11.335936
C[C@@H](O)[C@H](NC(=O)[C@H](CCC(=O)O)NC(=O)[C@H](Cc1ccc(O)cc1)[n+]1[c-]n2ccccc2c1)C(=O)O,-13.6478,-10.19944
C[C@@H](O)[C@H](NC(=O)[C@H](CCC(N)=O)NC(=O)[C@H](CCC(N)=O)[n+]1[c-]n2ccccc2c1)C(=O)O,-13.3969,-11.41875
C[C@@H](O)[C@H](NC(=O)[C@H](CCC(N)=O)NC(=O)[C@H](CO)[n+]1[c-]n2ccccc2c1)C(=O)O,-9.8708,-7.740021
C[C@@H](O)[C@H](NC(=O)[C@H](CCC(N)=O)NC(=O)[C@H](Cc1ccccc1)[n+]1[c-]n2ccccc2c1)C(=O)O,-13.5657,-6.6744347
C[C@@H](O)[C@H](NC(=O)[C@H](CCC(N)=O)[n+]1[c-]n2ccccc2c1)C(=O)N1CCC[C@H]1C(=O)O,-3.5317,-5.94835
C[C@@H](O)[C@H](NC(=O)[C@H](CCC(N)=O)[n+]1[c-]n2ccccc2c1)C(=O)N[C@@H](CCCNC(=N)N)C(=O)O,-7.0017,-7.731166
C[C@@H](O)[C@H](NC(=O)[C@H](CCC(N)=O)[n+]1[c-]n2ccccc2c1)C(=O)N[C@@H](CS)C(=O)O,-10.1647,-9.49661
C[C@@H](O)[C@H](NC(=O)[C@H](CCC(N)=O)[n+]1[c-]n2ccccc2c1)C(=O)N[C@@H](Cc1c[nH]c2ccccc12)C(=O)O,-25.0119,-13.597735
C[C@@H](O)[C@H](NC(=O)[C@H](CCC(N)=O)[n+]1[c-]n2ccccc2c1)C(=O)N[C@@H](Cc1ccc(O)cc1)C(=O)O,-3.7338,-11.938491
C[C@@H](O)[C@H](NC(=O)[C@H](CCCNC(=N)N)NC(=O)C[n+]1[c-]n2ccccc2c1)C(=O)O,-16.4939,-13.126427
C[C@@H](O)[C@H](NC(=O)[C@H](CCCNC(=N)N)[n+]1[c-]n2ccccc2c1)C(=O)N1CCC[C@H]1C(=O)O,-1.9946,-6.489442
C[C@@H](O)[C@H](NC(=O)[C@H](CCCNC(=N)N)[n+]1[c-]n2ccccc2c1)C(=O)N[C@@H](CC(=O)O)C(=O)O,-6.203,-11.940172
C[C@@H](O)[C@H](NC(=O)[C@H](CCCNC(=N)N)[n+]1[c-]n2ccccc2c1)C(=O)N[C@@H](Cc1ccccc1)C(=O)O,-5.0213,-10.065077
C[C@@H](O)[C@H](NC(=O)[C@H](CO)NC(=O)[C@H](CC(=O)O)[n+]1[c-]n2ccccc2c1)C(=O)O,-11.9551,-7.115273
C[C@@H](O)[C@H](NC(=O)[C@H](CO)[n+]1[c-]n2ccccc2c1)C(=O)N[C@@H](CC(=O)O)C(=O)O,-6.2715,-11.5525
C[C@@H](O)[C@H](NC(=O)[C@H](CO)[n+]1[c-]n2ccccc2c1)C(=O)N[C@@H](CC(N)=O)C(=O)O,-15.0943,-11.938591
C[C@@H](O)[C@H](NC(=O)[C@H](CO)[n+]1[c-]n2ccccc2c1)C(=O)N[C@@H](Cc1c[nH]c2ccccc12)C(=O)O,0.0841,-5.557436
C[C@@H](O)[C@H](NC(=O)[C@H](CO)[n+]1[c-]n2ccccc2c1)C(=O)N[C@@H](Cc1ccc(O)cc1)C(=O)O,-6.3928,-6.7197905
C[C@@H](O)[C@H](NC(=O)[C@H](CO)[n+]1[c-]n2ccccc2c1)C(=O)N[C@@H](Cc1ccccc1)C(=O)O,-8.8504,-6.577217
C[C@@H](O)[C@H](NC(=O)[C@H](CS)NC(=O)[C@H](CCCNC(=N)N)[n+]1[c-]n2ccccc2c1)C(=O)O,-3.9091,-6.3869514
C[C@@H](O)[C@H](NC(=O)[C@H](CS)NC(=O)[C@H](CO)[n+]1[c-]n2ccccc2c1)C(=O)O,-10.3147,-7.8981733
C[C@@H](O)[C@H](NC(=O)[C@H](CS)NC(=O)[C@H](Cc1c[nH]c2ccccc12)[n+]1[c-]n2ccccc2c1)C(=O)O,-9.7928,-7.3925424
C[C@@H](O)[C@H](NC(=O)[C@H](CS)NC(=O)[C@H](Cc1c[nH]cn1)[n+]1[c-]n2ccccc2c1)C(=O)O,-11.0238,-7.225734
C[C@@H](O)[C@H](NC(=O)[C@H](CS)[n+]1[c-]n2ccccc2c1)C(=O)N[C@@H](CCC(=O)O)C(=O)O,-13.2961,-6.824806
C[C@@H](O)[C@H](NC(=O)[C@H](CS)[n+]1[c-]n2ccccc2c1)C(=O)N[C@@H](CCCNC(=N)N)C(=O)O,-9.5747,-13.666281
C[C@@H](O)[C@H](NC(=O)[C@H](CS)[n+]1[c-]n2ccccc2c1)C(=O)N[C@@H](Cc1c[nH]c2ccccc12)C(=O)O,-8.7782,-9.280471
C[C@@H](O)[C@H](NC(=O)[C@H](Cc1c[nH]c2ccccc12)NC(=O)C[n+]1[c-]n2ccccc2c1)C(=O)O,-9.7354,-9.774432
C[C@@H](O)[C@H](NC(=O)[C@H](Cc1c[nH]c2ccccc12)NC(=O)[C@H](CC(=O)O)[n+]1[c-]n2ccccc2c1)C(=O)O,-12.5215,-11.951103
C[C@@H](O)[C@H](NC(=O)[C@H](Cc1c[nH]c2ccccc12)NC(=O)[C@H](CCC(=O)O)[n+]1[c-]n2ccccc2c1)C(=O)O,-10.8801,-9.869593
C[C@@H](O)[C@H](NC(=O)[C@H](Cc1c[nH]c2ccccc12)NC(=O)[C@H](Cc1ccccc1)[n+]1[c-]n2ccccc2c1)C(=O)O,-11.9277,-8.065699
C[C@@H](O)[C@H](NC(=O)[C@H](Cc1c[nH]c2ccccc12)[n+]1[c-]n2ccccc2c1)C(=O)N[C@@H](CCC(N)=O)C(=O)O,-11.3479,-8.543948
C[C@@H](O)[C@H](NC(=O)[C@H](Cc1c[nH]c2ccccc12)[n+]1[c-]n2ccccc2c1)C(=O)N[C@@H](CS)C(=O)O,-7.4713,-11.322711
C[C@@H](O)[C@H](NC(=O)[C@H](Cc1c[nH]cn1)NC(=O)[C@H](CC(N)=O)[n+]1[c-]n2ccccc2c1)C(=O)O,-8.1227,-9.493738
C[C@@H](O)[C@H](NC(=O)[C@H](Cc1c[nH]cn1)NC(=O)[C@H](CCC(=O)O)[n+]1[c-]n2ccccc2c1)C(=O)O,-13.8796,-12.172842
C[C@@H](O)[C@H](NC(=O)[C@H](Cc1c[nH]cn1)NC(=O)[C@H](Cc1c[nH]cn1)[n+]1[c-]n2ccccc2c1)C(=O)O,-11.722,-9.25042
C[C@@H](O)[C@H](NC(=O)[C@H](Cc1c[nH]cn1)NC(=O)[C@H](Cc1ccc(O)cc1)[n+]1[c-]n2ccccc2c1)C(=O)O,-10.6762,-7.4765406
C[C@@H](O)[C@H](NC(=O)[C@H](Cc1c[nH]cn1)[n+]1[c-]n2ccccc2c1)C(=O)NCC(=O)O,-8.8923,-8.702033
C[C@@H](O)[C@H](NC(=O)[C@H](Cc1c[nH]cn1)[n+]1[c-]n2ccccc2c1)C(=O)N[C@@H](CCC(=O)O)C(=O)O,-16.4992,-7.540853
C[C@@H](O)[C@H](NC(=O)[C@H](Cc1c[nH]cn1)[n+]1[c-]n2ccccc2c1)C(=O)N[C@@H](CCC(N)=O)C(=O)O,-19.4026,-10.751866
C[C@@H](O)[C@H](NC(=O)[C@H](Cc1c[nH]cn1)[n+]1[c-]n2ccccc2c1)C(=O)N[C@@H](CO)C(=O)O,-10.0079,-10.281256
C[C@@H](O)[C@H](NC(=O)[C@H](Cc1ccc(O)cc1)NC(=O)[C@H](CCC(N)=O)[n+]1[c-]n2ccccc2c1)C(=O)O,-11.5492,-8.147616
C[C@@H](O)[C@H](NC(=O)[C@H](Cc1ccc(O)cc1)NC(=O)[C@H](CS)[n+]1[c-]n2ccccc2c1)C(=O)O,-7.0738,-7.4113235
C[C@@H](O)[C@H](NC(=O)[C@H](Cc1ccc(O)cc1)[n+]1[c-]n2ccccc2c1)C(=O)N[C@@H](CS)C(=O)O,-11.4754,-8.16298
C[C@@H](O)[C@H](NC(=O)[C@H](Cc1ccc(O)cc1)[n+]1[c-]n2ccccc2c1)C(=O)N[C@@H](Cc1c[nH]cn1)C(=O)O,-7.4455,-9.007534
C[C@@H](O)[C@H](NC(=O)[C@H](Cc1ccc(O)cc1)[n+]1[c-]n2ccccc2c1)C(=O)O,-7.0134,-6.0881596
C[C@@H](O)[C@H](NC(=O)[C@H](Cc1ccccc1)NC(=O)[C@H](CS)[n+]1[c-]n2ccccc2c1)C(=O)O,-3.5983,-8.354852
C[C@@H](O)[C@H](NC(=O)[C@H](Cc1ccccc1)NC(=O)[C@H](Cc1ccccc1)[n+]1[c-]n2ccccc2c1)C(=O)O,-13.8467,-9.910273
C[C@@H](O)[C@H](NC(=O)[C@H](Cc1ccccc1)[n+]1[c-]n2ccccc2c1)C(=O)NCC(=O)O,-3.5386,-4.840641
C[C@@H](O)[C@H](NC(=O)[C@H](Cc1ccccc1)[n+]1[c-]n2ccccc2c1)C(=O)N[C@@H](CCC(N)=O)C(=O)O,-10.3745,-8.089959
C[C@@H](O)[C@H](NC(=O)[C@H](Cc1ccccc1)[n+]1[c-]n2ccccc2c1)C(=O)N[C@@H](CO)C(=O)O,-5.0747,-8.459504
C[C@@H](O)[C@H](NC(=O)[C@H](Cc1ccccc1)[n+]1[c-]n2ccccc2c1)C(=O)N[C@@H](Cc1c[nH]c2ccccc12)C(=O)O,-11.0667,-10.522066
C[C@@H](O)[C@H](NC(=O)[C@H](Cc1ccccc1)[n+]1[c-]n2ccccc2c1)C(=O)O,-8.555,-7.6685596
C[C@@H](O)[C@H](NC(=O)[C@H]([C@@H](C)O)[n+]1[c-]n2ccccc2c1)C(=O)N[C@@H](Cc1ccccc1)C(=O)O,-9.9577,-9.098738
C[C@H](NC(=O)CNC(=O)[C@H](C)[n+]1[c-]n2ccccc2c1)C(=O)O,-8.3934,-8.526359
C[C@H](NC(=O)CNC(=O)[C@H](CC(N)=O)[n+]1[c-]n2ccccc2c1)C(=O)O,-7.4161,-5.659364
C[C@H](NC(=O)CNC(=O)[C@H](CCC(N)=O)[n+]1[c-]n2ccccc2c1)C(=O)O,-4.7443,-5.889431
C[C@H](NC(=O)CNC(=O)[C@H](Cc1c[nH]cn1)[n+]1[c-]n2ccccc2c1)C(=O)O,-13.8317,-11.875216
C[C@H](NC(=O)C[n+]1[c-]n2ccccc2c1)C(=O)NCC(=O)O,-9.7072,-10.237913
C[C@H](NC(=O)C[n+]1[c-]n2ccccc2c1)C(=O)N[C@@H](CCC(=O)O)C(=O)O,-12.4032,-12.037302
C[C@H](NC(=O)C[n+]1[c-]n2ccccc2c1)C(=O)N[C@@H](Cc1ccccc1)C(=O)O,-11.2271,-11.090167
C[C@H](NC(=O)[C@@H](NC(=O)C[n+]1[c-]n2ccccc2c1)[C@@H](C)O)C(=O)O,-9.5166,-10.2022705
C[C@H](NC(=O)[C@@H](NC(=O)[C@H](C)[n+]1[c-]n2ccccc2c1)[C@@H](C)O)C(=O)O,1.5811,-4.4331245
C[C@H](NC(=O)[C@@H](NC(=O)[C@H](CO)[n+]1[c-]n2ccccc2c1)[C@@H](C)O)C(=O)O,-10.8191,-11.335513
C[C@H](NC(=O)[C@@H](NC(=O)[C@H](Cc1c[nH]cn1)[n+]1[c-]n2ccccc2c1)[C@@H](C)O)C(=O)O,-3.9108,-6.299462
C[C@H](NC(=O)[C@@H](NC(=O)[C@H]([C@@H](C)O)[n+]1[c-]n2ccccc2c1)[C@@H](C)O)C(=O)O,-7.1394,-7.538294
C[C@H](NC(=O)[C@@H]1CCCN1C(=O)[C@H](CC(=O)O)[n+]1[c-]n2ccccc2c1)C(=O)O,-8.9082,-10.053371
C[C@H](NC(=O)[C@@H]1CCCN1C(=O)[C@H](CCCNC(=N)N)[n+]1[c-]n2ccccc2c1)C(=O)O,-2.3459,-5.1628118
C[C@H](NC(=O)[C@@H]1CCCN1C(=O)[C@H](Cc1c[nH]c2ccccc12)[n+]1[c-]n2ccccc2c1)C(=O)O,-6.2602,-6.1314216
C[C@H](NC(=O)[C@@H]1CCCN1C(=O)[C@H](Cc1ccccc1)[n+]1[c-]n2ccccc2c1)C(=O)O,-11.4779,-9.423527
C[C@H](NC(=O)[C@@H]1CCCN1C(=O)[C@H]([C@@H](C)O)[n+]1[c-]n2ccccc2c1)C(=O)O,-10.9998,-8.23163
C[C@H](NC(=O)[C@H](C)NC(=O)C[n+]1[c-]n2ccccc2c1)C(=O)O,-11.1353,-10.127721
C[C@H](NC(=O)[C@H](C)NC(=O)[C@H](CC(N)=O)[n+]1[c-]n2ccccc2c1)C(=O)O,-6.7913,-5.875081
C[C@H](NC(=O)[C@H](C)NC(=O)[C@H](Cc1ccc(O)cc1)[n+]1[c-]n2ccccc2c1)C(=O)O,-2.4933,-5.2198215
C[C@H](NC(=O)[C@H](CC(=O)O)NC(=O)[C@H](CC(N)=O)[n+]1[c-]n2ccccc2c1)C(=O)O,-4.7455,-6.9905686
C[C@H](NC(=O)[C@H](CC(=O)O)NC(=O)[C@H](CCC(N)=O)[n+]1[c-]n2ccccc2c1)C(=O)O,-0.4819,-5.928074
C[C@H](NC(=O)[C@H](CC(=O)O)NC(=O)[C@H](CO)[n+]1[c-]n2ccccc2c1)C(=O)O,-1.3043,-6.3776827
C[C@H](NC(=O)[C@H](CC(=O)O)[n+]1[c-]n2ccccc2c1)C(=O)N1CCC[C@H]1C(=O)O,-9.3498,-7.2615666
C[C@H](NC(=O)[C@H](CC(=O)O)[n+]1[c-]n2ccccc2c1)C(=O)N[C@@H](CS)C(=O)O,-7.5023,-6.5616746
C[C@H](NC(=O)[C@H](CC(=O)O)[n+]1[c-]n2ccccc2c1)C(=O)N[C@@H](Cc1ccccc1)C(=O)O,-3.9285,-8.603974
C[C@H](NC(=O)[C@H](CC(=O)O)[n+]1[c-]n2ccccc2c1)C(=O)N[C@H](C(=O)O)[C@@H](C)O,-5.556,-5.556087
C[C@H](NC(=O)[C@H](CC(=O)O)[n+]1[c-]n2ccccc2c1)C(=O)O,-3.2851,-5.098336
C[C@H](NC(=O)[C@H](CC(N)=O)NC(=O)[C@H](CC(N)=O)[n+]1[c-]n2ccccc2c1)C(=O)O,-8.0674,-8.322783
C[C@H](NC(=O)[C@H](CC(N)=O)NC(=O)[C@H](Cc1ccc(O)cc1)[n+]1[c-]n2ccccc2c1)C(=O)O,-8.7716,-7.6530333
C[C@H](NC(=O)[C@H](CC(N)=O)[n+]1[c-]n2ccccc2c1)C(=O)N1CCC[C@H]1C(=O)O,-6.8158,-8.235551
C[C@H](NC(=O)[C@H](CC(N)=O)[n+]1[c-]n2ccccc2c1)C(=O)N[C@@H](CCC(N)=O)C(=O)O,-8.7009,-8.482348
C[C@H](NC(=O)[C@H](CC(N)=O)[n+]1[c-]n2ccccc2c1)C(=O)N[C@@H](Cc1ccc(O)cc1)C(=O)O,-10.3606,-11.180425
C[C@H](NC(=O)[C@H](CCC(=O)O)NC(=O)[C@H](CC(=O)O)[n+]1[c-]n2ccccc2c1)C(=O)O,-13.6115,-13.383402
C[C@H](NC(=O)[C@H](CCC(=O)O)NC(=O)[C@H](CCC(=O)O)[n+]1[c-]n2ccccc2c1)C(=O)O,-11.0195,-8.720873
C[C@H](NC(=O)[C@H](CCC(=O)O)NC(=O)[C@H]([C@@H](C)O)[n+]1[c-]n2ccccc2c1)C(=O)O,-9.5335,-8.606659
C[C@H](NC(=O)[C@H](CCC(=O)O)[n+]1[c-]n2ccccc2c1)C(=O)N[C@@H](CO)C(=O)O,-6.8444,-10.10034
C[C@H](NC(=O)[C@H](CCC(N)=O)NC(=O)[C@H](CCC(=O)O)[n+]1[c-]n2ccccc2c1)C(=O)O,-13.626,-15.307866
C[C@H](NC(=O)[C@H](CCC(N)=O)[n+]1[c-]n2ccccc2c1)C(=O)N[C@@H](CCC(N)=O)C(=O)O,-2.9509,-8.120038
C[C@H](NC(=O)[C@H](CCC(N)=O)[n+]1[c-]n2ccccc2c1)C(=O)N[C@@H](Cc1c[nH]c2ccccc12)C(=O)O,-6.0007,-10.497272
C[C@H](NC(=O)[C@H](CCC(N)=O)[n+]1[c-]n2ccccc2c1)C(=O)N[C@@H](Cc1ccc(O)cc1)C(=O)O,-6.5948,-9.178805
C[C@H](NC(=O)[C@H](CCC(N)=O)[n+]1[c-]n2ccccc2c1)C(=O)N[C@@H](Cc1ccccc1)C(=O)O,-5.5892,-6.420301
C[C@H](NC(=O)[C@H](CCC(N)=O)[n+]1[c-]n2ccccc2c1)C(=O)N[C@H](C(=O)O)[C@@H](C)O,-6.7169,-7.5425134
C[C@H](NC(=O)[C@H](CCC(N)=O)[n+]1[c-]n2ccccc2c1)C(=O)O,-4.6758,-5.2893167
C[C@H](NC(=O)[C@H](CCCNC(=N)N)NC(=O)[C@H](C)[n+]1[c-]n2ccccc2c1)C(=O)O,-10.8223,-7.5714064
C[C@H](NC(=O)[C@H](CCCNC(=N)N)NC(=O)[C@H](Cc1ccc(O)cc1)[n+]1[c-]n2ccccc2c1)C(=O)O,-10.8931,-9.899043
C[C@H](NC(=O)[C@H](CCCNC(=N)N)[n+]1[c-]n2ccccc2c1)C(=O)N1CCC[C@H]1C(=O)O,-5.6995,-10.483263
C[C@H](NC(=O)[C@H](CCCNC(=N)N)[n+]1[c-]n2ccccc2c1)C(=O)N[C@@H](CO)C(=O)O,4.9415,-4.733568
C[C@H](NC(=O)[C@H](CO)NC(=O)C[n+]1[c-]n2ccccc2c1)C(=O)O,-8.6472,-10.037677
C[C@H](NC(=O)[C@H](CO)NC(=O)[C@H](CC(N)=O)[n+]1[c-]n2ccccc2c1)C(=O)O,-1.5671,-6.285334
C[C@H](NC(=O)[C@H](CO)NC(=O)[C@H](CCC(=O)O)[n+]1[c-]n2ccccc2c1)C(=O)O,0.0498,-4.316799
C[C@H](NC(=O)[C@H](CO)[n+]1[c-]n2ccccc2c1)C(=O)N1CCC[C@H]1C(=O)O,-3.1109,-5.8981557
C[C@H](NC(=O)[C@H](CO)[n+]1[c-]n2ccccc2c1)C(=O)N[C@@H](Cc1c[nH]c2ccccc12)C(=O)O,-10.8079,-8.332897
C[C@H](NC(=O)[C@H](Cc1c[nH]c2ccccc12)NC(=O)[C@H](CC(N)=O)[n+]1[c-]n2ccccc2c1)C(=O)O,-13.3658,-10.012119
C[C@H](NC(=O)[C@H](Cc1c[nH]c2ccccc12)NC(=O)[C@H](Cc1ccc(O)cc1)[n+]1[c-]n2ccccc2c1)C(=O)O,-4.4962,-6.6641617
C[C@H](NC(=O)[C@H](Cc1c[nH]c2ccccc12)NC(=O)[C@H](Cc1ccccc1)[n+]1[c-]n2ccccc2c1)C(=O)O,-10.5035,-8.945493
C[C@H](NC(=O)[C@H](Cc1c[nH]c2ccccc12)[n+]1[c-]n2ccccc2c1)C(=O)NCC(=O)O,-3.6183,-8.591213
C[C@H](NC(=O)[C@H](Cc1c[nH]c2ccccc12)[n+]1[c-]n2ccccc2c1)C(=O)N[C@@H](CCC(=O)O)C(=O)O,-3.8887,-11.340937
C[C@H](NC(=O)[C@H](Cc1c[nH]cn1)NC(=O)C[n+]1[c-]n2ccccc2c1)C(=O)O,-7.8789,-10.009558
C[C@H](NC(=O)[C@H](Cc1c[nH]cn1)NC(=O)[C@H](Cc1c[nH]c2ccccc12)[n+]1[c-]n2ccccc2c1)C(=O)O,-7.4159,-8.292862
C[C@H](NC(=O)[C@H](Cc1c[nH]cn1)[n+]1[c-]n2ccccc2c1)C(=O)N[C@@H](CC(=O)O)C(=O)O,-2.2883,-8.135962
C[C@H](NC(=O)[C@H](Cc1c[nH]cn1)[n+]1[c-]n2ccccc2c1)C(=O)N[C@@H](CCC(=O)O)C(=O)O,-9.6094,-8.358994
C[C@H](NC(=O)[C@H](Cc1c[nH]cn1)[n+]1[c-]n2ccccc2c1)C(=O)N[C@@H](CCCNC(=N)N)C(=O)O,-7.0764,-7.4554605
C[C@H](NC(=O)[C@H](Cc1c[nH]cn1)[n+]1[c-]n2ccccc2c1)C(=O)N[C@@H](Cc1ccc(O)cc1)C(=O)O,-7.1595,-7.920502
C[C@H](NC(=O)[C@H](Cc1c[nH]cn1)[n+]1[c-]n2ccccc2c1)C(=O)N[C@@H](Cc1ccccc1)C(=O)O,-9.9337,-9.583371
C[C@H](NC(=O)[C@H](Cc1ccc(O)cc1)NC(=O)[C@H](CCC(N)=O)[n+]1[c-]n2ccccc2c1)C(=O)O,-10.9132,-8.122933
C[C@H](NC(=O)[C@H](Cc1ccc(O)cc1)NC(=O)[C@H](Cc1c[nH]c2ccccc12)[n+]1[c-]n2ccccc2c1)C(=O)O,-4.1292,-7.305929
C[C@H](NC(=O)[C@H](Cc1ccc(O)cc1)NC(=O)[C@H](Cc1c[nH]cn1)[n+]1[c-]n2ccccc2c1)C(=O)O,-12.339,-8.43902
C[C@H](NC(=O)[C@H](Cc1ccc(O)cc1)[n+]1[c-]n2ccccc2c1)C(=O)N[C@@H](CCC(=O)O)C(=O)O,-12.6828,-10.425497
C[C@H](NC(=O)[C@H](Cc1ccc(O)cc1)[n+]1[c-]n2ccccc2c1)C(=O)N[C@@H](Cc1c[nH]c2ccccc12)C(=O)O,-6.3257,-7.311299
C[C@H](NC(=O)[C@H](Cc1ccccc1)NC(=O)[C@H](CCC(N)=O)[n+]1[c-]n2ccccc2c1)C(=O)O,-16.1141,-10.008375
C[C@H](NC(=O)[C@H](Cc1ccccc1)NC(=O)[C@H](CS)[n+]1[c-]n2ccccc2c1)C(=O)O,-6.0737,-4.3216395
C[C@H](NC(=O)[C@H](Cc1ccccc1)NC(=O)[C@H](Cc1c[nH]c2ccccc12)[n+]1[c-]n2ccccc2c1)C(=O)O,-9.6335,-6.4185348
C[C@H](NC(=O)[C@H](Cc1ccccc1)[n+]1[c-]n2ccccc2c1)C(=O)N1CCC[C@H]1C(=O)O,-8.3799,-8.022226
C[C@H](NC(=O)[C@H](Cc1ccccc1)[n+]1[c-]n2ccccc2c1)C(=O)NCC(=O)O,-9.1578,-8.185096
C[C@H](NC(=O)[C@H](Cc1ccccc1)[n+]1[c-]n2ccccc2c1)C(=O)N[C@@H](CS)C(=O)O,-5.5676,-11.228209
C[C@H](NC(=O)[C@H]([C@@H](C)O)[n+]1[c-]n2ccccc2c1)C(=O)NCC(=O)O,-6.8398,-6.9550323
C[C@H](NC(=O)[C@H]([C@@H](C)O)[n+]1[c-]n2ccccc2c1)C(=O)N[C@@H](CCC(=O)O)C(=O)O,-3.0558,-8.257187
C[C@H](NC(=O)[C@H]([C@@H](C)O)[n+]1[c-]n2ccccc2c1)C(=O)N[C@@H](CCC(N)=O)C(=O)O,-13.2008,-8.552233
C[C@H](NC(=O)[C@H]([C@@H](C)O)[n+]1[c-]n2ccccc2c1)C(=O)N[C@@H](Cc1ccc(O)cc1)C(=O)O,-10.9771,-10.004098
C[C@H](NC(=O)[C@H]([C@@H](C)O)[n+]1[c-]n2ccccc2c1)C(=O)N[C@@H](Cc1ccccc1)C(=O)O,-9.6109,-9.275788
C[C@H](NC(=O)[C@H]([C@@H](C)O)[n+]1[c-]n2ccccc2c1)C(=O)N[C@H](C(=O)O)[C@@H](C)O,-7.6205,-7.7839546
N=C(N)NCCC[C@@H](C(=O)N1CCC[C@H]1C(=O)N1CCC[C@H]1C(=O)O)[n+]1[c-]n2ccccc2c1,-6.2386,-15.645473
N=C(N)NCCC[C@@H](C(=O)N1CCC[C@H]1C(=O)N[C@@H](CC(N)=O)C(=O)O)[n+]1[c-]n2ccccc2c1,2.0111,-7.4191937
N=C(N)NCCC[C@@H](C(=O)NCC(=O)N[C@@H](Cc1c[nH]cn1)C(=O)O)[n+]1[c-]n2ccccc2c1,-4.9254,-4.934992
N=C(N)NCCC[C@@H](C(=O)NCC(=O)O)[n+]1[c-]n2ccccc2c1,-12.6291,-8.029323
N=C(N)NCCC[C@@H](C(=O)N[C@@H](CC(=O)O)C(=O)N1CCC[C@H]1C(=O)O)[n+]1[c-]n2ccccc2c1,-0.5091,-5.1188493
N=C(N)NCCC[C@@H](C(=O)N[C@@H](CC(=O)O)C(=O)NCC(=O)O)[n+]1[c-]n2ccccc2c1,-5.8592,-6.933448
N=C(N)NCCC[C@@H](C(=O)N[C@@H](CC(=O)O)C(=O)N[C@@H](CO)C(=O)O)[n+]1[c-]n2ccccc2c1,-11.6432,-9.881305
N=C(N)NCCC[C@@H](C(=O)N[C@@H](CC(=O)O)C(=O)N[C@@H](Cc1ccc(O)cc1)C(=O)O)[n+]1[c-]n2ccccc2c1,-7.4439,-12.123246
N=C(N)NCCC[C@@H](C(=O)N[C@@H](CC(=O)O)C(=O)N[C@@H](Cc1ccccc1)C(=O)O)[n+]1[c-]n2ccccc2c1,-3.5064,-10.314131
N=C(N)NCCC[C@@H](C(=O)N[C@@H](CC(=O)O)C(=O)O)[n+]1[c-]n2ccccc2c1,-7.1869,-8.608099
N=C(N)NCCC[C@@H](C(=O)N[C@@H](CC(N)=O)C(=O)N[C@@H](CC(=O)O)C(=O)O)[n+]1[c-]n2ccccc2c1,-8.9646,-11.07924
N=C(N)NCCC[C@@H](C(=O)N[C@@H](CCC(=O)O)C(=O)N[C@@H](Cc1ccc(O)cc1)C(=O)O)[n+]1[c-]n2ccccc2c1,-19.9265,-15.470754
N=C(N)NCCC[C@@H](C(=O)N[C@@H](CCC(N)=O)C(=O)N1CCC[C@H]1C(=O)O)[n+]1[c-]n2ccccc2c1,-0.993,-5.863593
N=C(N)NCCC[C@@H](C(=O)N[C@@H](CCC(N)=O)C(=O)N[C@@H](CO)C(=O)O)[n+]1[c-]n2ccccc2c1,-5.8963,-5.6486077
N=C(N)NCCC[C@@H](C(=O)N[C@@H](CCC(N)=O)C(=O)N[C@@H](CS)C(=O)O)[n+]1[c-]n2ccccc2c1,-18.7504,-7.737817
N=C(N)NCCC[C@@H](C(=O)N[C@@H](CO)C(=O)N[C@@H](CC(N)=O)C(=O)O)[n+]1[c-]n2ccccc2c1,-13.3777,-6.831115
N=C(N)NCCC[C@@H](C(=O)N[C@@H](CO)C(=O)N[C@@H](CS)C(=O)O)[n+]1[c-]n2ccccc2c1,-2.9524,-8.472754
N=C(N)NCCC[C@@H](C(=O)N[C@@H](CO)C(=O)N[C@@H](Cc1c[nH]cn1)C(=O)O)[n+]1[c-]n2ccccc2c1,-12.4404,-11.7595825
N=C(N)NCCC[C@@H](C(=O)N[C@@H](CO)C(=O)N[C@@H](Cc1ccccc1)C(=O)O)[n+]1[c-]n2ccccc2c1,-9.1691,-9.983698
N=C(N)NCCC[C@@H](C(=O)N[C@@H](CS)C(=O)N[C@@H](CO)C(=O)O)[n+]1[c-]n2ccccc2c1,-2.715,-7.016196
N=C(N)NCCC[C@@H](C(=O)N[C@@H](CS)C(=O)O)[n+]1[c-]n2ccccc2c1,-9.3947,-9.264545
N=C(N)NCCC[C@@H](C(=O)N[C@@H](Cc1c[nH]c2ccccc12)C(=O)N[C@@H](CS)C(=O)O)[n+]1[c-]n2ccccc2c1,1.9856,-6.965773
N=C(N)NCCC[C@@H](C(=O)N[C@@H](Cc1c[nH]c2ccccc12)C(=O)N[C@@H](Cc1ccc(O)cc1)C(=O)O)[n+]1[c-]n2ccccc2c1,-13.5448,-8.016697
N=C(N)NCCC[C@@H](C(=O)N[C@@H](Cc1c[nH]c2ccccc12)C(=O)N[C@@H](Cc1ccccc1)C(=O)O)[n+]1[c-]n2ccccc2c1,-7.9748,-14.134801
N=C(N)NCCC[C@@H](C(=O)N[C@@H](Cc1c[nH]c2ccccc12)C(=O)O)[n+]1[c-]n2ccccc2c1,-13.4051,-10.734912
N=C(N)NCCC[C@@H](C(=O)N[C@@H](Cc1c[nH]cn1)C(=O)N[C@@H](Cc1c[nH]c2ccccc12)C(=O)O)[n+]1[c-]n2ccccc2c1,-10.0892,-10.427001
N=C(N)NCCC[C@@H](C(=O)N[C@@H](Cc1c[nH]cn1)C(=O)N[C@@H](Cc1ccc(O)cc1)C(=O)O)[n+]1[c-]n2ccccc2c1,-9.7726,-7.8834143
N=C(N)NCCC[C@@H](C(=O)N[C@@H](Cc1ccc(O)cc1)C(=O)N[C@@H](CO)C(=O)O)[n+]1[c-]n2ccccc2c1,-7.3319,-11.711547
N=C(N)NCCC[C@@H](C(=O)N[C@@H](Cc1ccccc1)C(=O)N[C@@H](CC(N)=O)C(=O)O)[n+]1[c-]n2ccccc2c1,-11.9438,-10.070058
N=C(N)NCCC[C@@H](C(=O)N[C@@H](Cc1ccccc1)C(=O)N[C@@H](Cc1ccc(O)cc1)C(=O)O)[n+]1[c-]n2ccccc2c1,-6.6704,-11.616945
N=C(N)NCCC[C@@H](C(=O)N[C@@H](Cc1ccccc1)C(=O)N[C@@H](Cc1ccccc1)C(=O)O)[n+]1[c-]n2ccccc2c1,-4.9712,-9.261433
N=C(N)NCCC[C@@H](C(=O)O)[n+]1[c-]n2ccccc2c1,-5.1955,-8.948553
N=C(N)NCCC[C@H](NC(=O)CNC(=O)[C@H](CC(=O)O)[n+]1[c-]n2ccccc2c1)C(=O)O,-7.3929,-9.870937
N=C(N)NCCC[C@H](NC(=O)CNC(=O)[C@H](CCCNC(=N)N)[n+]1[c-]n2ccccc2c1)C(=O)O,2.0654,-6.25846
N=C(N)NCCC[C@H](NC(=O)CNC(=O)[C@H](CS)[n+]1[c-]n2ccccc2c1)C(=O)O,-10.0505,-8.712731
N=C(N)NCCC[C@H](NC(=O)CNC(=O)[C@H](Cc1c[nH]cn1)[n+]1[c-]n2ccccc2c1)C(=O)O,-5.5122,-7.788054
N=C(N)NCCC[C@H](NC(=O)C[n+]1[c-]n2ccccc2c1)C(=O)N[C@@H](CC(=O)O)C(=O)O,-8.4326,-13.049504
N=C(N)NCCC[C@H](NC(=O)C[n+]1[c-]n2ccccc2c1)C(=O)N[C@@H](CC(N)=O)C(=O)O,-13.7383,-14.067809
N=C(N)NCCC[C@H](NC(=O)C[n+]1[c-]n2ccccc2c1)C(=O)N[C@@H](CCC(=O)O)C(=O)O,-16.3887,-14.645479
N=C(N)NCCC[C@H](NC(=O)C[n+]1[c-]n2ccccc2c1)C(=O)N[C@@H](CO)C(=O)O,-5.0044,-12.426443
N=C(N)NCCC[C@H](NC(=O)C[n+]1[c-]n2ccccc2c1)C(=O)N[C@@H](Cc1c[nH]c2ccccc12)C(=O)O,-17.3915,-14.294391
N=C(N)NCCC[C@H](NC(=O)C[n+]1[c-]n2ccccc2c1)C(=O)N[C@@H](Cc1ccc(O)cc1)C(=O)O,-14.847,-13.117122
N=C(N)NCCC[C@H](NC(=O)C[n+]1[c-]n2ccccc2c1)C(=O)O,-16.1598,-22.018347
N=C(N)NCCC[C@H](NC(=O)[C@@H]1CCCN1C(=O)[C@H](CO)[n+]1[c-]n2ccccc2c1)C(=O)O,-1.1709,-9.665168
N=C(N)NCCC[C@H](NC(=O)[C@H](CC(=O)O)NC(=O)[C@H](CC(N)=O)[n+]1[c-]n2ccccc2c1)C(=O)O,-8.9148,-11.2352705
N=C(N)NCCC[C@H](NC(=O)[C@H](CC(=O)O)NC(=O)[C@H](CCC(N)=O)[n+]1[c-]n2ccccc2c1)C(=O)O,-8.9646,-9.325903
N=C(N)NCCC[C@H](NC(=O)[C@H](CC(=O)O)NC(=O)[C@H](CO)[n+]1[c-]n2ccccc2c1)C(=O)O,-9.879,-7.521431
N=C(N)NCCC[C@H](NC(=O)[C@H](CC(=O)O)[n+]1[c-]n2ccccc2c1)C(=O)N[C@@H](Cc1c[nH]cn1)C(=O)O,-0.8596,-10.388293
N=C(N)NCCC[C@H](NC(=O)[C@H](CC(N)=O)[n+]1[c-]n2ccccc2c1)C(=O)NCC(=O)O,-18.4224,-10.861616
N=C(N)NCCC[C@H](NC(=O)[C@H](CCC(=O)O)NC(=O)[C@H](Cc1c[nH]c2ccccc12)[n+]1[c-]n2ccccc2c1)C(=O)O,-17.6518,-12.492448
N=C(N)NCCC[C@H](NC(=O)[C@H](CCC(=O)O)NC(=O)[C@H](Cc1ccccc1)[n+]1[c-]n2ccccc2c1)C(=O)O,-5.4383,-12.374386
N=C(N)NCCC[C@H](NC(=O)[C@H](CCC(=O)O)[n+]1[c-]n2ccccc2c1)C(=O)NCC(=O)O,-9.6643,-10.894082
N=C(N)NCCC[C@H](NC(=O)[C@H](CCC(=O)O)[n+]1[c-]n2ccccc2c1)C(=O)N[C@@H](CC(N)=O)C(=O)O,-0.1215,-10.653082
N=C(N)NCCC[C@H](NC(=O)[C@H](CCC(=O)O)[n+]1[c-]n2ccccc2c1)C(=O)N[C@@H](Cc1ccccc1)C(=O)O,-12.766,-9.553011
N=C(N)NCCC[C@H](NC(=O)[C@H](CCC(N)=O)NC(=O)C[n+]1[c-]n2ccccc2c1)C(=O)O,-21.2523,-22.62868
N=C(N)NCCC[C@H](NC(=O)[C@H](CCC(N)=O)NC(=O)[C@H](CC(=O)O)[n+]1[c-]n2ccccc2c1)C(=O)O,-17.0759,-12.379764
N=C(N)NCCC[C@H](NC(=O)[C@H](CCC(N)=O)NC(=O)[C@H](CC(N)=O)[n+]1[c-]n2ccccc2c1)C(=O)O,-14.6117,-9.67248
N=C(N)NCCC[C@H](NC(=O)[C@H](CCC(N)=O)NC(=O)[C@H](CCC(=O)O)[n+]1[c-]n2ccccc2c1)C(=O)O,-9.3109,-9.22189
N=C(N)NCCC[C@H](NC(=O)[C@H](CCC(N)=O)NC(=O)[C@H](CCCNC(=N)N)[n+]1[c-]n2ccccc2c1)C(=O)O,-9.965,-9.005886
N=C(N)NCCC[C@H](NC(=O)[C@H](CCC(N)=O)NC(=O)[C@H](Cc1ccccc1)[n+]1[c-]n2ccccc2c1)C(=O)O,1.3469,-9.32406
N=C(N)NCCC[C@H](NC(=O)[C@H](CCC(N)=O)[n+]1[c-]n2ccccc2c1)C(=O)N[C@@H](CCC(N)=O)C(=O)O,-14.6756,-11.123689
N=C(N)NCCC[C@H](NC(=O)[C@H](CCC(N)=O)[n+]1[c-]n2ccccc2c1)C(=O)N[C@@H](Cc1ccccc1)C(=O)O,-13.9388,-11.319631
N=C(N)NCCC[C@H](NC(=O)[C@H](CCCNC(=N)N)NC(=O)[C@H](CC(N)=O)[n+]1[c-]n2ccccc2c1)C(=O)O,-11.5825,-17.463282
N=C(N)NCCC[C@H](NC(=O)[C@H](CCCNC(=N)N)NC(=O)[C@H](Cc1ccc(O)cc1)[n+]1[c-]n2ccccc2c1)C(=O)O,-7.7034,-7.95738
N=C(N)NCCC[C@H](NC(=O)[C@H](CCCNC(=N)N)[n+]1[c-]n2ccccc2c1)C(=O)N[C@@H](CC(=O)O)C(=O)O,-8.9739,-10.490495
N=C(N)NCCC[C@H](NC(=O)[C@H](CCCNC(=N)N)[n+]1[c-]n2ccccc2c1)C(=O)N[C@@H](CO)C(=O)O,-3.5093,-7.415635
N=C(N)NCCC[C@H](NC(=O)[C@H](CCCNC(=N)N)[n+]1[c-]n2ccccc2c1)C(=O)N[C@@H](Cc1ccc(O)cc1)C(=O)O,-2.9768,-9.5411825
N=C(N)NCCC[C@H](NC(=O)[C@H](CO)NC(=O)[C@H](CC(=O)O)[n+]1[c-]n2ccccc2c1)C(=O)O,-1.9262,-7.624672
N=C(N)NCCC[C@H](NC(=O)[C@H](CO)NC(=O)[C@H](Cc1c[nH]cn1)[n+]1[c-]n2ccccc2c1)C(=O)O,-17.1461,-15.56059
N=C(N)NCCC[C@H](NC(=O)[C@H](CO)NC(=O)[C@H](Cc1ccccc1)[n+]1[c-]n2ccccc2c1)C(=O)O,-12.4821,-11.111377
N=C(N)NCCC[C@H](NC(=O)[C@H](CO)[n+]1[c-]n2ccccc2c1)C(=O)N[C@@H](CC(=O)O)C(=O)O,-11.6734,-12.11556
N=C(N)NCCC[C@H](NC(=O)[C@H](CO)[n+]1[c-]n2ccccc2c1)C(=O)N[C@@H](CCC(=O)O)C(=O)O,-7.459,-13.166422
N=C(N)NCCC[C@H](NC(=O)[C@H](CO)[n+]1[c-]n2ccccc2c1)C(=O)N[C@@H](Cc1c[nH]cn1)C(=O)O,-8.0028,-9.181073
N=C(N)NCCC[C@H](NC(=O)[C@H](CS)NC(=O)[C@H](CC(=O)O)[n+]1[c-]n2ccccc2c1)C(=O)O,-7.7214,-8.0510025
N=C(N)NCCC[C@H](NC(=O)[C@H](CS)NC(=O)[C@H](CC(N)=O)[n+]1[c-]n2ccccc2c1)C(=O)O,-17.739,-13.734385
N=C(N)NCCC[C@H](NC(=O)[C@H](CS)NC(=O)[C@H](Cc1c[nH]cn1)[n+]1[c-]n2ccccc2c1)C(=O)O,-7.2984,-10.907991
N=C(N)NCCC[C@H](NC(=O)[C@H](CS)[n+]1[c-]n2ccccc2c1)C(=O)N1CCC[C@H]1C(=O)O,-7.8446,-5.997181
N=C(N)NCCC[C@H](NC(=O)[C@H](CS)[n+]1[c-]n2ccccc2c1)C(=O)N[C@@H](CC(N)=O)C(=O)O,-12.5858,-13.226955
N=C(N)NCCC[C@H](NC(=O)[C@H](CS)[n+]1[c-]n2ccccc2c1)C(=O)N[C@@H](CO)C(=O)O,-10.9106,-13.423942
N=C(N)NCCC[C@H](NC(=O)[C@H](Cc1c[nH]c2ccccc12)NC(=O)[C@H](CC(N)=O)[n+]1[c-]n2ccccc2c1)C(=O)O,-19.87,-13.124044
N=C(N)NCCC[C@H](NC(=O)[C@H](Cc1c[nH]c2ccccc12)NC(=O)[C@H](Cc1ccccc1)[n+]1[c-]n2ccccc2c1)C(=O)O,-10.735,-12.3614235
N=C(N)NCCC[C@H](NC(=O)[C@H](Cc1c[nH]c2ccccc12)[n+]1[c-]n2ccccc2c1)C(=O)N1CCC[C@H]1C(=O)O,-3.4573,-8.747824
N=C(N)NCCC[C@H](NC(=O)[C@H](Cc1c[nH]c2ccccc12)[n+]1[c-]n2ccccc2c1)C(=O)N[C@@H](CO)C(=O)O,-9.8069,-8.809011
N=C(N)NCCC[C@H](NC(=O)[C@H](Cc1c[nH]c2ccccc12)[n+]1[c-]n2ccccc2c1)C(=O)N[C@@H](CS)C(=O)O,-9.1167,-10.730906
N=C(N)NCCC[C@H](NC(=O)[C@H](Cc1c[nH]c2ccccc12)[n+]1[c-]n2ccccc2c1)C(=O)N[C@@H](Cc1c[nH]c2ccccc12)C(=O)O,-14.5011,-12.44767
N=C(N)NCCC[C@H](NC(=O)[C@H](Cc1c[nH]cn1)[n+]1[c-]n2ccccc2c1)C(=O)N1CCC[C@H]1C(=O)O,-7.2598,-10.579019
N=C(N)NCCC[C@H](NC(=O)[C@H](Cc1c[nH]cn1)[n+]1[c-]n2ccccc2c1)C(=O)NCC(=O)O,-4.4801,-8.663079
N=C(N)NCCC[C@H](NC(=O)[C@H](Cc1c[nH]cn1)[n+]1[c-]n2ccccc2c1)C(=O)N[C@@H](CC(N)=O)C(=O)O,-9.1353,-11.112427
N=C(N)NCCC[C@H](NC(=O)[C@H](Cc1c[nH]cn1)[n+]1[c-]n2ccccc2c1)C(=O)N[C@@H](CCC(=O)O)C(=O)O,-0.0257,-10.2953415
N=C(N)NCCC[C@H](NC(=O)[C@H](Cc1c[nH]cn1)[n+]1[c-]n2ccccc2c1)C(=O)N[C@@H](Cc1c[nH]cn1)C(=O)O,-9.6094,-10.137739
N=C(N)NCCC[C@H](NC(=O)[C@H](Cc1c[nH]cn1)[n+]1[c-]n2ccccc2c1)C(=O)O,-12.218,-9.5355215
N=C(N)NCCC[C@H](NC(=O)[C@H](Cc1ccc(O)cc1)NC(=O)C[n+]1[c-]n2ccccc2c1)C(=O)O,-14.5177,-12.5772705
N=C(N)NCCC[C@H](NC(=O)[C@H](Cc1ccc(O)cc1)NC(=O)[C@H](Cc1c[nH]c2ccccc12)[n+]1[c-]n2ccccc2c1)C(=O)O,-14.2724,-12.557675
N=C(N)NCCC[C@H](NC(=O)[C@H](Cc1ccc(O)cc1)NC(=O)[C@H](Cc1c[nH]cn1)[n+]1[c-]n2ccccc2c1)C(=O)O,-4.8917,-8.5586605
N=C(N)NCCC[C@H](NC(=O)[C@H](Cc1ccc(O)cc1)[n+]1[c-]n2ccccc2c1)C(=O)N[C@@H](CC(=O)O)C(=O)O,-6.0444,-9.854264
N=C(N)NCCC[C@H](NC(=O)[C@H](Cc1ccc(O)cc1)[n+]1[c-]n2ccccc2c1)C(=O)N[C@@H](CCC(=O)O)C(=O)O,-9.1887,-10.323148
N=C(N)NCCC[C@H](NC(=O)[C@H](Cc1ccc(O)cc1)[n+]1[c-]n2ccccc2c1)C(=O)N[C@@H](Cc1ccc(O)cc1)C(=O)O,-5.7415,-10.966833
N=C(N)NCCC[C@H](NC(=O)[C@H](Cc1ccc(O)cc1)[n+]1[c-]n2ccccc2c1)C(=O)N[C@@H](Cc1ccccc1)C(=O)O,-5.83,-9.40868
N=C(N)NCCC[C@H](NC(=O)[C@H](Cc1ccccc1)NC(=O)[C@H](CCCNC(=N)N)[n+]1[c-]n2ccccc2c1)C(=O)O,-2.4364,-5.7015395
N=C(N)NCCC[C@H](NC(=O)[C@H](Cc1ccccc1)[n+]1[c-]n2ccccc2c1)C(=O)N[C@@H](Cc1ccccc1)C(=O)O,-11.3078,-8.091736
NC(=O)CC[C@@H](C(=O)N1CCC[C@H]1C(=O)N1CCC[C@H]1C(=O)O)[n+]1[c-]n2ccccc2c1,-3.9446,-6.755065
NC(=O)CC[C@@H](C(=O)N1CCC[C@H]1C(=O)NCC(=O)O)[n+]1[c-]n2ccccc2c1,-7.8706,-7.9220967
NC(=O)CC[C@@H](C(=O)N1CCC[C@H]1C(=O)O)[n+]1[c-]n2ccccc2c1,-4.4422,-6.038016
NC(=O)CC[C@@H](C(=O)NCC(=O)N1CCC[C@H]1C(=O)O)[n+]1[c-]n2ccccc2c1,-8.2869,-8.473342
NC(=O)CC[C@@H](C(=O)NCC(=O)N[C@@H](CC(=O)O)C(=O)O)[n+]1[c-]n2ccccc2c1,-6.1006,-7.475235
NC(=O)CC[C@@H](C(=O)NCC(=O)N[C@@H](Cc1ccccc1)C(=O)O)[n+]1[c-]n2ccccc2c1,-5.731,-7.5615687
NC(=O)CC[C@@H](C(=O)N[C@@H](CC(=O)O)C(=O)N[C@@H](CS)C(=O)O)[n+]1[c-]n2ccccc2c1,-14.2065,-8.418535
NC(=O)CC[C@@H](C(=O)N[C@@H](CC(=O)O)C(=O)N[C@@H](Cc1c[nH]c2ccccc12)C(=O)O)[n+]1[c-]n2ccccc2c1,-18.198,-11.340653
NC(=O)CC[C@@H](C(=O)N[C@@H](CC(=O)O)C(=O)O)[n+]1[c-]n2ccccc2c1,-4.1409,-6.7020483
NC(=O)CC[C@@H](C(=O)N[C@@H](CC(N)=O)C(=O)NCC(=O)O)[n+]1[c-]n2ccccc2c1,-6.8702,-9.206922
NC(=O)CC[C@@H](C(=O)N[C@@H](CC(N)=O)C(=O)N[C@@H](CC(N)=O)C(=O)O)[n+]1[c-]n2ccccc2c1,-15.3898,-11.071743
NC(=O)CC[C@@H](C(=O)N[C@@H](CCC(=O)O)C(=O)N1CCC[C@H]1C(=O)O)[n+]1[c-]n2ccccc2c1,-9.695,-8.688178
NC(=O)CC[C@@H](C(=O)N[C@@H](CCC(=O)O)C(=O)N[C@@H](CC(=O)O)C(=O)O)[n+]1[c-]n2ccccc2c1,-11.402,-12.264795
NC(=O)CC[C@@H](C(=O)N[C@@H](CCC(=O)O)C(=O)N[C@@H](Cc1ccccc1)C(=O)O)[n+]1[c-]n2ccccc2c1,-12.9407,-7.274712
NC(=O)CC[C@@H](C(=O)N[C@@H](CCC(=O)O)C(=O)O)[n+]1[c-]n2ccccc2c1,-8.4551,-9.764609
NC(=O)CC[C@@H](C(=O)N[C@@H](CO)C(=O)N1CCC[C@H]1C(=O)O)[n+]1[c-]n2ccccc2c1,-3.7691,-9.308397
NC(=O)CC[C@@H](C(=O)N[C@@H](CO)C(=O)N[C@@H](CC(=O)O)C(=O)O)[n+]1[c-]n2ccccc2c1,-10.4065,-8.562619
NC(=O)CC[C@@H](C(=O)N[C@@H](CO)C(=O)N[C@@H](CO)C(=O)O)[n+]1[c-]n2ccccc2c1,-0.3198,-6.76116
NC(=O)CC[C@@H](C(=O)N[C@@H](CS)C(=O)N[C@@H](Cc1ccccc1)C(=O)O)[n+]1[c-]n2ccccc2c1,-10.4001,-8.585413
NC(=O)CC[C@@H](C(=O)N[C@@H](Cc1c[nH]c2ccccc12)C(=O)N[C@@H](CCC(=O)O)C(=O)O)[n+]1[c-]n2ccccc2c1,-14.8949,-11.132577
NC(=O)CC[C@@H](C(=O)N[C@@H](Cc1c[nH]c2ccccc12)C(=O)N[C@@H](Cc1c[nH]cn1)C(=O)O)[n+]1[c-]n2ccccc2c1,-14.4474,-10.018684
NC(=O)CC[C@@H](C(=O)N[C@@H](Cc1c[nH]cn1)C(=O)N[C@@H](Cc1c[nH]cn1)C(=O)O)[n+]1[c-]n2ccccc2c1,-16.6053,-10.713909
NC(=O)CC[C@@H](C(=O)N[C@@H](Cc1c[nH]cn1)C(=O)N[C@@H](Cc1ccccc1)C(=O)O)[n+]1[c-]n2ccccc2c1,-8.7574,-10.398408
NC(=O)CC[C@@H](C(=O)N[C@@H](Cc1c[nH]cn1)C(=O)O)[n+]1[c-]n2ccccc2c1,-11.3269,-7.4693904
NC(=O)CC[C@@H](C(=O)N[C@@H](Cc1ccc(O)cc1)C(=O)N[C@@H](CC(=O)O)C(=O)O)[n+]1[c-]n2ccccc2c1,-11.3909,-7.7249465
NC(=O)CC[C@@H](C(=O)N[C@@H](Cc1ccc(O)cc1)C(=O)N[C@@H](Cc1c[nH]c2ccccc12)C(=O)O)[n+]1[c-]n2ccccc2c1,-19.2332,-10.479163
NC(=O)CC[C@@H](C(=O)N[C@@H](Cc1ccc(O)cc1)C(=O)O)[n+]1[c-]n2ccccc2c1,-9.2687,-6.9545064
NC(=O)CC[C@@H](C(=O)N[C@@H](Cc1ccccc1)C(=O)N[C@@H](CS)C(=O)O)[n+]1[c-]n2ccccc2c1,-3.8385,-8.69327
NC(=O)CC[C@H](NC(=O)CNC(=O)[C@H](CC(=O)O)[n+]1[c-]n2ccccc2c1)C(=O)O,-17.0462,-12.622386
NC(=O)CC[C@H](NC(=O)CNC(=O)[C@H](CO)[n+]1[c-]n2ccccc2c1)C(=O)O,-14.4509,-10.303392
NC(=O)CC[C@H](NC(=O)C[n+]1[c-]n2ccccc2c1)C(=O)NCC(=O)O,-13.3808,-11.4808035
NC(=O)CC[C@H](NC(=O)C[n+]1[c-]n2ccccc2c1)C(=O)N[C@@H](Cc1c[nH]cn1)C(=O)O,-13.2851,-11.209522
NC(=O)CC[C@H](NC(=O)[C@@H]1CCCN1C(=O)[C@H](CCC(=O)O)[n+]1[c-]n2ccccc2c1)C(=O)O,-9.1811,-6.869158
NC(=O)CC[C@H](NC(=O)[C@@H]1CCCN1C(=O)[C@H](Cc1c[nH]c2ccccc12)[n+]1[c-]n2ccccc2c1)C(=O)O,-7.089,-6.2485485
NC(=O)CC[C@H](NC(=O)[C@H](CC(=O)O)NC(=O)[C@H](Cc1ccccc1)[n+]1[c-]n2ccccc2c1)C(=O)O,-20.9195,-15.472013
NC(=O)CC[C@H](NC(=O)[C@H](CC(=O)O)[n+]1[c-]n2ccccc2c1)C(=O)N[C@@H](CC(=O)O)C(=O)O,-16.5032,-11.0693
NC(=O)CC[C@H](NC(=O)[C@H](CC(=O)O)[n+]1[c-]n2ccccc2c1)C(=O)N[C@@H](Cc1c[nH]c2ccccc12)C(=O)O,-13.6481,-8.292272
NC(=O)CC[C@H](NC(=O)[C@H](CC(=O)O)[n+]1[c-]n2ccccc2c1)C(=O)N[C@@H](Cc1ccccc1)C(=O)O,-12.5554,-10.923169
NC(=O)CC[C@H](NC(=O)[C@H](CC(=O)O)[n+]1[c-]n2ccccc2c1)C(=O)O,-9.8382,-5.6496305
NC(=O)CC[C@H](NC(=O)[C@H](CC(N)=O)NC(=O)[C@H](CC(=O)O)[n+]1[c-]n2ccccc2c1)C(=O)O,-15.4852,-8.496412
NC(=O)CC[C@H](NC(=O)[C@H](CC(N)=O)NC(=O)[C@H](CC(N)=O)[n+]1[c-]n2ccccc2c1)C(=O)O,-12.4524,-8.529653
NC(=O)CC[C@H](NC(=O)[C@H](CC(N)=O)[n+]1[c-]n2ccccc2c1)C(=O)N[C@@H](Cc1c[nH]c2ccccc12)C(=O)O,-9.5044,-9.930846
NC(=O)CC[C@H](NC(=O)[C@H](CC(N)=O)[n+]1[c-]n2ccccc2c1)C(=O)N[C@@H](Cc1ccccc1)C(=O)O,-15.9153,-11.111311
NC(=O)CC[C@H](NC(=O)[C@H](CCC(=O)O)NC(=O)[C@H](CC(N)=O)[n+]1[c-]n2ccccc2c1)C(=O)O,-14.8936,-10.368426
NC(=O)CC[C@H](NC(=O)[C@H](CCC(=O)O)[n+]1[c-]n2ccccc2c1)C(=O)N1CCC[C@H]1C(=O)O,-8.8288,-5.3516893
NC(=O)CC[C@H](NC(=O)[C@H](CCC(=O)O)[n+]1[c-]n2ccccc2c1)C(=O)NCC(=O)O,-15.1401,-11.431644
NC(=O)CC[C@H](NC(=O)[C@H](CCC(=O)O)[n+]1[c-]n2ccccc2c1)C(=O)N[C@@H](Cc1c[nH]c2ccccc12)C(=O)O,-18.9186,-9.965597
NC(=O)CC[C@H](NC(=O)[C@H](CCC(=O)O)[n+]1[c-]n2ccccc2c1)C(=O)O,-11.3358,-12.67172
NC(=O)CC[C@H](NC(=O)[C@H](CCC(N)=O)NC(=O)C[n+]1[c-]n2ccccc2c1)C(=O)O,-11.353,-13.934974
NC(=O)CC[C@H](NC(=O)[C@H](CCC(N)=O)NC(=O)[C@H](CS)[n+]1[c-]n2ccccc2c1)C(=O)O,-12.0738,-7.753028
NC(=O)CC[C@H](NC(=O)[C@H](CO)NC(=O)[C@H](CC(=O)O)[n+]1[c-]n2ccccc2c1)C(=O)O,-10.4682,-7.668066
NC(=O)CC[C@H](NC(=O)[C@H](CO)NC(=O)[C@H](CO)[n+]1[c-]n2ccccc2c1)C(=O)O,-17.4431,-12.0253105
NC(=O)CC[C@H](NC(=O)[C@H](CO)[n+]1[c-]n2ccccc2c1)C(=O)N[C@@H](CCC(=O)O)C(=O)O,-14.4902,-10.7295265
NC(=O)CC[C@H](NC(=O)[C@H](CO)[n+]1[c-]n2ccccc2c1)C(=O)N[C@@H](Cc1c[nH]c2ccccc12)C(=O)O,-21.7427,-11.97399
NC(=O)CC[C@H](NC(=O)[C@H](CS)NC(=O)[C@H](CC(=O)O)[n+]1[c-]n2ccccc2c1)C(=O)O,-6.6941,-7.5340157
NC(=O)CC[C@H](NC(=O)[C@H](CS)NC(=O)[C@H](CCC(=O)O)[n+]1[c-]n2ccccc2c1)C(=O)O,0.3096,-12.990046
NC(=O)CC[C@H](NC(=O)[C@H](CS)NC(=O)[C@H](Cc1c[nH]cn1)[n+]1[c-]n2ccccc2c1)C(=O)O,-8.7789,-8.252505
NC(=O)CC[C@H](NC(=O)[C@H](CS)[n+]1[c-]n2ccccc2c1)C(=O)N1CCC[C@H]1C(=O)O,10.9206,-8.932511
NC(=O)CC[C@H](NC(=O)[C@H](CS)[n+]1[c-]n2ccccc2c1)C(=O)N[C@@H](CC(N)=O)C(=O)O,-12.1086,-13.122402
NC(=O)CC[C@H](NC(=O)[C@H](Cc1c[nH]c2ccccc12)NC(=O)[C@H](CCC(=O)O)[n+]1[c-]n2ccccc2c1)C(=O)O,-15.8225,-10.266295
NC(=O)CC[C@H](NC(=O)[C@H](Cc1c[nH]c2ccccc12)NC(=O)[C@H](CS)[n+]1[c-]n2ccccc2c1)C(=O)O,-12.1514,-9.717369
NC(=O)CC[C@H](NC(=O)[C@H](Cc1c[nH]c2ccccc12)NC(=O)[C@H](Cc1c[nH]c2ccccc12)[n+]1[c-]n2ccccc2c1)C(=O)O,-14.1149,-13.601511
NC(=O)CC[C@H](NC(=O)[C@H](Cc1c[nH]cn1)NC(=O)[C@H](CC(=O)O)[n+]1[c-]n2ccccc2c1)C(=O)O,-9.4257,-8.587779
NC(=O)CC[C@H](NC(=O)[C@H](Cc1c[nH]cn1)NC(=O)[C@H](CCC(=O)O)[n+]1[c-]n2ccccc2c1)C(=O)O,-10.8602,-8.789952
NC(=O)CC[C@H](NC(=O)[C@H](Cc1c[nH]cn1)NC(=O)[C@H](CO)[n+]1[c-]n2ccccc2c1)C(=O)O,-14.5243,-12.308268
NC(=O)CC[C@H](NC(=O)[C@H](Cc1c[nH]cn1)NC(=O)[C@H](Cc1c[nH]c2ccccc12)[n+]1[c-]n2ccccc2c1)C(=O)O,-18.2155,-12.218985
NC(=O)CC[C@H](NC(=O)[C@H](Cc1c[nH]cn1)NC(=O)[C@H](Cc1ccc(O)cc1)[n+]1[c-]n2ccccc2c1)C(=O)O,-13.4129,-10.500726
NC(=O)CC[C@H](NC(=O)[C@H](Cc1c[nH]cn1)[n+]1[c-]n2ccccc2c1)C(=O)NCC(=O)O,-7.111,-6.717427
NC(=O)CC[C@H](NC(=O)[C@H](Cc1c[nH]cn1)[n+]1[c-]n2ccccc2c1)C(=O)N[C@@H](CC(N)=O)C(=O)O,-6.648,-8.596895
NC(=O)CC[C@H](NC(=O)[C@H](Cc1c[nH]cn1)[n+]1[c-]n2ccccc2c1)C(=O)N[C@@H](CO)C(=O)O,-10.3818,-10.446416
NC(=O)CC[C@H](NC(=O)[C@H](Cc1c[nH]cn1)[n+]1[c-]n2ccccc2c1)C(=O)N[C@@H](CS)C(=O)O,-12.0277,-9.64256
NC(=O)CC[C@H](NC(=O)[C@H](Cc1c[nH]cn1)[n+]1[c-]n2ccccc2c1)C(=O)N[C@@H](Cc1ccc(O)cc1)C(=O)O,-11.7033,-11.350427
NC(=O)CC[C@H](NC(=O)[C@H](Cc1ccc(O)cc1)NC(=O)[C@H](CC(=O)O)[n+]1[c-]n2ccccc2c1)C(=O)O,-6.749,-8.7585
NC(=O)CC[C@H](NC(=O)[C@H](Cc1ccc(O)cc1)NC(=O)[C@H](Cc1c[nH]c2ccccc12)[n+]1[c-]n2ccccc2c1)C(=O)O,-13.2094,-9.42155
NC(=O)CC[C@H](NC(=O)[C@H](Cc1ccc(O)cc1)NC(=O)[C@H](Cc1c[nH]cn1)[n+]1[c-]n2ccccc2c1)C(=O)O,-7.7649,-8.233748
NC(=O)CC[C@H](NC(=O)[C@H](Cc1ccc(O)cc1)[n+]1[c-]n2ccccc2c1)C(=O)N[C@@H](CC(=O)O)C(=O)O,-16.6094,-13.004645
NC(=O)CC[C@H](NC(=O)[C@H](Cc1ccc(O)cc1)[n+]1[c-]n2ccccc2c1)C(=O)N[C@@H](Cc1c[nH]c2ccccc12)C(=O)O,-20.3944,-10.741912
NC(=O)CC[C@H](NC(=O)[C@H](Cc1ccc(O)cc1)[n+]1[c-]n2ccccc2c1)C(=O)N[C@@H](Cc1ccc(O)cc1)C(=O)O,-19.8543,-9.626381
NC(=O)CC[C@H](NC(=O)[C@H](Cc1ccccc1)NC(=O)C[n+]1[c-]n2ccccc2c1)C(=O)O,-16.8978,-13.581236
NC(=O)CC[C@H](NC(=O)[C@H](Cc1ccccc1)NC(=O)[C@H](CS)[n+]1[c-]n2ccccc2c1)C(=O)O,-9.3977,-8.058837
NC(=O)CC[C@H](NC(=O)[C@H](Cc1ccccc1)NC(=O)[C@H](Cc1ccc(O)cc1)[n+]1[c-]n2ccccc2c1)C(=O)O,-4.0821,-8.510185
NC(=O)CC[C@H](NC(=O)[C@H](Cc1ccccc1)[n+]1[c-]n2ccccc2c1)C(=O)NCC(=O)O,-9.0492,-10.168835
NC(=O)CC[C@H](NC(=O)[C@H](Cc1ccccc1)[n+]1[c-]n2ccccc2c1)C(=O)N[C@@H](CS)C(=O)O,-10.5676,-11.567023
NC(=O)C[C@@H](C(=O)N1CCC[C@H]1C(=O)N[C@@H](CCC(=O)O)C(=O)O)[n+]1[c-]n2ccccc2c1,-3.8306,-4.644943
NC(=O)C[C@@H](C(=O)N1CCC[C@H]1C(=O)N[C@@H](CO)C(=O)O)[n+]1[c-]n2ccccc2c1,-5.7339,-5.188936
NC(=O)C[C@@H](C(=O)N1CCC[C@H]1C(=O)N[C@@H](Cc1c[nH]cn1)C(=O)O)[n+]1[c-]n2ccccc2c1,-2.3697,-5.7844024
NC(=O)C[C@@H](C(=O)N[C@@H](CC(=O)O)C(=O)N[C@@H](CC(=O)O)C(=O)O)[n+]1[c-]n2ccccc2c1,-5.3529,-8.264501
NC(=O)C[C@@H](C(=O)N[C@@H](CC(=O)O)C(=O)N[C@@H](CO)C(=O)O)[n+]1[c-]n2ccccc2c1,-3.1756,-7.43805
NC(=O)C[C@@H](C(=O)N[C@@H](CC(=O)O)C(=O)N[C@@H](Cc1ccc(O)cc1)C(=O)O)[n+]1[c-]n2ccccc2c1,-13.9928,-8.032021
NC(=O)C[C@@H](C(=O)N[C@@H](CO)C(=O)N1CCC[C@H]1C(=O)O)[n+]1[c-]n2ccccc2c1,-2.9526,-7.210334
NC(=O)C[C@@H](C(=O)N[C@@H](CO)C(=O)N[C@@H](CC(=O)O)C(=O)O)[n+]1[c-]n2ccccc2c1,-17.8067,-12.407535
NC(=O)C[C@@H](C(=O)N[C@@H](CO)C(=O)N[C@@H](CCC(=O)O)C(=O)O)[n+]1[c-]n2ccccc2c1,-18.9141,-17.426687
NC(=O)C[C@@H](C(=O)N[C@@H](CO)C(=O)N[C@@H](CO)C(=O)O)[n+]1[c-]n2ccccc2c1,-8.9291,-7.962388
NC(=O)C[C@@H](C(=O)N[C@@H](CO)C(=O)N[C@@H](CS)C(=O)O)[n+]1[c-]n2ccccc2c1,-12.9682,-8.985672
NC(=O)C[C@@H](C(=O)N[C@@H](CO)C(=O)N[C@@H](Cc1ccccc1)C(=O)O)[n+]1[c-]n2ccccc2c1,-3.0385,-9.661792
NC(=O)C[C@@H](C(=O)N[C@@H](CS)C(=O)N[C@@H](CC(=O)O)C(=O)O)[n+]1[c-]n2ccccc2c1,-10.4057,-9.452053
NC(=O)C[C@@H](C(=O)N[C@@H](CS)C(=O)N[C@@H](Cc1ccc(O)cc1)C(=O)O)[n+]1[c-]n2ccccc2c1,-7.7096,-10.108177
NC(=O)C[C@@H](C(=O)N[C@@H](CS)C(=O)O)[n+]1[c-]n2ccccc2c1,-7.7723,-5.7728086
NC(=O)C[C@@H](C(=O)N[C@@H](Cc1c[nH]c2ccccc12)C(=O)N1CCC[C@H]1C(=O)O)[n+]1[c-]n2ccccc2c1,-9.6501,-10.030394
NC(=O)C[C@@H](C(=O)N[C@@H](Cc1c[nH]c2ccccc12)C(=O)N[C@@H](Cc1c[nH]cn1)C(=O)O)[n+]1[c-]n2ccccc2c1,-9.8561,-12.387616
NC(=O)C[C@@H](C(=O)N[C@@H](Cc1c[nH]cn1)C(=O)N[C@@H](Cc1c[nH]cn1)C(=O)O)[n+]1[c-]n2ccccc2c1,-3.3587,-5.358529
NC(=O)C[C@@H](C(=O)N[C@@H](Cc1c[nH]cn1)C(=O)N[C@@H](Cc1ccc(O)cc1)C(=O)O)[n+]1[c-]n2ccccc2c1,-8.7484,-6.554243
NC(=O)C[C@@H](C(=O)N[C@@H](Cc1ccccc1)C(=O)N[C@@H](Cc1c[nH]c2ccccc12)C(=O)O)[n+]1[c-]n2ccccc2c1,-5.2887,-8.871977
NC(=O)C[C@@H](C(=O)N[C@@H](Cc1ccccc1)C(=O)N[C@@H](Cc1ccc(O)cc1)C(=O)O)[n+]1[c-]n2ccccc2c1,-4.613,-10.968579
NC(=O)C[C@H](NC(=O)CNC(=O)[C@H](Cc1c[nH]cn1)[n+]1[c-]n2ccccc2c1)C(=O)O,-8.4865,-7.3473353
NC(=O)C[C@H](NC(=O)C[n+]1[c-]n2ccccc2c1)C(=O)N[C@@H](CCC(=O)O)C(=O)O,-41.8341,-23.05758
NC(=O)C[C@H](NC(=O)C[n+]1[c-]n2ccccc2c1)C(=O)N[C@@H](Cc1ccc(O)cc1)C(=O)O,-10.7259,-13.900878
NC(=O)C[C@H](NC(=O)C[n+]1[c-]n2ccccc2c1)C(=O)N[C@@H](Cc1ccccc1)C(=O)O,-19.0946,-15.775732
NC(=O)C[C@H](NC(=O)[C@@H]1CCCN1C(=O)[C@H](CS)[n+]1[c-]n2ccccc2c1)C(=O)O,-8.6651,-6.9365864
NC(=O)C[C@H](NC(=O)[C@@H]1CCCN1C(=O)[C@H](Cc1c[nH]cn1)[n+]1[c-]n2ccccc2c1)C(=O)O,-5.0221,-7.2226295
NC(=O)C[C@H](NC(=O)[C@H](CC(=O)O)[n+]1[c-]n2ccccc2c1)C(=O)N[C@@H](CCC(=O)O)C(=O)O,-13.4454,-7.500815
NC(=O)C[C@H](NC(=O)[C@H](CC(=O)O)[n+]1[c-]n2ccccc2c1)C(=O)N[C@@H](CS)C(=O)O,-12.2759,-8.411474
NC(=O)C[C@H](NC(=O)[C@H](CC(=O)O)[n+]1[c-]n2ccccc2c1)C(=O)O,-8.6011,-6.233176
NC(=O)C[C@H](NC(=O)[C@H](CC(N)=O)NC(=O)[C@H](CS)[n+]1[c-]n2ccccc2c1)C(=O)O,-14.2024,-18.427807
NC(=O)C[C@H](NC(=O)[C@H](CC(N)=O)NC(=O)[C@H](Cc1c[nH]c2ccccc12)[n+]1[c-]n2ccccc2c1)C(=O)O,-11.7006,-10.422904
NC(=O)C[C@H](NC(=O)[C@H](CC(N)=O)[n+]1[c-]n2ccccc2c1)C(=O)N1CCC[C@H]1C(=O)O,-7.3126,-7.2279863
NC(=O)C[C@H](NC(=O)[C@H](CC(N)=O)[n+]1[c-]n2ccccc2c1)C(=O)N[C@@H](CCC(=O)O)C(=O)O,-12.8262,-7.3010893
NC(=O)C[C@H](NC(=O)[C@H](CC(N)=O)[n+]1[c-]n2ccccc2c1)C(=O)N[C@@H](CS)C(=O)O,-11.6542,-9.178663
NC(=O)C[C@H](NC(=O)[C@H](CC(N)=O)[n+]1[c-]n2ccccc2c1)C(=O)N[C@@H](Cc1c[nH]cn1)C(=O)O,-10.7212,-14.277785
NC(=O)C[C@H](NC(=O)[C@H](CC(N)=O)[n+]1[c-]n2ccccc2c1)C(=O)N[C@@H](Cc1ccc(O)cc1)C(=O)O,19.6468,-11.519578
NC(=O)C[C@H](NC(=O)[C@H](CCC(=O)O)NC(=O)[C@H](CCC(=O)O)[n+]1[c-]n2ccccc2c1)C(=O)O,-16.2894,-11.090478
NC(=O)C[C@H](NC(=O)[C@H](CCC(=O)O)NC(=O)[C@H](Cc1ccccc1)[n+]1[c-]n2ccccc2c1)C(=O)O,-18.6553,-12.023856
NC(=O)C[C@H](NC(=O)[C@H](CCC(=O)O)[n+]1[c-]n2ccccc2c1)C(=O)N[C@@H](CC(=O)O)C(=O)O,-7.1296,-10.15537
NC(=O)C[C@H](NC(=O)[C@H](CO)NC(=O)[C@H](CC(=O)O)[n+]1[c-]n2ccccc2c1)C(=O)O,-8.6122,-9.715605
NC(=O)C[C@H](NC(=O)[C@H](CO)NC(=O)[C@H](CS)[n+]1[c-]n2ccccc2c1)C(=O)O,-14.1063,-11.413775
NC(=O)C[C@H](NC(=O)[C@H](CO)NC(=O)[C@H](Cc1c[nH]cn1)[n+]1[c-]n2ccccc2c1)C(=O)O,-12.5279,-9.958117
NC(=O)C[C@H](NC(=O)[C@H](CO)[n+]1[c-]n2ccccc2c1)C(=O)N[C@@H](Cc1c[nH]c2ccccc12)C(=O)O,-8.7235,-9.973998
NC(=O)C[C@H](NC(=O)[C@H](CO)[n+]1[c-]n2ccccc2c1)C(=O)N[C@@H](Cc1ccc(O)cc1)C(=O)O,-7.6691,-9.939803
NC(=O)C[C@H](NC(=O)[C@H](CO)[n+]1[c-]n2ccccc2c1)C(=O)N[C@@H](Cc1ccccc1)C(=O)O,-8.9793,-10.262771
NC(=O)C[C@H](NC(=O)[C@H](CS)NC(=O)C[n+]1[c-]n2ccccc2c1)C(=O)O,-14.1959,-11.541876
NC(=O)C[C@H](NC(=O)[C@H](CS)NC(=O)[C@H](CS)[n+]1[c-]n2ccccc2c1)C(=O)O,-9.5792,-8.148322
NC(=O)C[C@H](NC(=O)[C@H](CS)NC(=O)[C@H](Cc1c[nH]c2ccccc12)[n+]1[c-]n2ccccc2c1)C(=O)O,-10.7219,-5.612427
NC(=O)C[C@H](NC(=O)[C@H](CS)[n+]1[c-]n2ccccc2c1)C(=O)N1CCC[C@H]1C(=O)O,-16.3028,-7.0531373
NC(=O)C[C@H](NC(=O)[C@H](Cc1c[nH]c2ccccc12)NC(=O)[C@H](CCC(=O)O)[n+]1[c-]n2ccccc2c1)C(=O)O,-1.678,-7.597169
NC(=O)C[C@H](NC(=O)[C@H](Cc1c[nH]c2ccccc12)NC(=O)[C@H](CS)[n+]1[c-]n2ccccc2c1)C(=O)O,-17.7819,-13.107231
NC(=O)C[C@H](NC(=O)[C@H](Cc1c[nH]c2ccccc12)NC(=O)[C@H](Cc1c[nH]cn1)[n+]1[c-]n2ccccc2c1)C(=O)O,-17.2485,-12.548935
NC(=O)C[C@H](NC(=O)[C@H](Cc1c[nH]c2ccccc12)[n+]1[c-]n2ccccc2c1)C(=O)NCC(=O)O,-2.1558,-6.5537863
NC(=O)C[C@H](NC(=O)[C@H](Cc1c[nH]c2ccccc12)[n+]1[c-]n2ccccc2c1)C(=O)N[C@@H](CO)C(=O)O,-7.4648,-6.368488
NC(=O)C[C@H](NC(=O)[C@H](Cc1c[nH]c2ccccc12)[n+]1[c-]n2ccccc2c1)C(=O)N[C@@H](Cc1ccc(O)cc1)C(=O)O,-14.9084,-11.351102
NC(=O)C[C@H](NC(=O)[C@H](Cc1c[nH]c2ccccc12)[n+]1[c-]n2ccccc2c1)C(=O)N[C@@H](Cc1ccccc1)C(=O)O,-10.6065,-8.634304
NC(=O)C[C@H](NC(=O)[C@H](Cc1c[nH]cn1)[n+]1[c-]n2ccccc2c1)C(=O)N[C@@H](CC(=O)O)C(=O)O,-4.8217,-10.149025
NC(=O)C[C@H](NC(=O)[C@H](Cc1c[nH]cn1)[n+]1[c-]n2ccccc2c1)C(=O)N[C@@H](Cc1c[nH]c2ccccc12)C(=O)O,-10.452,-9.630831
NC(=O)C[C@H](NC(=O)[C@H](Cc1ccc(O)cc1)NC(=O)[C@H](CCC(=O)O)[n+]1[c-]n2ccccc2c1)C(=O)O,-10.4743,-11.78079
NC(=O)C[C@H](NC(=O)[C@H](Cc1ccc(O)cc1)NC(=O)[C@H](Cc1ccc(O)cc1)[n+]1[c-]n2ccccc2c1)C(=O)O,-6.5092,-10.944146
NC(=O)C[C@H](NC(=O)[C@H](Cc1ccc(O)cc1)[n+]1[c-]n2ccccc2c1)C(=O)N[C@@H](CO)C(=O)O,-11.2891,-8.059872
NC(=O)C[C@H](NC(=O)[C@H](Cc1ccc(O)cc1)[n+]1[c-]n2ccccc2c1)C(=O)N[C@@H](Cc1ccccc1)C(=O)O,-12.1515,-10.16665
NC(=O)C[C@H](NC(=O)[C@H](Cc1ccccc1)NC(=O)[C@H](CC(N)=O)[n+]1[c-]n2ccccc2c1)C(=O)O,-20.0982,-8.808267
NC(=O)C[C@H](NC(=O)[C@H](Cc1ccccc1)NC(=O)[C@H](CO)[n+]1[c-]n2ccccc2c1)C(=O)O,-10.4569,-8.396336
NC(=O)C[C@H](NC(=O)[C@H](Cc1ccccc1)NC(=O)[C@H](Cc1c[nH]c2ccccc12)[n+]1[c-]n2ccccc2c1)C(=O)O,-11.1899,-8.475371
NC(=O)C[C@H](NC(=O)[C@H](Cc1ccccc1)[n+]1[c-]n2ccccc2c1)C(=O)NCC(=O)O,-8.3594,-11.185003
O=C(CNC(=O)[C@H](CO)[n+]1[c-]n2ccccc2c1)N[C@@H](Cc1c[nH]cn1)C(=O)O,-5.5587,-8.770193
O=C(CNC(=O)[C@H](Cc1c[nH]c2ccccc12)[n+]1[c-]n2ccccc2c1)N[C@@H](Cc1ccc(O)cc1)C(=O)O,-14.5664,-10.469775
O=C(CNC(=O)[C@H](Cc1ccc(O)cc1)[n+]1[c-]n2ccccc2c1)N[C@@H](CO)C(=O)O,-6.0399,-7.8181553
O=C(CNC(=O)[C@H](Cc1ccc(O)cc1)[n+]1[c-]n2ccccc2c1)N[C@@H](Cc1c[nH]cn1)C(=O)O,-9.1835,-8.986733
O=C(CNC(=O)[C@H](Cc1ccccc1)[n+]1[c-]n2ccccc2c1)N[C@@H](Cc1ccccc1)C(=O)O,-11.8071,-11.002108
O=C(C[n+]1[c-]n2ccccc2c1)N[C@@H](CO)C(=O)N1CCC[C@H]1C(=O)O,-13.2593,-10.6909075
O=C(C[n+]1[c-]n2ccccc2c1)N[C@@H](CS)C(=O)N[C@@H](CS)C(=O)O,-14.0592,-11.717541
O=C(C[n+]1[c-]n2ccccc2c1)N[C@@H](Cc1c[nH]c2ccccc12)C(=O)N[C@@H](Cc1ccc(O)cc1)C(=O)O,-18.9543,-13.464807
O=C(C[n+]1[c-]n2ccccc2c1)N[C@@H](Cc1c[nH]cn1)C(=O)N[C@@H](CO)C(=O)O,-13.4137,-11.5169
O=C(C[n+]1[c-]n2ccccc2c1)N[C@@H](Cc1ccc(O)cc1)C(=O)N1CCC[C@H]1C(=O)O,-9.8713,-11.335575
O=C(C[n+]1[c-]n2ccccc2c1)N[C@@H](Cc1ccc(O)cc1)C(=O)N[C@@H](CS)C(=O)O,-10.0558,-12.017369
O=C(C[n+]1[c-]n2ccccc2c1)N[C@@H](Cc1ccc(O)cc1)C(=O)N[C@@H](Cc1c[nH]c2ccccc12)C(=O)O,-15.2213,-13.622222
O=C(C[n+]1[c-]n2ccccc2c1)N[C@@H](Cc1ccc(O)cc1)C(=O)N[C@@H](Cc1ccc(O)cc1)C(=O)O,-10.7522,-12.070382
O=C(O)CC[C@@H](C(=O)N1CCC[C@H]1C(=O)N[C@@H](CC(=O)O)C(=O)O)[n+]1[c-]n2ccccc2c1,-3.1352,-6.636068
O=C(O)CC[C@@H](C(=O)NCC(=O)N1CCC[C@H]1C(=O)O)[n+]1[c-]n2ccccc2c1,-10.591,-8.620298
O=C(O)CC[C@@H](C(=O)NCC(=O)N[C@@H](CO)C(=O)O)[n+]1[c-]n2ccccc2c1,-6.5046,-8.704312
O=C(O)CC[C@@H](C(=O)NCC(=O)N[C@@H](CS)C(=O)O)[n+]1[c-]n2ccccc2c1,-9.4789,-9.396443
O=C(O)CC[C@@H](C(=O)NCC(=O)N[C@@H](Cc1c[nH]c2ccccc12)C(=O)O)[n+]1[c-]n2ccccc2c1,-8.2342,-10.297249
O=C(O)CC[C@@H](C(=O)N[C@@H](CC(=O)O)C(=O)NCC(=O)O)[n+]1[c-]n2ccccc2c1,3.29,-6.4742866
O=C(O)CC[C@@H](C(=O)N[C@@H](CC(=O)O)C(=O)N[C@@H](Cc1c[nH]cn1)C(=O)O)[n+]1[c-]n2ccccc2c1,-11.2331,-7.4416723
O=C(O)CC[C@@H](C(=O)N[C@@H](CC(=O)O)C(=O)N[C@@H](Cc1ccccc1)C(=O)O)[n+]1[c-]n2ccccc2c1,-2.8944,-9.360013
O=C(O)CC[C@@H](C(=O)N[C@@H](CC(=O)O)C(=O)O)[n+]1[c-]n2ccccc2c1,-10.1142,-7.564545
O=C(O)CC[C@@H](C(=O)N[C@@H](CO)C(=O)N1CCC[C@H]1C(=O)O)[n+]1[c-]n2ccccc2c1,-17.1919,-15.8916855
O=C(O)CC[C@@H](C(=O)N[C@@H](CO)C(=O)N[C@@H](CC(=O)O)C(=O)O)[n+]1[c-]n2ccccc2c1,-11.6984,-9.414348
O=C(O)CC[C@@H](C(=O)N[C@@H](CO)C(=O)N[C@@H](Cc1c[nH]c2ccccc12)C(=O)O)[n+]1[c-]n2ccccc2c1,-3.9919,-9.598339
O=C(O)CC[C@@H](C(=O)N[C@@H](CS)C(=O)NCC(=O)O)[n+]1[c-]n2ccccc2c1,-5.1827,-8.490407
O=C(O)CC[C@@H](C(=O)N[C@@H](Cc1c[nH]c2ccccc12)C(=O)N[C@@H](CS)C(=O)O)[n+]1[c-]n2ccccc2c1,-3.117,-8.472552
O=C(O)CC[C@@H](C(=O)N[C@@H](Cc1c[nH]c2ccccc12)C(=O)N[C@@H](Cc1c[nH]cn1)C(=O)O)[n+]1[c-]n2ccccc2c1,-15.1928,-13.471737
O=C(O)CC[C@@H](C(=O)N[C@@H](Cc1c[nH]cn1)C(=O)N[C@@H](CO)C(=O)O)[n+]1[c-]n2ccccc2c1,-6.3952,-9.3402605
O=C(O)CC[C@@H](C(=O)N[C@@H](Cc1ccc(O)cc1)C(=O)N1CCC[C@H]1C(=O)O)[n+]1[c-]n2ccccc2c1,-4.9357,-8.222664
O=C(O)CC[C@@H](C(=O)N[C@@H](Cc1ccc(O)cc1)C(=O)N[C@@H](CC(=O)O)C(=O)O)[n+]1[c-]n2ccccc2c1,-4.964,-9.760838
O=C(O)CC[C@@H](C(=O)N[C@@H](Cc1ccccc1)C(=O)NCC(=O)O)[n+]1[c-]n2ccccc2c1,-0.5889,-5.052725
O=C(O)CC[C@@H](C(=O)N[C@@H](Cc1ccccc1)C(=O)N[C@@H](CC(=O)O)C(=O)O)[n+]1[c-]n2ccccc2c1,-8.7741,-7.800914
O=C(O)CC[C@@H](C(=O)N[C@@H](Cc1ccccc1)C(=O)N[C@@H](Cc1c[nH]cn1)C(=O)O)[n+]1[c-]n2ccccc2c1,-9.457,-7.051785
O=C(O)CC[C@@H](C(=O)O)[n+]1[c-]n2ccccc2c1,-4.2275,-5.7702327
O=C(O)CC[C@H](NC(=O)C[n+]1[c-]n2ccccc2c1)C(=O)NCC(=O)O,-13.1061,-12.044539
O=C(O)CC[C@H](NC(=O)C[n+]1[c-]n2ccccc2c1)C(=O)N[C@@H](Cc1c[nH]c2ccccc12)C(=O)O,-14.3061,-14.085244
O=C(O)CC[C@H](NC(=O)C[n+]1[c-]n2ccccc2c1)C(=O)N[C@@H](Cc1c[nH]cn1)C(=O)O,-12.4543,-13.341993
O=C(O)CC[C@H](NC(=O)C[n+]1[c-]n2ccccc2c1)C(=O)N[C@@H](Cc1ccccc1)C(=O)O,-14.0509,-12.241243
O=C(O)CC[C@H](NC(=O)[C@@H]1CCCN1C(=O)[C@H](CS)[n+]1[c-]n2ccccc2c1)C(=O)O,4.851,-10.551578
O=C(O)CC[C@H](NC(=O)[C@@H]1CCCN1C(=O)[C@H](Cc1c[nH]c2ccccc12)[n+]1[c-]n2ccccc2c1)C(=O)O,-8.6109,-9.438332
O=C(O)CC[C@H](NC(=O)[C@@H]1CCCN1C(=O)[C@H](Cc1ccc(O)cc1)[n+]1[c-]n2ccccc2c1)C(=O)O,-8.2933,-13.001571
O=C(O)CC[C@H](NC(=O)[C@H](CC(=O)O)NC(=O)[C@H](CS)[n+]1[c-]n2ccccc2c1)C(=O)O,-8.1468,-11.299679
O=C(O)CC[C@H](NC(=O)[C@H](CC(=O)O)NC(=O)[C@H](Cc1c[nH]cn1)[n+]1[c-]n2ccccc2c1)C(=O)O,-5.0902,-9.038245
O=C(O)CC[C@H](NC(=O)[C@H](CC(=O)O)[n+]1[c-]n2ccccc2c1)C(=O)N[C@@H](CC(=O)O)C(=O)O,5.9521,-8.793553
O=C(O)CC[C@H](NC(=O)[C@H](CC(=O)O)[n+]1[c-]n2ccccc2c1)C(=O)O,-14.9111,-15.98412
O=C(O)CC[C@H](NC(=O)[C@H](CCC(=O)O)NC(=O)[C@H](CCC(=O)O)[n+]1[c-]n2ccccc2c1)C(=O)O,-18.9661,-17.455032
O=C(O)CC[C@H](NC(=O)[C@H](CCC(=O)O)[n+]1[c-]n2ccccc2c1)C(=O)N[C@@H](Cc1c[nH]c2ccccc12)C(=O)O,-14.9795,-14.450048
O=C(O)CC[C@H](NC(=O)[C@H](CO)NC(=O)[C@H](CC(=O)O)[n+]1[c-]n2ccccc2c1)C(=O)O,-11.895,-7.679744
O=C(O)CC[C@H](NC(=O)[C@H](CO)[n+]1[c-]n2ccccc2c1)C(=O)N[C@@H](Cc1ccccc1)C(=O)O,-12.7007,-10.838794
O=C(O)CC[C@H](NC(=O)[C@H](CO)[n+]1[c-]n2ccccc2c1)C(=O)O,4.102,-7.6251364
O=C(O)CC[C@H](NC(=O)[C@H](CS)NC(=O)[C@H](Cc1ccccc1)[n+]1[c-]n2ccccc2c1)C(=O)O,-11.783,-7.9110317
O=C(O)CC[C@H](NC(=O)[C@H](CS)[n+]1[c-]n2ccccc2c1)C(=O)NCC(=O)O,-6.3238,-6.021411
O=C(O)CC[C@H](NC(=O)[C@H](CS)[n+]1[c-]n2ccccc2c1)C(=O)N[C@@H](CO)C(=O)O,-12.4767,-10.249179
O=C(O)CC[C@H](NC(=O)[C@H](Cc1c[nH]c2ccccc12)NC(=O)[C@H](Cc1c[nH]c2ccccc12)[n+]1[c-]n2ccccc2c1)C(=O)O,-17.204,-12.565812
O=C(O)CC[C@H](NC(=O)[C@H](Cc1c[nH]c2ccccc12)NC(=O)[C@H](Cc1ccc(O)cc1)[n+]1[c-]n2ccccc2c1)C(=O)O,-7.3219,-12.519007
O=C(O)CC[C@H](NC(=O)[C@H](Cc1c[nH]c2ccccc12)[n+]1[c-]n2ccccc2c1)C(=O)NCC(=O)O,-10.9266,-8.862806
O=C(O)CC[C@H](NC(=O)[C@H](Cc1c[nH]c2ccccc12)[n+]1[c-]n2ccccc2c1)C(=O)N[C@@H](Cc1c[nH]cn1)C(=O)O,-12.3584,-5.3168697
O=C(O)CC[C@H](NC(=O)[C@H](Cc1c[nH]cn1)NC(=O)[C@H](Cc1c[nH]cn1)[n+]1[c-]n2ccccc2c1)C(=O)O,-14.2583,-11.579063
O=C(O)CC[C@H](NC(=O)[C@H](Cc1c[nH]cn1)[n+]1[c-]n2ccccc2c1)C(=O)N1CCC[C@H]1C(=O)O,-8.3646,-8.931711
O=C(O)CC[C@H](NC(=O)[C@H](Cc1c[nH]cn1)[n+]1[c-]n2ccccc2c1)C(=O)O,-11.6371,-8.24388
O=C(O)CC[C@H](NC(=O)[C@H](Cc1ccc(O)cc1)NC(=O)C[n+]1[c-]n2ccccc2c1)C(=O)O,-16.7726,-13.777599
O=C(O)CC[C@H](NC(=O)[C@H](Cc1ccc(O)cc1)[n+]1[c-]n2ccccc2c1)C(=O)N[C@@H](CS)C(=O)O,-15.3154,-10.171278
O=C(O)CC[C@H](NC(=O)[C@H](Cc1ccc(O)cc1)[n+]1[c-]n2ccccc2c1)C(=O)N[C@@H](Cc1c[nH]c2ccccc12)C(=O)O,-19.2353,-13.110591
O=C(O)CC[C@H](NC(=O)[C@H](Cc1ccccc1)NC(=O)[C@H](CS)[n+]1[c-]n2ccccc2c1)C(=O)O,-8.3067,-11.7031555
O=C(O)CC[C@H](NC(=O)[C@H](Cc1ccccc1)[n+]1[c-]n2ccccc2c1)C(=O)N[C@@H](Cc1c[nH]c2ccccc12)C(=O)O,-22.3841,-12.97302
O=C(O)CNC(=O)CNC(=O)[C@H](CC(=O)O)[n+]1[c-]n2ccccc2c1,-6.7842,-5.084925
O=C(O)CNC(=O)CNC(=O)[C@H](Cc1c[nH]c2ccccc12)[n+]1[c-]n2ccccc2c1,-7.9113,-8.166903
O=C(O)CNC(=O)[C@@H]1CCCN1C(=O)[C@H](CS)[n+]1[c-]n2ccccc2c1,-8.1128,-6.7347565
O=C(O)CNC(=O)[C@@H]1CCCN1C(=O)[C@H](Cc1c[nH]cn1)[n+]1[c-]n2ccccc2c1,-4.6242,-5.0273542
O=C(O)CNC(=O)[C@H](CC(=O)O)NC(=O)C[n+]1[c-]n2ccccc2c1,-8.8198,-9.922656
O=C(O)CNC(=O)[C@H](CC(=O)O)NC(=O)[C@H](CO)[n+]1[c-]n2ccccc2c1,-4.9038,-6.2375445
O=C(O)CNC(=O)[C@H](CC(=O)O)NC(=O)[C@H](Cc1ccc(O)cc1)[n+]1[c-]n2ccccc2c1,-1.7455,-6.605532
O=C(O)CNC(=O)[C@H](CO)NC(=O)C[n+]1[c-]n2ccccc2c1,-8.1545,-9.924384
O=C(O)CNC(=O)[C@H](CO)NC(=O)[C@H](Cc1ccc(O)cc1)[n+]1[c-]n2ccccc2c1,-2.5609,-8.903003
O=C(O)CNC(=O)[C@H](Cc1c[nH]c2ccccc12)NC(=O)[C@H](Cc1c[nH]cn1)[n+]1[c-]n2ccccc2c1,-6.5728,-8.758913
O=C(O)CNC(=O)[C@H](Cc1c[nH]c2ccccc12)NC(=O)[C@H](Cc1ccc(O)cc1)[n+]1[c-]n2ccccc2c1,-11.918,-6.7751565
O=C(O)CNC(=O)[C@H](Cc1ccc(O)cc1)NC(=O)[C@H](Cc1c[nH]cn1)[n+]1[c-]n2ccccc2c1,-2.3632,-10.514033
O=C(O)CNC(=O)[C@H](Cc1ccccc1)NC(=O)[C@H](Cc1ccccc1)[n+]1[c-]n2ccccc2c1,-3.1497,-5.0128813
O=C(O)C[C@@H](C(=O)N1CCC[C@H]1C(=O)N[C@@H](Cc1ccc(O)cc1)C(=O)O)[n+]1[c-]n2ccccc2c1,-1.7078,-5.646156
O=C(O)C[C@@H](C(=O)NCC(=O)N[C@@H](CO)C(=O)O)[n+]1[c-]n2ccccc2c1,-6.4228,-5.666547
O=C(O)C[C@@H](C(=O)NCC(=O)N[C@@H](CS)C(=O)O)[n+]1[c-]n2ccccc2c1,-7.8784,-7.780051
O=C(O)C[C@@H](C(=O)N[C@@H](CS)C(=O)N[C@@H](Cc1c[nH]cn1)C(=O)O)[n+]1[c-]n2ccccc2c1,-8.1554,-8.200201
O=C(O)C[C@@H](C(=O)N[C@@H](Cc1c[nH]c2ccccc12)C(=O)N1CCC[C@H]1C(=O)O)[n+]1[c-]n2ccccc2c1,-7.5162,-6.0977454
O=C(O)C[C@@H](C(=O)N[C@@H](Cc1c[nH]cn1)C(=O)N[C@@H](CO)C(=O)O)[n+]1[c-]n2ccccc2c1,-8.9862,-11.714594
O=C(O)C[C@@H](C(=O)N[C@@H](Cc1c[nH]cn1)C(=O)N[C@@H](Cc1ccc(O)cc1)C(=O)O)[n+]1[c-]n2ccccc2c1,-7.2528,-11.1742325
O=C(O)C[C@@H](C(=O)N[C@@H](Cc1c[nH]cn1)C(=O)N[C@@H](Cc1ccccc1)C(=O)O)[n+]1[c-]n2ccccc2c1,-7.8725,-9.989182
O=C(O)C[C@@H](C(=O)N[C@@H](Cc1ccc(O)cc1)C(=O)N[C@@H](Cc1c[nH]cn1)C(=O)O)[n+]1[c-]n2ccccc2c1,-11.6019,-10.740296
O=C(O)C[C@@H](C(=O)N[C@@H](Cc1ccc(O)cc1)C(=O)N[C@@H](Cc1ccccc1)C(=O)O)[n+]1[c-]n2ccccc2c1,-4.4359,-9.834079
O=C(O)C[C@H](NC(=O)CNC(=O)[C@H](CC(=O)O)[n+]1[c-]n2ccccc2c1)C(=O)O,-8.2857,-8.640586
O=C(O)C[C@H](NC(=O)CNC(=O)[C@H](CS)[n+]1[c-]n2ccccc2c1)C(=O)O,-8.9684,-8.112856
O=C(O)C[C@H](NC(=O)CNC(=O)[C@H](Cc1c[nH]cn1)[n+]1[c-]n2ccccc2c1)C(=O)O,-6.7228,-7.7762127
O=C(O)C[C@H](NC(=O)C[n+]1[c-]n2ccccc2c1)C(=O)N[C@@H](Cc1ccccc1)C(=O)O,-12.3402,-11.442261
O=C(O)C[C@H](NC(=O)[C@@H]1CCCN1C(=O)C[n+]1[c-]n2ccccc2c1)C(=O)O,-15.8033,-11.272116
O=C(O)C[C@H](NC(=O)[C@@H]1CCCN1C(=O)[C@H](CC(=O)O)[n+]1[c-]n2ccccc2c1)C(=O)O,-5.0925,-7.1643286
O=C(O)C[C@H](NC(=O)[C@@H]1CCCN1C(=O)[C@H](Cc1c[nH]c2ccccc12)[n+]1[c-]n2ccccc2c1)C(=O)O,-8.3388,-11.749688
O=C(O)C[C@H](NC(=O)[C@@H]1CCCN1C(=O)[C@H](Cc1c[nH]cn1)[n+]1[c-]n2ccccc2c1)C(=O)O,-8.1518,-7.4101796
O=C(O)C[C@H](NC(=O)[C@H](CC(=O)O)NC(=O)[C@H](CS)[n+]1[c-]n2ccccc2c1)C(=O)O,-11.5853,-8.910937
O=C(O)C[C@H](NC(=O)[C@H](CC(=O)O)NC(=O)[C@H](Cc1c[nH]cn1)[n+]1[c-]n2ccccc2c1)C(=O)O,-9.31,-7.976782
O=C(O)C[C@H](NC(=O)[C@H](CC(=O)O)[n+]1[c-]n2ccccc2c1)C(=O)N[C@@H](Cc1c[nH]c2ccccc12)C(=O)O,-4.0869,-7.3529105
O=C(O)C[C@H](NC(=O)[C@H](CC(=O)O)[n+]1[c-]n2ccccc2c1)C(=O)O,-6.8698,-5.5866294
O=C(O)C[C@H](NC(=O)[C@H](CO)NC(=O)[C@H](Cc1c[nH]c2ccccc12)[n+]1[c-]n2ccccc2c1)C(=O)O,-11.0774,-10.346938
O=C(O)C[C@H](NC(=O)[C@H](CO)NC(=O)[C@H](Cc1ccccc1)[n+]1[c-]n2ccccc2c1)C(=O)O,-10.5428,-8.183368
O=C(O)C[C@H](NC(=O)[C@H](CO)[n+]1[c-]n2ccccc2c1)C(=O)N[C@@H](CO)C(=O)O,-10.2598,-11.410873
O=C(O)C[C@H](NC(=O)[C@H](CS)NC(=O)C[n+]1[c-]n2ccccc2c1)C(=O)O,-9.0837,-10.837994
O=C(O)C[C@H](NC(=O)[C@H](CS)NC(=O)[C@H](CO)[n+]1[c-]n2ccccc2c1)C(=O)O,-13.1499,-11.641068
O=C(O)C[C@H](NC(=O)[C@H](CS)NC(=O)[C@H](Cc1c[nH]cn1)[n+]1[c-]n2ccccc2c1)C(=O)O,-2.4315,-7.276806
O=C(O)C[C@H](NC(=O)[C@H](CS)[n+]1[c-]n2ccccc2c1)C(=O)N[C@@H](CO)C(=O)O,-13.6024,-9.702764
O=C(O)C[C@H](NC(=O)[C@H](CS)[n+]1[c-]n2ccccc2c1)C(=O)N[C@@H](Cc1c[nH]c2ccccc12)C(=O)O,-7.6108,-8.377803
O=C(O)C[C@H](NC(=O)[C@H](CS)[n+]1[c-]n2ccccc2c1)C(=O)N[C@@H](Cc1c[nH]cn1)C(=O)O,-11.104,-8.486605
O=C(O)C[C@H](NC(=O)[C@H](Cc1c[nH]cn1)NC(=O)[C@H](CO)[n+]1[c-]n2ccccc2c1)C(=O)O,-2.6,-8.1509075
O=C(O)C[C@H](NC(=O)[C@H](Cc1c[nH]cn1)[n+]1[c-]n2ccccc2c1)C(=O)N1CCC[C@H]1C(=O)O,-9.8806,-10.386893
O=C(O)C[C@H](NC(=O)[C@H](Cc1ccc(O)cc1)NC(=O)[C@H](Cc1ccccc1)[n+]1[c-]n2ccccc2c1)C(=O)O,-2.8415,-7.7159605
O=C(O)C[C@H](NC(=O)[C@H](Cc1ccc(O)cc1)[n+]1[c-]n2ccccc2c1)C(=O)N[C@@H](Cc1ccccc1)C(=O)O,-9.7438,-4.3874526
O=C(O)C[C@H](NC(=O)[C@H](Cc1ccccc1)NC(=O)[C@H](CC(=O)O)[n+]1[c-]n2ccccc2c1)C(=O)O,-4.0422,-7.6885233
O=C(O)C[C@H](NC(=O)[C@H](Cc1ccccc1)NC(=O)[C@H](CS)[n+]1[c-]n2ccccc2c1)C(=O)O,-10.1176,-6.791244
O=C(O)C[C@H](NC(=O)[C@H](Cc1ccccc1)[n+]1[c-]n2ccccc2c1)C(=O)N[C@@H](Cc1c[nH]c2ccccc12)C(=O)O,-11.8107,-12.457235
O=C(O)C[C@H](NC(=O)[C@H](Cc1ccccc1)[n+]1[c-]n2ccccc2c1)C(=O)N[C@@H](Cc1c[nH]cn1)C(=O)O,-12.3575,-13.015143
O=C(O)[C@@H]1CCCN1C(=O)CNC(=O)[C@H](Cc1c[nH]cn1)[n+]1[c-]n2ccccc2c1,-12.1732,-8.694994
O=C(O)[C@@H]1CCCN1C(=O)CNC(=O)[C@H](Cc1ccc(O)cc1)[n+]1[c-]n2ccccc2c1,-7.4357,-7.684514
O=C(O)[C@@H]1CCCN1C(=O)[C@@H]1CCCN1C(=O)[C@H](Cc1c[nH]cn1)[n+]1[c-]n2ccccc2c1,-9.7915,-8.334632
O=C(O)[C@@H]1CCCN1C(=O)[C@@H]1CCCN1C(=O)[C@H](Cc1ccccc1)[n+]1[c-]n2ccccc2c1,-10.1428,-9.624725
O=C(O)[C@@H]1CCCN1C(=O)[C@H](CS)NC(=O)[C@H](CS)[n+]1[c-]n2ccccc2c1,-5.2794,-4.339158
O=C(O)[C@@H]1CCCN1C(=O)[C@H](CS)NC(=O)[C@H](Cc1c[nH]c2ccccc12)[n+]1[c-]n2ccccc2c1,-9.435,-8.032836
O=C(O)[C@@H]1CCCN1C(=O)[C@H](CS)NC(=O)[C@H](Cc1ccccc1)[n+]1[c-]n2ccccc2c1,-11.0914,-6.9011025
O=C(O)[C@@H]1CCCN1C(=O)[C@H](Cc1c[nH]c2ccccc12)NC(=O)[C@H](Cc1c[nH]cn1)[n+]1[c-]n2ccccc2c1,-10.1026,-10.439708
O=C(O)[C@@H]1CCCN1C(=O)[C@H](Cc1c[nH]c2ccccc12)NC(=O)[C@H](Cc1ccc(O)cc1)[n+]1[c-]n2ccccc2c1,-8.1286,-7.734905
O=C(O)[C@@H]1CCCN1C(=O)[C@H](Cc1c[nH]cn1)NC(=O)[C@H](CS)[n+]1[c-]n2ccccc2c1,-12.7889,-8.2997875
O=C(O)[C@@H]1CCCN1C(=O)[C@H](Cc1ccc(O)cc1)NC(=O)[C@H](Cc1c[nH]c2ccccc12)[n+]1[c-]n2ccccc2c1,-9.3641,-9.14451
O=C(O)[C@@H]1CCCN1C(=O)[C@H](Cc1ccc(O)cc1)[n+]1[c-]n2ccccc2c1,-8.4437,-7.5593185
O=C(O)[C@@H]1CCCN1C(=O)[C@H](Cc1ccccc1)NC(=O)[C@H](Cc1ccccc1)[n+]1[c-]n2ccccc2c1,-12.4392,-6.867131
O=C(O)[C@H](CO)NC(=O)[C@@H]1CCCN1C(=O)[C@H](Cc1ccccc1)[n+]1[c-]n2ccccc2c1,-9.3749,-7.4790425
O=C(O)[C@H](CO)NC(=O)[C@H](CO)NC(=O)[C@H](Cc1c[nH]c2ccccc12)[n+]1[c-]n2ccccc2c1,-7.6422,-7.082437
O=C(O)[C@H](CO)NC(=O)[C@H](CO)NC(=O)[C@H](Cc1ccccc1)[n+]1[c-]n2ccccc2c1,-11.0994,-8.6456375
O=C(O)[C@H](CO)NC(=O)[C@H](CS)NC(=O)[C@H](Cc1c[nH]cn1)[n+]1[c-]n2ccccc2c1,-6.3993,-10.162877
O=C(O)[C@H](CO)NC(=O)[C@H](CS)NC(=O)[C@H](Cc1ccccc1)[n+]1[c-]n2ccccc2c1,-10.4958,-5.2829943
O=C(O)[C@H](CO)NC(=O)[C@H](CS)[n+]1[c-]n2ccccc2c1,-3.356,-4.3907166
O=C(O)[C@H](CO)NC(=O)[C@H](Cc1c[nH]cn1)NC(=O)[C@H](CS)[n+]1[c-]n2ccccc2c1,-13.213,-10.050544
O=C(O)[C@H](CO)NC(=O)[C@H](Cc1ccc(O)cc1)NC(=O)[C@H](CO)[n+]1[c-]n2ccccc2c1,-6.155,-9.425761
O=C(O)[C@H](CO)NC(=O)[C@H](Cc1ccc(O)cc1)NC(=O)[C@H](CS)[n+]1[c-]n2ccccc2c1,-8.3653,-5.6467767
O=C(O)[C@H](CO)NC(=O)[C@H](Cc1ccc(O)cc1)NC(=O)[C@H](Cc1c[nH]cn1)[n+]1[c-]n2ccccc2c1,-7.1446,-6.8970284
O=C(O)[C@H](CO)NC(=O)[C@H](Cc1ccccc1)NC(=O)[C@H](CS)[n+]1[c-]n2ccccc2c1,-6.6559,-6.0190434
O=C(O)[C@H](CO)NC(=O)[C@H](Cc1ccccc1)NC(=O)[C@H](Cc1c[nH]cn1)[n+]1[c-]n2ccccc2c1,-10.1618,-8.7193575
O=C(O)[C@H](CO)NC(=O)[C@H](Cc1ccccc1)NC(=O)[C@H](Cc1ccccc1)[n+]1[c-]n2ccccc2c1,-8.1692,-7.457779
O=C(O)[C@H](CS)NC(=O)[C@@H]1CCCN1C(=O)[C@H](CO)[n+]1[c-]n2ccccc2c1,-9.4599,-8.603094
O=C(O)[C@H](CS)NC(=O)[C@@H]1CCCN1C(=O)[C@H](CS)[n+]1[c-]n2ccccc2c1,-10.0504,-9.109462
O=C(O)[C@H](CS)NC(=O)[C@@H]1CCCN1C(=O)[C@H](Cc1c[nH]cn1)[n+]1[c-]n2ccccc2c1,-5.5759,-5.462523
O=C(O)[C@H](CS)NC(=O)[C@H](Cc1c[nH]c2ccccc12)NC(=O)[C@H](CS)[n+]1[c-]n2ccccc2c1,-14.213,-11.224559
O=C(O)[C@H](CS)NC(=O)[C@H](Cc1c[nH]c2ccccc12)NC(=O)[C@H](Cc1c[nH]cn1)[n+]1[c-]n2ccccc2c1,-8.0561,-9.402795
O=C(O)[C@H](CS)NC(=O)[C@H](Cc1c[nH]c2ccccc12)NC(=O)[C@H](Cc1ccc(O)cc1)[n+]1[c-]n2ccccc2c1,-9.2977,-5.0498753
O=C(O)[C@H](CS)NC(=O)[C@H](Cc1c[nH]cn1)NC(=O)[C@H](Cc1c[nH]cn1)[n+]1[c-]n2ccccc2c1,-8.2371,-9.224116
O=C(O)[C@H](CS)NC(=O)[C@H](Cc1c[nH]cn1)NC(=O)[C@H](Cc1ccccc1)[n+]1[c-]n2ccccc2c1,-16.0201,-10.795747
O=C(O)[C@H](CS)NC(=O)[C@H](Cc1ccc(O)cc1)NC(=O)[C@H](CS)[n+]1[c-]n2ccccc2c1,-12.8197,-12.914939
O=C(O)[C@H](CS)NC(=O)[C@H](Cc1ccc(O)cc1)NC(=O)[C@H](Cc1c[nH]c2ccccc12)[n+]1[c-]n2ccccc2c1,-8.5742,-11.2274275
O=C(O)[C@H](CS)NC(=O)[C@H](Cc1ccc(O)cc1)NC(=O)[C@H](Cc1ccc(O)cc1)[n+]1[c-]n2ccccc2c1,-9.8962,-6.7383065
O=C(O)[C@H](CS)NC(=O)[C@H](Cc1ccccc1)NC(=O)[C@H](Cc1c[nH]c2ccccc12)[n+]1[c-]n2ccccc2c1,-7.5587,-9.428118
O=C(O)[C@H](CS)NC(=O)[C@H](Cc1ccccc1)NC(=O)[C@H](Cc1c[nH]cn1)[n+]1[c-]n2ccccc2c1,-6.2467,-8.170002
O=C(O)[C@H](Cc1c[nH]c2ccccc12)NC(=O)[C@@H]1CCCN1C(=O)C[n+]1[c-]n2ccccc2c1,-13.9438,-13.343191
O=C(O)[C@H](Cc1c[nH]c2ccccc12)NC(=O)[C@H](CO)NC(=O)[C@H](CO)[n+]1[c-]n2ccccc2c1,-7.5048,-9.406759
O=C(O)[C@H](Cc1c[nH]c2ccccc12)NC(=O)[C@H](CO)NC(=O)[C@H](Cc1ccc(O)cc1)[n+]1[c-]n2ccccc2c1,-8.0047,-12.389519
O=C(O)[C@H](Cc1c[nH]c2ccccc12)NC(=O)[C@H](CS)NC(=O)[C@H](CS)[n+]1[c-]n2ccccc2c1,-4.5129,-6.830659
O=C(O)[C@H](Cc1c[nH]c2ccccc12)NC(=O)[C@H](Cc1c[nH]cn1)NC(=O)[C@H](CS)[n+]1[c-]n2ccccc2c1,-11.7384,-9.012611
O=C(O)[C@H](Cc1c[nH]c2ccccc12)NC(=O)[C@H](Cc1c[nH]cn1)[n+]1[c-]n2ccccc2c1,-11.0617,-10.110629
O=C(O)[C@H](Cc1c[nH]c2ccccc12)NC(=O)[C@H](Cc1ccc(O)cc1)NC(=O)[C@H](CS)[n+]1[c-]n2ccccc2c1,-8.2497,-7.458214
O=C(O)[C@H](Cc1c[nH]c2ccccc12)NC(=O)[C@H](Cc1ccc(O)cc1)NC(=O)[C@H](Cc1ccc(O)cc1)[n+]1[c-]n2ccccc2c1,-5.0802,-9.504912
O=C(O)[C@H](Cc1c[nH]c2ccccc12)[n+]1[c-]n2ccccc2c1,-4.8269,-4.8000884
O=C(O)[C@H](Cc1c[nH]cn1)NC(=O)[C@@H]1CCCN1C(=O)[C@H](CS)[n+]1[c-]n2ccccc2c1,-4.756,-4.4560504
O=C(O)[C@H](Cc1c[nH]cn1)NC(=O)[C@H](CO)NC(=O)[C@H](Cc1ccccc1)[n+]1[c-]n2ccccc2c1,-9.4843,-10.639894
O=C(O)[C@H](Cc1c[nH]cn1)NC(=O)[C@H](CS)NC(=O)[C@H](CO)[n+]1[c-]n2ccccc2c1,-8.6218,-10.266556
O=C(O)[C@H](Cc1c[nH]cn1)NC(=O)[C@H](CS)NC(=O)[C@H](Cc1c[nH]c2ccccc12)[n+]1[c-]n2ccccc2c1,-3.6148,-7.5669956
O=C(O)[C@H](Cc1c[nH]cn1)NC(=O)[C@H](CS)NC(=O)[C@H](Cc1ccccc1)[n+]1[c-]n2ccccc2c1,-7.7053,-10.99276
O=C(O)[C@H](Cc1c[nH]cn1)NC(=O)[C@H](Cc1c[nH]c2ccccc12)NC(=O)[C@H](CO)[n+]1[c-]n2ccccc2c1,-0.3114,-9.373942
O=C(O)[C@H](Cc1c[nH]cn1)NC(=O)[C@H](Cc1c[nH]c2ccccc12)NC(=O)[C@H](Cc1ccc(O)cc1)[n+]1[c-]n2ccccc2c1,-11.1181,-9.442106
O=C(O)[C@H](Cc1c[nH]cn1)NC(=O)[C@H](Cc1c[nH]cn1)NC(=O)[C@H](CO)[n+]1[c-]n2ccccc2c1,-6.6869,-9.266817
O=C(O)[C@H](Cc1c[nH]cn1)NC(=O)[C@H](Cc1c[nH]cn1)NC(=O)[C@H](Cc1ccccc1)[n+]1[c-]n2ccccc2c1,-16.733,-10.187989
O=C(O)[C@H](Cc1c[nH]cn1)NC(=O)[C@H](Cc1ccc(O)cc1)NC(=O)[C@H](Cc1c[nH]c2ccccc12)[n+]1[c-]n2ccccc2c1,-5.6997,-7.512957
O=C(O)[C@H](Cc1c[nH]cn1)NC(=O)[C@H](Cc1ccc(O)cc1)NC(=O)[C@H](Cc1ccccc1)[n+]1[c-]n2ccccc2c1,-7.2745,-10.517809
O=C(O)[C@H](Cc1c[nH]cn1)NC(=O)[C@H](Cc1ccccc1)NC(=O)[C@H](CO)[n+]1[c-]n2ccccc2c1,-10.1495,-8.743638
O=C(O)[C@H](Cc1c[nH]cn1)NC(=O)[C@H](Cc1ccccc1)NC(=O)[C@H](Cc1ccccc1)[n+]1[c-]n2ccccc2c1,-11.0547,-9.435451
O=C(O)[C@H](Cc1c[nH]cn1)NC(=O)[C@H](Cc1ccccc1)[n+]1[c-]n2ccccc2c1,-10.2721,-8.239208
O=C(O)[C@H](Cc1ccc(O)cc1)NC(=O)[C@@H]1CCCN1C(=O)[C@H](CS)[n+]1[c-]n2ccccc2c1,-6.0056,-10.471763
O=C(O)[C@H](Cc1ccc(O)cc1)NC(=O)[C@H](CO)NC(=O)[C@H](Cc1ccccc1)[n+]1[c-]n2ccccc2c1,-10.5758,-7.506548
O=C(O)[C@H](Cc1ccc(O)cc1)NC(=O)[C@H](CS)NC(=O)[C@H](CO)[n+]1[c-]n2ccccc2c1,-5.6617,-5.786009
O=C(O)[C@H](Cc1ccc(O)cc1)NC(=O)[C@H](CS)NC(=O)[C@H](CS)[n+]1[c-]n2ccccc2c1,-7.3014,-8.227334
O=C(O)[C@H](Cc1ccc(O)cc1)NC(=O)[C@H](CS)NC(=O)[C@H](Cc1c[nH]c2ccccc12)[n+]1[c-]n2ccccc2c1,-11.6271,-9.217344
O=C(O)[C@H](Cc1ccc(O)cc1)NC(=O)[C@H](Cc1c[nH]c2ccccc12)NC(=O)[C@H](CS)[n+]1[c-]n2ccccc2c1,-4.1564,-6.649403
O=C(O)[C@H](Cc1ccc(O)cc1)NC(=O)[C@H](Cc1c[nH]cn1)NC(=O)[C@H](CO)[n+]1[c-]n2ccccc2c1,-1.9239,-9.411844
O=C(O)[C@H](Cc1ccc(O)cc1)NC(=O)[C@H](Cc1ccc(O)cc1)NC(=O)[C@H](Cc1ccc(O)cc1)[n+]1[c-]n2ccccc2c1,-7.4022,-9.365064
O=C(O)[C@H](Cc1ccc(O)cc1)NC(=O)[C@H](Cc1ccccc1)NC(=O)[C@H](CO)[n+]1[c-]n2ccccc2c1,-9.499,-10.454106
O=C(O)[C@H](Cc1ccccc1)NC(=O)[C@@H]1CCCN1C(=O)[C@H](CO)[n+]1[c-]n2ccccc2c1,-10.1201,-7.2407165
O=C(O)[C@H](Cc1ccccc1)NC(=O)[C@@H]1CCCN1C(=O)[C@H](Cc1c[nH]cn1)[n+]1[c-]n2ccccc2c1,-8.0929,-9.392012
O=C(O)[C@H](Cc1ccccc1)NC(=O)[C@@H]1CCCN1C(=O)[C@H](Cc1ccc(O)cc1)[n+]1[c-]n2ccccc2c1,-11.7443,-9.884542
O=C(O)[C@H](Cc1ccccc1)NC(=O)[C@H](CO)NC(=O)[C@H](CS)[n+]1[c-]n2ccccc2c1,-8.1792,-6.674966
O=C(O)[C@H](Cc1ccccc1)NC(=O)[C@H](CS)NC(=O)[C@H](Cc1c[nH]c2ccccc12)[n+]1[c-]n2ccccc2c1,-13.1414,-8.419431
O=C(O)[C@H](Cc1ccccc1)NC(=O)[C@H](Cc1ccc(O)cc1)NC(=O)[C@H](CO)[n+]1[c-]n2ccccc2c1,-4.6396,-6.1239176
O=C(O)[C@H](Cc1ccccc1)NC(=O)[C@H](Cc1ccccc1)NC(=O)[C@H](Cc1c[nH]c2ccccc12)[n+]1[c-]n2ccccc2c1,-10.6611,-10.209584
CC(C)C[C@@H](C(=O)N1CCC[C@H]1C(=O)N1CCC[C@H]1C(=O)O)[n+]1[c-]n2ccccc2c1,-6.3564,-7.206935
CC(C)C[C@@H](C(=O)N1CCC[C@H]1C(=O)N[C@@H](CCCNC(=N)N)C(=O)O)[n+]1[c-]n2ccccc2c1,-8.2229,-9.161255
CC(C)C[C@@H](C(=O)NCC(=O)N[C@@H](CC(N)=O)C(=O)O)[n+]1[c-]n2ccccc2c1,-10.6994,-8.840296
CC(C)C[C@@H](C(=O)NCC(=O)N[C@@H](CCCNC(=N)N)C(=O)O)[n+]1[c-]n2ccccc2c1,-9.4681,-10.76975
CC(C)C[C@@H](C(=O)NCC(=O)N[C@@H](CO)C(=O)O)[n+]1[c-]n2ccccc2c1,-9.8157,-7.466346
CC(C)C[C@@H](C(=O)NCC(=O)N[C@@H](Cc1c[nH]cn1)C(=O)O)[n+]1[c-]n2ccccc2c1,-12.9529,-10.664972
CC(C)C[C@@H](C(=O)N[C@@H](C)C(=O)NCC(=O)O)[n+]1[c-]n2ccccc2c1,-9.3852,-3.6812165
CC(C)C[C@@H](C(=O)N[C@@H](CC(=O)O)C(=O)N[C@@H](CCC(=O)O)C(=O)O)[n+]1[c-]n2ccccc2c1,-13.6961,-6.4516554
CC(C)C[C@@H](C(=O)N[C@@H](CC(=O)O)C(=O)N[C@@H](CS)C(=O)O)[n+]1[c-]n2ccccc2c1,0.4207,-6.1545386
CC(C)C[C@@H](C(=O)N[C@@H](CC(=O)O)C(=O)N[C@@H](Cc1c[nH]cn1)C(=O)O)[n+]1[c-]n2ccccc2c1,-14.2027,-9.31126
CC(C)C[C@@H](C(=O)N[C@@H](CC(=O)O)C(=O)N[C@@H](Cc1ccc(O)cc1)C(=O)O)[n+]1[c-]n2ccccc2c1,-6.0605,-5.430252
CC(C)C[C@@H](C(=O)N[C@@H](CC(N)=O)C(=O)N[C@@H](CCC(N)=O)C(=O)O)[n+]1[c-]n2ccccc2c1,-5.5816,-5.0935726
CC(C)C[C@@H](C(=O)N[C@@H](CC(N)=O)C(=O)N[C@@H](Cc1c[nH]c2ccccc12)C(=O)O)[n+]1[c-]n2ccccc2c1,-13.9866,-8.616529
CC(C)C[C@@H](C(=O)N[C@@H](CC(N)=O)C(=O)N[C@@H](Cc1c[nH]cn1)C(=O)O)[n+]1[c-]n2ccccc2c1,-6.5809,-7.460113
CC(C)C[C@@H](C(=O)N[C@@H](CC(N)=O)C(=O)N[C@H](C(=O)O)[C@@H](C)O)[n+]1[c-]n2ccccc2c1,-13.8789,-9.771711
CC(C)C[C@@H](C(=O)N[C@@H](CCC(=O)O)C(=O)N[C@@H](CO)C(=O)O)[n+]1[c-]n2ccccc2c1,-12.5993,-6.789462
CC(C)C[C@@H](C(=O)N[C@@H](CCC(=O)O)C(=O)N[C@@H](CS)C(=O)O)[n+]1[c-]n2ccccc2c1,-9.2353,-8.94315
CC(C)C[C@@H](C(=O)N[C@@H](CCC(=O)O)C(=O)N[C@H](C(=O)O)C(C)C)[n+]1[c-]n2ccccc2c1,-11.4945,-6.770936
CC(C)C[C@@H](C(=O)N[C@@H](CCC(=O)O)C(=O)N[C@H](C(=O)O)[C@@H](C)O)[n+]1[c-]n2ccccc2c1,-8.208,-9.680393
CC(C)C[C@@H](C(=O)N[C@@H](CCC(N)=O)C(=O)NCC(=O)O)[n+]1[c-]n2ccccc2c1,-8.4736,-9.022671
CC(C)C[C@@H](C(=O)N[C@@H](CCC(N)=O)C(=O)N[C@@H](Cc1c[nH]c2ccccc12)C(=O)O)[n+]1[c-]n2ccccc2c1,-18.7761,-10.767506
CC(C)C[C@@H](C(=O)N[C@@H](CCC(N)=O)C(=O)N[C@@H](Cc1ccccc1)C(=O)O)[n+]1[c-]n2ccccc2c1,-14.9012,-8.397237
CC(C)C[C@@H](C(=O)N[C@@H](CCC(N)=O)C(=O)N[C@H](C(=O)O)C(C)C)[n+]1[c-]n2ccccc2c1,-14.1078,-7.5333757
CC(C)C[C@@H](C(=O)N[C@@H](CCCNC(=N)N)C(=O)NCC(=O)O)[n+]1[c-]n2ccccc2c1,-4.6218,-6.7962446
CC(C)C[C@@H](C(=O)N[C@@H](CCCNC(=N)N)C(=O)N[C@@H](CC(N)=O)C(=O)O)[n+]1[c-]n2ccccc2c1,-10.8775,-13.020695
CC(C)C[C@@H](C(=O)N[C@@H](CCCNC(=N)N)C(=O)N[C@@H](CCCNC(=N)N)C(=O)O)[n+]1[c-]n2ccccc2c1,-7.5891,-6.783545
CC(C)C[C@@H](C(=O)N[C@@H](CCCNC(=N)N)C(=O)N[C@@H](CO)C(=O)O)[n+]1[c-]n2ccccc2c1,-4.3592,-7.5219035
CC(C)C[C@@H](C(=O)N[C@@H](CCCNC(=N)N)C(=O)N[C@@H](Cc1ccc(O)cc1)C(=O)O)[n+]1[c-]n2ccccc2c1,-5.3431,-7.889701
CC(C)C[C@@H](C(=O)N[C@@H](CO)C(=O)N1CCC[C@H]1C(=O)O)[n+]1[c-]n2ccccc2c1,-9.685,-5.028516
CC(C)C[C@@H](C(=O)N[C@@H](CO)C(=O)N[C@@H](Cc1c[nH]c2ccccc12)C(=O)O)[n+]1[c-]n2ccccc2c1,-5.527,-7.940104
CC(C)C[C@@H](C(=O)N[C@@H](CO)C(=O)N[C@H](C(=O)O)C(C)C)[n+]1[c-]n2ccccc2c1,-7.7238,-4.401078
CC(C)C[C@@H](C(=O)N[C@@H](CO)C(=O)N[C@H](C(=O)O)[C@@H](C)O)[n+]1[c-]n2ccccc2c1,-9.1803,-7.2572103
CC(C)C[C@@H](C(=O)N[C@@H](CS)C(=O)N1CCC[C@H]1C(=O)O)[n+]1[c-]n2ccccc2c1,-8.2703,-5.7296076
CC(C)C[C@@H](C(=O)N[C@@H](CS)C(=O)N[C@@H](CCCNC(=N)N)C(=O)O)[n+]1[c-]n2ccccc2c1,-12.7406,-6.798094
CC(C)C[C@@H](C(=O)N[C@@H](CS)C(=O)N[C@@H](Cc1c[nH]cn1)C(=O)O)[n+]1[c-]n2ccccc2c1,-8.8176,-7.578818
CC(C)C[C@@H](C(=O)N[C@@H](CS)C(=O)N[C@@H](Cc1ccc(O)cc1)C(=O)O)[n+]1[c-]n2ccccc2c1,-8.1173,-7.251638
CC(C)C[C@@H](C(=O)N[C@@H](CS)C(=O)N[C@H](C(=O)O)[C@@H](C)O)[n+]1[c-]n2ccccc2c1,-11.4663,-3.8887725
CC(C)C[C@@H](C(=O)N[C@@H](Cc1c[nH]c2ccccc12)C(=O)N[C@@H](CC(N)=O)C(=O)O)[n+]1[c-]n2ccccc2c1,-2.0,-8.384492
CC(C)C[C@@H](C(=O)N[C@@H](Cc1c[nH]c2ccccc12)C(=O)N[C@@H](Cc1c[nH]c2ccccc12)C(=O)O)[n+]1[c-]n2ccccc2c1,-8.6109,-8.060999
CC(C)C[C@@H](C(=O)N[C@@H](Cc1c[nH]c2ccccc12)C(=O)N[C@@H](Cc1c[nH]cn1)C(=O)O)[n+]1[c-]n2ccccc2c1,-10.718,-9.783908
CC(C)C[C@@H](C(=O)N[C@@H](Cc1c[nH]c2ccccc12)C(=O)N[C@@H](Cc1ccccc1)C(=O)O)[n+]1[c-]n2ccccc2c1,-5.2881,-8.246193
CC(C)C[C@@H](C(=O)N[C@@H](Cc1c[nH]c2ccccc12)C(=O)O)[n+]1[c-]n2ccccc2c1,-7.2204,-8.777613
CC(C)C[C@@H](C(=O)N[C@@H](Cc1c[nH]cn1)C(=O)N[C@@H](Cc1c[nH]c2ccccc12)C(=O)O)[n+]1[c-]n2ccccc2c1,-19.3719,-11.744465
CC(C)C[C@@H](C(=O)N[C@@H](Cc1c[nH]cn1)C(=O)N[C@@H](Cc1ccc(O)cc1)C(=O)O)[n+]1[c-]n2ccccc2c1,-14.7529,-8.162394
CC(C)C[C@@H](C(=O)N[C@@H](Cc1c[nH]cn1)C(=O)N[C@H](C(=O)O)C(C)C)[n+]1[c-]n2ccccc2c1,-2.2178,-7.6390047
CC(C)C[C@@H](C(=O)N[C@@H](Cc1ccc(O)cc1)C(=O)N[C@@H](CC(=O)O)C(=O)O)[n+]1[c-]n2ccccc2c1,-3.852,-8.553046
CC(C)C[C@@H](C(=O)N[C@@H](Cc1ccc(O)cc1)C(=O)N[C@@H](CCC(=O)O)C(=O)O)[n+]1[c-]n2ccccc2c1,-12.539,-11.019309
CC(C)C[C@@H](C(=O)N[C@@H](Cc1ccc(O)cc1)C(=O)N[C@@H](CO)C(=O)O)[n+]1[c-]n2ccccc2c1,-8.5818,-8.17302
CC(C)C[C@@H](C(=O)N[C@@H](Cc1ccc(O)cc1)C(=O)N[C@@H](CS)C(=O)O)[n+]1[c-]n2ccccc2c1,-5.8783,-6.336808
CC(C)C[C@@H](C(=O)N[C@@H](Cc1ccc(O)cc1)C(=O)N[C@@H](Cc1ccc(O)cc1)C(=O)O)[n+]1[c-]n2ccccc2c1,-8.6212,-7.9517093
CC(C)C[C@@H](C(=O)N[C@@H](Cc1ccccc1)C(=O)NCC(=O)O)[n+]1[c-]n2ccccc2c1,-3.4413,-4.0673704
CC(C)C[C@@H](C(=O)N[C@@H](Cc1ccccc1)C(=O)N[C@@H](CC(N)=O)C(=O)O)[n+]1[c-]n2ccccc2c1,-10.0505,-10.289824
CC(C)C[C@@H](C(=O)N[C@@H](Cc1ccccc1)C(=O)N[C@H](C(=O)O)[C@@H](C)O)[n+]1[c-]n2ccccc2c1,-13.3184,-7.127735
CC(C)C[C@@H](C(=O)N[C@@H](Cc1ccccc1)C(=O)O)[n+]1[c-]n2ccccc2c1,-7.6692,-6.8304234
CC(C)C[C@@H](C(=O)N[C@H](C(=O)N1CCC[C@H]1C(=O)O)[C@@H](C)O)[n+]1[c-]n2ccccc2c1,-6.8211,-5.7616887
CC(C)C[C@@H](C(=O)N[C@H](C(=O)N[C@@H](C)C(=O)O)[C@@H](C)O)[n+]1[c-]n2ccccc2c1,-1.3157,-3.247755
CC(C)C[C@@H](C(=O)N[C@H](C(=O)N[C@@H](CS)C(=O)O)C(C)C)[n+]1[c-]n2ccccc2c1,-1.4512,-5.4365597
CC(C)C[C@@H](C(=O)N[C@H](C(=O)N[C@H](C(=O)O)C(C)C)C(C)C)[n+]1[c-]n2ccccc2c1,-6.0499,-3.5700734
CC(C)C[C@H](NC(=O)CNC(=O)[C@H](C)[n+]1[c-]n2ccccc2c1)C(=O)O,-9.5056,-7.9139338
CC(C)C[C@H](NC(=O)CNC(=O)[C@H](CCC(N)=O)[n+]1[c-]n2ccccc2c1)C(=O)O,-4.2035,-5.8314953
CC(C)C[C@H](NC(=O)CNC(=O)[C@H](CCCNC(=N)N)[n+]1[c-]n2ccccc2c1)C(=O)O,-5.669,-6.689954
CC(C)C[C@H](NC(=O)CNC(=O)[C@H](Cc1c[nH]c2ccccc12)[n+]1[c-]n2ccccc2c1)C(=O)O,-11.4772,-11.911047
CC(C)C[C@H](NC(=O)C[n+]1[c-]n2ccccc2c1)C(=O)N[C@@H](CC(=O)O)C(=O)O,-13.6056,-11.051701
CC(C)C[C@H](NC(=O)[C@@H](NC(=O)C[n+]1[c-]n2ccccc2c1)[C@@H](C)O)C(=O)O,-11.1893,-12.046789
CC(C)C[C@H](NC(=O)[C@@H](NC(=O)[C@H](CO)[n+]1[c-]n2ccccc2c1)C(C)C)C(=O)O,-8.5589,-9.33166
CC(C)C[C@H](NC(=O)[C@@H](NC(=O)[C@H](Cc1c[nH]c2ccccc12)[n+]1[c-]n2ccccc2c1)[C@@H](C)O)C(=O)O,-8.0772,-4.987712
CC(C)C[C@H](NC(=O)[C@@H](NC(=O)[C@H](Cc1ccccc1)[n+]1[c-]n2ccccc2c1)C(C)C)C(=O)O,-3.7161,-2.9592867
CC(C)C[C@H](NC(=O)[C@@H](NC(=O)[C@H]([C@@H](C)O)[n+]1[c-]n2ccccc2c1)[C@@H](C)O)C(=O)O,-7.7622,-6.5828996
CC(C)C[C@H](NC(=O)[C@@H]1CCCN1C(=O)[C@H](CC(N)=O)[n+]1[c-]n2ccccc2c1)C(=O)O,-1.369,-3.1856842
CC(C)C[C@H](NC(=O)[C@@H]1CCCN1C(=O)[C@H](Cc1c[nH]cn1)[n+]1[c-]n2ccccc2c1)C(=O)O,-6.7655,-5.5025177
CC(C)C[C@H](NC(=O)[C@H](C(C)C)[n+]1[c-]n2ccccc2c1)C(=O)N[C@@H](CO)C(=O)O,-3.4848,-4.312771
CC(C)C[C@H](NC(=O)[C@H](C(C)C)[n+]1[c-]n2ccccc2c1)C(=O)N[C@@H](CS)C(=O)O,-5.6156,-7.604143
CC(C)C[C@H](NC(=O)[C@H](C)NC(=O)[C@H](C)[n+]1[c-]n2ccccc2c1)C(=O)O,-5.2169,-3.454133
CC(C)C[C@H](NC(=O)[C@H](C)NC(=O)[C@H](CC(C)C)[n+]1[c-]n2ccccc2c1)C(=O)O,-3.8859,-4.916709
CC(C)C[C@H](NC(=O)[C@H](C)[n+]1[c-]n2ccccc2c1)C(=O)N1CCC[C@H]1C(=O)O,-9.4045,-7.519246
CC(C)C[C@H](NC(=O)[C@H](C)[n+]1[c-]n2ccccc2c1)C(=O)N[C@@H](CO)C(=O)O,-7.4224,-5.8936443
CC(C)C[C@H](NC(=O)[C@H](C)[n+]1[c-]n2ccccc2c1)C(=O)N[C@@H](Cc1c[nH]c2ccccc12)C(=O)O,-10.9109,-9.558344
CC(C)C[C@H](NC(=O)[C@H](C)[n+]1[c-]n2ccccc2c1)C(=O)N[C@@H](Cc1ccccc1)C(=O)O,-9.233,-7.6231346
CC(C)C[C@H](NC(=O)[C@H](C)[n+]1[c-]n2ccccc2c1)C(=O)O,-4.3863,-4.26591
CC(C)C[C@H](NC(=O)[C@H](CC(=O)O)NC(=O)C[n+]1[c-]n2ccccc2c1)C(=O)O,-11.2374,-10.765206
CC(C)C[C@H](NC(=O)[C@H](CC(=O)O)NC(=O)[C@H](Cc1ccc(O)cc1)[n+]1[c-]n2ccccc2c1)C(=O)O,-7.3557,-6.0154037
CC(C)C[C@H](NC(=O)[C@H](CC(=O)O)[n+]1[c-]n2ccccc2c1)C(=O)N[C@@H](CC(=O)O)C(=O)O,-6.5361,-8.955014
CC(C)C[C@H](NC(=O)[C@H](CC(=O)O)[n+]1[c-]n2ccccc2c1)C(=O)N[C@@H](CC(N)=O)C(=O)O,-14.6134,-12.106467
CC(C)C[C@H](NC(=O)[C@H](CC(=O)O)[n+]1[c-]n2ccccc2c1)C(=O)N[C@@H](Cc1c[nH]c2ccccc12)C(=O)O,-11.2361,-10.015869
CC(C)C[C@H](NC(=O)[C@H](CC(=O)O)[n+]1[c-]n2ccccc2c1)C(=O)N[C@@H](Cc1ccccc1)C(=O)O,1.4192,-5.8217235
CC(C)C[C@H](NC(=O)[C@H](CC(C)C)NC(=O)C[n+]1[c-]n2ccccc2c1)C(=O)O,-13.7728,-10.747558
CC(C)C[C@H](NC(=O)[C@H](CC(C)C)NC(=O)[C@H](CCCNC(=N)N)[n+]1[c-]n2ccccc2c1)C(=O)O,-6.8849,-5.981204
CC(C)C[C@H](NC(=O)[C@H](CC(C)C)NC(=O)[C@H](CS)[n+]1[c-]n2ccccc2c1)C(=O)O,-2.6475,-4.289233
CC(C)C[C@H](NC(=O)[C@H](CC(C)C)NC(=O)[C@H](Cc1c[nH]c2ccccc12)[n+]1[c-]n2ccccc2c1)C(=O)O,-3.8699,-5.7585015
CC(C)C[C@H](NC(=O)[C@H](CC(C)C)NC(=O)[C@H](Cc1c[nH]cn1)[n+]1[c-]n2ccccc2c1)C(=O)O,-4.4809,-4.6275163
CC(C)C[C@H](NC(=O)[C@H](CC(C)C)[n+]1[c-]n2ccccc2c1)C(=O)N[C@@H](CCCNC(=N)N)C(=O)O,-10.9015,-4.6815968
CC(C)C[C@H](NC(=O)[C@H](CC(C)C)[n+]1[c-]n2ccccc2c1)C(=O)O,-3.7914,-4.7066684
CC(C)C[C@H](NC(=O)[C@H](CC(N)=O)[n+]1[c-]n2ccccc2c1)C(=O)N[C@@H](CS)C(=O)O,-11.8556,-7.1911125
CC(C)C[C@H](NC(=O)[C@H](CC(N)=O)[n+]1[c-]n2ccccc2c1)C(=O)N[C@@H](Cc1ccc(O)cc1)C(=O)O,-4.5648,-8.917929
CC(C)C[C@H](NC(=O)[C@H](CCC(=O)O)NC(=O)[C@H](C)[n+]1[c-]n2ccccc2c1)C(=O)O,-14.2603,-11.437346
CC(C)C[C@H](NC(=O)[C@H](CCC(=O)O)NC(=O)[C@H](CCC(=O)O)[n+]1[c-]n2ccccc2c1)C(=O)O,-17.8808,-13.993618
CC(C)C[C@H](NC(=O)[C@H](CCC(=O)O)NC(=O)[C@H](CCCNC(=N)N)[n+]1[c-]n2ccccc2c1)C(=O)O,-6.1973,-7.878438
CC(C)C[C@H](NC(=O)[C@H](CCC(=O)O)[n+]1[c-]n2ccccc2c1)C(=O)N[C@@H](CCC(=O)O)C(=O)O,-17.8693,-11.958708
CC(C)C[C@H](NC(=O)[C@H](CCC(=O)O)[n+]1[c-]n2ccccc2c1)C(=O)N[C@@H](CCCNC(=N)N)C(=O)O,2.0675,-7.408333
CC(C)C[C@H](NC(=O)[C@H](CCC(N)=O)NC(=O)[C@H](C)[n+]1[c-]n2ccccc2c1)C(=O)O,-12.1331,-8.767813
CC(C)C[C@H](NC(=O)[C@H](CCC(N)=O)NC(=O)[C@H](CCC(N)=O)[n+]1[c-]n2ccccc2c1)C(=O)O,-15.6244,-8.894495
CC(C)C[C@H](NC(=O)[C@H](CCC(N)=O)NC(=O)[C@H](CO)[n+]1[c-]n2ccccc2c1)C(=O)O,-11.1286,-10.971862
CC(C)C[C@H](NC(=O)[C@H](CCC(N)=O)NC(=O)[C@H]([C@@H](C)O)[n+]1[c-]n2ccccc2c1)C(=O)O,-16.5755,-11.563288
CC(C)C[C@H](NC(=O)[C@H](CCC(N)=O)[n+]1[c-]n2ccccc2c1)C(=O)N[C@@H](CS)C(=O)O,-9.4589,-9.52149
CC(C)C[C@H](NC(=O)[C@H](CCCNC(=N)N)NC(=O)[C@H](CC(=O)O)[n+]1[c-]n2ccccc2c1)C(=O)O,-9.1468,-8.425814
CC(C)C[C@H](NC(=O)[C@H](CCCNC(=N)N)NC(=O)[C@H](CC(N)=O)[n+]1[c-]n2ccccc2c1)C(=O)O,-5.7212,-7.582405
CC(C)C[C@H](NC(=O)[C@H](CCCNC(=N)N)NC(=O)[C@H](CO)[n+]1[c-]n2ccccc2c1)C(=O)O,-1.0658,-7.6938496
CC(C)C[C@H](NC(=O)[C@H](CCCNC(=N)N)NC(=O)[C@H](Cc1c[nH]cn1)[n+]1[c-]n2ccccc2c1)C(=O)O,-10.7998,-8.325946
CC(C)C[C@H](NC(=O)[C@H](CCCNC(=N)N)[n+]1[c-]n2ccccc2c1)C(=O)N[C@@H](C)C(=O)O,-2.2568,-6.8280816
CC(C)C[C@H](NC(=O)[C@H](CCCNC(=N)N)[n+]1[c-]n2ccccc2c1)C(=O)N[C@@H](CCCNC(=N)N)C(=O)O,-4.0837,-9.278698
CC(C)C[C@H](NC(=O)[C@H](CCCNC(=N)N)[n+]1[c-]n2ccccc2c1)C(=O)N[C@@H](CO)C(=O)O,-9.2076,-6.64824
CC(C)C[C@H](NC(=O)[C@H](CCCNC(=N)N)[n+]1[c-]n2ccccc2c1)C(=O)N[C@@H](Cc1c[nH]cn1)C(=O)O,-7.2909,-8.484785
CC(C)C[C@H](NC(=O)[C@H](CO)NC(=O)[C@H](CC(=O)O)[n+]1[c-]n2ccccc2c1)C(=O)O,-5.7977,-7.749202
CC(C)C[C@H](NC(=O)[C@H](CO)NC(=O)[C@H](CC(C)C)[n+]1[c-]n2ccccc2c1)C(=O)O,-3.3383,-8.139247
CC(C)C[C@H](NC(=O)[C@H](CO)NC(=O)[C@H](CC(N)=O)[n+]1[c-]n2ccccc2c1)C(=O)O,-3.8287,-6.7220488
CC(C)C[C@H](NC(=O)[C@H](CO)NC(=O)[C@H](CS)[n+]1[c-]n2ccccc2c1)C(=O)O,-0.5636,-5.3418107
CC(C)C[C@H](NC(=O)[C@H](CO)NC(=O)[C@H](Cc1c[nH]c2ccccc12)[n+]1[c-]n2ccccc2c1)C(=O)O,2.3594,-6.931148
CC(C)C[C@H](NC(=O)[C@H](CO)NC(=O)[C@H](Cc1ccc(O)cc1)[n+]1[c-]n2ccccc2c1)C(=O)O,-7.4647,-7.6032486
CC(C)C[C@H](NC(=O)[C@H](CO)[n+]1[c-]n2ccccc2c1)C(=O)N1CCC[C@H]1C(=O)O,-5.8859,-6.3626566
CC(C)C[C@H](NC(=O)[C@H](CO)[n+]1[c-]n2ccccc2c1)C(=O)N[C@@H](CCC(N)=O)C(=O)O,-10.4022,-6.7549706
CC(C)C[C@H](NC(=O)[C@H](CO)[n+]1[c-]n2ccccc2c1)C(=O)N[C@@H](CO)C(=O)O,-8.5075,-7.911481
CC(C)C[C@H](NC(=O)[C@H](CO)[n+]1[c-]n2ccccc2c1)C(=O)N[C@@H](CS)C(=O)O,-5.5384,-11.421908
CC(C)C[C@H](NC(=O)[C@H](CO)[n+]1[c-]n2ccccc2c1)C(=O)N[C@@H](Cc1c[nH]c2ccccc12)C(=O)O,-5.6571,-6.9274607
CC(C)C[C@H](NC(=O)[C@H](CS)NC(=O)[C@H](CC(=O)O)[n+]1[c-]n2ccccc2c1)C(=O)O,-6.9842,-7.8124228
CC(C)C[C@H](NC(=O)[C@H](CS)NC(=O)[C@H](Cc1c[nH]c2ccccc12)[n+]1[c-]n2ccccc2c1)C(=O)O,-5.3115,-7.2928
CC(C)C[C@H](NC(=O)[C@H](CS)NC(=O)[C@H](Cc1ccc(O)cc1)[n+]1[c-]n2ccccc2c1)C(=O)O,-13.7875,-7.85938
CC(C)C[C@H](NC(=O)[C@H](CS)[n+]1[c-]n2ccccc2c1)C(=O)N1CCC[C@H]1C(=O)O,-2.9439,-6.332453
CC(C)C[C@H](NC(=O)[C@H](CS)[n+]1[c-]n2ccccc2c1)C(=O)N[C@@H](CCC(N)=O)C(=O)O,-12.1274,-7.096381
CC(C)C[C@H](NC(=O)[C@H](CS)[n+]1[c-]n2ccccc2c1)C(=O)N[C@@H](CS)C(=O)O,-6.4305,-5.7132797
CC(C)C[C@H](NC(=O)[C@H](CS)[n+]1[c-]n2ccccc2c1)C(=O)N[C@@H](Cc1ccc(O)cc1)C(=O)O,-6.8558,-7.6687603
CC(C)C[C@H](NC(=O)[C@H](CS)[n+]1[c-]n2ccccc2c1)C(=O)N[C@H](C(=O)O)C(C)C,-2.6599,-5.4110436
CC(C)C[C@H](NC(=O)[C@H](Cc1c[nH]c2ccccc12)NC(=O)[C@H](CC(C)C)[n+]1[c-]n2ccccc2c1)C(=O)O,-5.479,-5.9819603
CC(C)C[C@H](NC(=O)[C@H](Cc1c[nH]c2ccccc12)NC(=O)[C@H](CCC(=O)O)[n+]1[c-]n2ccccc2c1)C(=O)O,-10.0546,-8.089317
CC(C)C[C@H](NC(=O)[C@H](Cc1c[nH]c2ccccc12)[n+]1[c-]n2ccccc2c1)C(=O)N[C@@H](CO)C(=O)O,-3.7287,-6.0266066
CC(C)C[C@H](NC(=O)[C@H](Cc1c[nH]c2ccccc12)[n+]1[c-]n2ccccc2c1)C(=O)N[C@@H](Cc1ccccc1)C(=O)O,-8.0951,-7.726218
CC(C)C[C@H](NC(=O)[C@H](Cc1c[nH]c2ccccc12)[n+]1[c-]n2ccccc2c1)C(=O)N[C@H](C(=O)O)C(C)C,-3.0413,-3.9579997
CC(C)C[C@H](NC(=O)[C@H](Cc1c[nH]c2ccccc12)[n+]1[c-]n2ccccc2c1)C(=O)N[C@H](C(=O)O)[C@@H](C)O,-3.5832,-6.883917
CC(C)C[C@H](NC(=O)[C@H](Cc1c[nH]c2ccccc12)[n+]1[c-]n2ccccc2c1)C(=O)O,-2.8577,-5.319784
CC(C)C[C@H](NC(=O)[C@H](Cc1c[nH]cn1)NC(=O)[C@H](CC(N)=O)[n+]1[c-]n2ccccc2c1)C(=O)O,-6.3594,-10.073956
CC(C)C[C@H](NC(=O)[C@H](Cc1c[nH]cn1)NC(=O)[C@H](CO)[n+]1[c-]n2ccccc2c1)C(=O)O,-6.8857,-8.771057
CC(C)C[C@H](NC(=O)[C@H](Cc1c[nH]cn1)NC(=O)[C@H](Cc1ccccc1)[n+]1[c-]n2ccccc2c1)C(=O)O,-9.3317,-7.820601
CC(C)C[C@H](NC(=O)[C@H](Cc1c[nH]cn1)[n+]1[c-]n2ccccc2c1)C(=O)N[C@H](C(=O)O)C(C)C,-9.88,-4.1263466
CC(C)C[C@H](NC(=O)[C@H](Cc1c[nH]cn1)[n+]1[c-]n2ccccc2c1)C(=O)O,-5.4856,-5.2489185
CC(C)C[C@H](NC(=O)[C@H](Cc1ccc(O)cc1)NC(=O)[C@H](C(C)C)[n+]1[c-]n2ccccc2c1)C(=O)O,-6.1566,-6.537575
CC(C)C[C@H](NC(=O)[C@H](Cc1ccc(O)cc1)NC(=O)[C@H](CC(=O)O)[n+]1[c-]n2ccccc2c1)C(=O)O,-12.6341,-11.52462
CC(C)C[C@H](NC(=O)[C@H](Cc1ccc(O)cc1)NC(=O)[C@H](CC(N)=O)[n+]1[c-]n2ccccc2c1)C(=O)O,-10.2194,-8.332056
CC(C)C[C@H](NC(=O)[C@H](Cc1ccc(O)cc1)NC(=O)[C@H](CCC(=O)O)[n+]1[c-]n2ccccc2c1)C(=O)O,-8.7189,-7.500419
CC(C)C[C@H](NC(=O)[C@H](Cc1ccc(O)cc1)NC(=O)[C@H](CCCNC(=N)N)[n+]1[c-]n2ccccc2c1)C(=O)O,-10.1868,-7.4164195
CC(C)C[C@H](NC(=O)[C@H](Cc1ccc(O)cc1)NC(=O)[C@H](CO)[n+]1[c-]n2ccccc2c1)C(=O)O,-6.7199,-6.5325656
CC(C)C[C@H](NC(=O)[C@H](Cc1ccc(O)cc1)[n+]1[c-]n2ccccc2c1)C(=O)N[C@@H](CC(N)=O)C(=O)O,-8.6608,-7.0906982
CC(C)C[C@H](NC(=O)[C@H](Cc1ccc(O)cc1)[n+]1[c-]n2ccccc2c1)C(=O)N[C@@H](CCC(N)=O)C(=O)O,-8.4133,-8.334647
CC(C)C[C@H](NC(=O)[C@H](Cc1ccc(O)cc1)[n+]1[c-]n2ccccc2c1)C(=O)N[C@@H](CCCNC(=N)N)C(=O)O,-6.7994,-8.674842
CC(C)C[C@H](NC(=O)[C@H](Cc1ccc(O)cc1)[n+]1[c-]n2ccccc2c1)C(=O)N[C@@H](Cc1ccc(O)cc1)C(=O)O,-2.9098,-7.7350225
CC(C)C[C@H](NC(=O)[C@H](Cc1ccc(O)cc1)[n+]1[c-]n2ccccc2c1)C(=O)O,-6.3488,-6.395029
CC(C)C[C@H](NC(=O)[C@H](Cc1ccccc1)NC(=O)[C@H](CC(=O)O)[n+]1[c-]n2ccccc2c1)C(=O)O,-14.4482,-7.170883
CC(C)C[C@H](NC(=O)[C@H](Cc1ccccc1)NC(=O)[C@H](CC(C)C)[n+]1[c-]n2ccccc2c1)C(=O)O,-9.4203,-7.362081
CC(C)C[C@H](NC(=O)[C@H](Cc1ccccc1)NC(=O)[C@H](Cc1c[nH]c2ccccc12)[n+]1[c-]n2ccccc2c1)C(=O)O,-5.1226,-10.234177
CC(C)C[C@H](NC(=O)[C@H](Cc1ccccc1)[n+]1[c-]n2ccccc2c1)C(=O)N[C@@H](CO)C(=O)O,-7.1276,-6.6350145
CC(C)C[C@H](NC(=O)[C@H](Cc1ccccc1)[n+]1[c-]n2ccccc2c1)C(=O)N[C@H](C(=O)O)[C@@H](C)O,-4.7488,-4.656372
CC(C)C[C@H](NC(=O)[C@H](Cc1ccccc1)[n+]1[c-]n2ccccc2c1)C(=O)O,-5.0157,-5.2170568
CC(C)C[C@H](NC(=O)[C@H]([C@@H](C)O)[n+]1[c-]n2ccccc2c1)C(=O)N[C@@H](CC(=O)O)C(=O)O,-5.1778,-9.123901
CC(C)C[C@H](NC(=O)[C@H]([C@@H](C)O)[n+]1[c-]n2ccccc2c1)C(=O)N[C@@H](CCC(=O)O)C(=O)O,-4.949,-9.053465
CC(C)C[C@H](NC(=O)[C@H]([C@@H](C)O)[n+]1[c-]n2ccccc2c1)C(=O)N[C@@H](CO)C(=O)O,-4.3043,-7.194566
CC(C)C[C@H](NC(=O)[C@H]([C@@H](C)O)[n+]1[c-]n2ccccc2c1)C(=O)N[C@@H](CS)C(=O)O,-12.7696,-9.196554
CC(C)[C@@H](C(=O)N1CCC[C@H]1C(=O)N1CCC[C@H]1C(=O)O)[n+]1[c-]n2ccccc2c1,-6.968,-7.524205
CC(C)[C@@H](C(=O)N1CCC[C@H]1C(=O)N[C@@H](CCC(=O)O)C(=O)O)[n+]1[c-]n2ccccc2c1,-8.8459,-7.945404
CC(C)[C@@H](C(=O)N1CCC[C@H]1C(=O)N[C@@H](CO)C(=O)O)[n+]1[c-]n2ccccc2c1,-10.4177,-6.2409506
CC(C)[C@@H](C(=O)N1CCC[C@H]1C(=O)N[C@@H](Cc1c[nH]cn1)C(=O)O)[n+]1[c-]n2ccccc2c1,-6.1323,-5.2479353
CC(C)[C@@H](C(=O)N1CCC[C@H]1C(=O)N[C@H](C(=O)O)[C@@H](C)O)[n+]1[c-]n2ccccc2c1,-11.5453,-7.020628
CC(C)[C@@H](C(=O)NCC(=O)NCC(=O)O)[n+]1[c-]n2ccccc2c1,-10.0285,-6.277626
CC(C)[C@@H](C(=O)NCC(=O)N[C@@H](CCC(=O)O)C(=O)O)[n+]1[c-]n2ccccc2c1,-16.9725,-9.615908
CC(C)[C@@H](C(=O)NCC(=O)N[C@@H](Cc1ccccc1)C(=O)O)[n+]1[c-]n2ccccc2c1,-7.4709,-8.651412
CC(C)[C@@H](C(=O)N[C@@H](C)C(=O)N1CCC[C@H]1C(=O)O)[n+]1[c-]n2ccccc2c1,-3.2557,-5.5848966
CC(C)[C@@H](C(=O)N[C@@H](C)C(=O)N[C@@H](CC(=O)O)C(=O)O)[n+]1[c-]n2ccccc2c1,-14.1134,-7.6174054
CC(C)[C@@H](C(=O)N[C@@H](C)C(=O)N[C@@H](Cc1c[nH]c2ccccc12)C(=O)O)[n+]1[c-]n2ccccc2c1,-11.155,-8.633214
CC(C)[C@@H](C(=O)N[C@@H](C)C(=O)N[C@@H](Cc1ccc(O)cc1)C(=O)O)[n+]1[c-]n2ccccc2c1,-15.055,-10.137408
CC(C)[C@@H](C(=O)N[C@@H](CC(=O)O)C(=O)N[C@@H](CCC(=O)O)C(=O)O)[n+]1[c-]n2ccccc2c1,-17.9304,-6.820704
CC(C)[C@@H](C(=O)N[C@@H](CC(N)=O)C(=O)N[C@@H](CCC(=O)O)C(=O)O)[n+]1[c-]n2ccccc2c1,-11.852,-11.531511
CC(C)[C@@H](C(=O)N[C@@H](CC(N)=O)C(=O)N[C@@H](CCCNC(=N)N)C(=O)O)[n+]1[c-]n2ccccc2c1,-10.962,-9.113084
CC(C)[C@@H](C(=O)N[C@@H](CC(N)=O)C(=O)N[C@H](C(=O)O)[C@@H](C)O)[n+]1[c-]n2ccccc2c1,-6.4572,-10.223099
CC(C)[C@@H](C(=O)N[C@@H](CCC(=O)O)C(=O)N[C@@H](CCC(=O)O)C(=O)O)[n+]1[c-]n2ccccc2c1,-8.4395,-9.603071
CC(C)[C@@H](C(=O)N[C@@H](CCC(=O)O)C(=O)N[C@@H](CCC(N)=O)C(=O)O)[n+]1[c-]n2ccccc2c1,-14.2223,-11.629399
CC(C)[C@@H](C(=O)N[C@@H](CCC(=O)O)C(=O)N[C@@H](CCCNC(=N)N)C(=O)O)[n+]1[c-]n2ccccc2c1,-5.0476,-9.367044
CC(C)[C@@H](C(=O)N[C@@H](CCC(=O)O)C(=O)N[C@@H](Cc1ccc(O)cc1)C(=O)O)[n+]1[c-]n2ccccc2c1,-9.2479,-8.05502
CC(C)[C@@H](C(=O)N[C@@H](CCC(=O)O)C(=O)O)[n+]1[c-]n2ccccc2c1,-11.934,-7.9825983
CC(C)[C@@H](C(=O)N[C@@H](CCC(N)=O)C(=O)N[C@@H](CO)C(=O)O)[n+]1[c-]n2ccccc2c1,-9.1716,-10.063616
CC(C)[C@@H](C(=O)N[C@@H](CCC(N)=O)C(=O)N[C@@H](Cc1c[nH]c2ccccc12)C(=O)O)[n+]1[c-]n2ccccc2c1,-13.2135,-13.279265
CC(C)[C@@H](C(=O)N[C@@H](CCCNC(=N)N)C(=O)N1CCC[C@H]1C(=O)O)[n+]1[c-]n2ccccc2c1,-5.7969,-9.108105
CC(C)[C@@H](C(=O)N[C@@H](CCCNC(=N)N)C(=O)N[C@@H](CC(=O)O)C(=O)O)[n+]1[c-]n2ccccc2c1,-6.3845,-10.843355
CC(C)[C@@H](C(=O)N[C@@H](CCCNC(=N)N)C(=O)N[C@@H](Cc1ccccc1)C(=O)O)[n+]1[c-]n2ccccc2c1,-10.9886,-9.8926935
CC(C)[C@@H](C(=O)N[C@@H](CO)C(=O)NCC(=O)O)[n+]1[c-]n2ccccc2c1,-6.3034,-7.8744802
CC(C)[C@@H](C(=O)N[C@@H](CO)C(=O)N[C@@H](CC(=O)O)C(=O)O)[n+]1[c-]n2ccccc2c1,-9.5555,-9.30646
CC(C)[C@@H](C(=O)N[C@@H](CO)C(=O)N[C@@H](CO)C(=O)O)[n+]1[c-]n2ccccc2c1,-9.9098,-7.990369
CC(C)[C@@H](C(=O)N[C@@H](CO)C(=O)N[C@@H](Cc1ccc(O)cc1)C(=O)O)[n+]1[c-]n2ccccc2c1,-9.1082,-7.4768596
CC(C)[C@@H](C(=O)N[C@@H](CO)C(=O)N[C@@H](Cc1ccccc1)C(=O)O)[n+]1[c-]n2ccccc2c1,-1.8216,-4.721104
CC(C)[C@@H](C(=O)N[C@@H](CS)C(=O)N1CCC[C@H]1C(=O)O)[n+]1[c-]n2ccccc2c1,-10.073,-6.480255
CC(C)[C@@H](C(=O)N[C@@H](CS)C(=O)N[C@@H](CCCNC(=N)N)C(=O)O)[n+]1[c-]n2ccccc2c1,-8.2259,-7.5391436
CC(C)[C@@H](C(=O)N[C@@H](CS)C(=O)N[C@@H](CO)C(=O)O)[n+]1[c-]n2ccccc2c1,-7.9685,-9.975188
CC(C)[C@@H](C(=O)N[C@@H](CS)C(=O)N[C@@H](Cc1ccccc1)C(=O)O)[n+]1[c-]n2ccccc2c1,-2.3346,-8.874609
CC(C)[C@@H](C(=O)N[C@@H](Cc1c[nH]cn1)C(=O)N[C@@H](Cc1ccc(O)cc1)C(=O)O)[n+]1[c-]n2ccccc2c1,-17.2761,-8.174036
CC(C)[C@@H](C(=O)N[C@@H](Cc1c[nH]cn1)C(=O)N[C@H](C(=O)O)[C@@H](C)O)[n+]1[c-]n2ccccc2c1,-6.9408,-9.464742
CC(C)[C@@H](C(=O)N[C@@H](Cc1ccc(O)cc1)C(=O)N[C@@H](Cc1ccc(O)cc1)C(=O)O)[n+]1[c-]n2ccccc2c1,-11.6887,-9.348514
CC(C)[C@@H](C(=O)N[C@@H](Cc1ccccc1)C(=O)N1CCC[C@H]1C(=O)O)[n+]1[c-]n2ccccc2c1,10.0061,-8.417934
CC(C)[C@@H](C(=O)N[C@@H](Cc1ccccc1)C(=O)N[C@@H](CC(N)=O)C(=O)O)[n+]1[c-]n2ccccc2c1,-4.1278,-8.956262
CC(C)[C@@H](C(=O)N[C@@H](Cc1ccccc1)C(=O)N[C@@H](CS)C(=O)O)[n+]1[c-]n2ccccc2c1,-2.9951,-5.158965
CC(C)[C@@H](C(=O)N[C@H](C(=O)N1CCC[C@H]1C(=O)O)[C@@H](C)O)[n+]1[c-]n2ccccc2c1,-6.9032,-7.2206936
CC(C)[C@@H](C(=O)N[C@H](C(=O)N[C@@H](Cc1ccccc1)C(=O)O)[C@@H](C)O)[n+]1[c-]n2ccccc2c1,-3.0004,-6.0729804
CC(C)[C@H](NC(=O)CNC(=O)C[n+]1[c-]n2ccccc2c1)C(=O)O,-9.1587,-8.5163
CC(C)[C@H](NC(=O)CNC(=O)[C@H](CCCNC(=N)N)[n+]1[c-]n2ccccc2c1)C(=O)O,-16.6078,-8.3927
CC(C)[C@H](NC(=O)CNC(=O)[C@H]([C@@H](C)O)[n+]1[c-]n2ccccc2c1)C(=O)O,-7.0563,-7.9418287
CC(C)[C@H](NC(=O)C[n+]1[c-]n2ccccc2c1)C(=O)N1CCC[C@H]1C(=O)O,-9.6446,-10.442167
CC(C)[C@H](NC(=O)[C@@H](NC(=O)[C@H](C(C)C)[n+]1[c-]n2ccccc2c1)C(C)C)C(=O)O,-2.3925,-3.4331841
CC(C)[C@H](NC(=O)[C@@H](NC(=O)[C@H](C)[n+]1[c-]n2ccccc2c1)C(C)C)C(=O)O,-2.2894,-3.8058548
CC(C)[C@H](NC(=O)[C@@H](NC(=O)[C@H](CCCNC(=N)N)[n+]1[c-]n2ccccc2c1)C(C)C)C(=O)O,-0.0855,-4.250197
CC(C)[C@H](NC(=O)[C@@H](NC(=O)[C@H](CS)[n+]1[c-]n2ccccc2c1)[C@@H](C)O)C(=O)O,-0.3767,-6.692833
CC(C)[C@H](NC(=O)[C@@H](NC(=O)[C@H](Cc1c[nH]cn1)[n+]1[c-]n2ccccc2c1)[C@@H](C)O)C(=O)O,-5.2343,-8.480822
CC(C)[C@H](NC(=O)[C@@H]1CCCN1C(=O)[C@H](CCC(N)=O)[n+]1[c-]n2ccccc2c1)C(=O)O,-12.885,-9.907471
CC(C)[C@H](NC(=O)[C@@H]1CCCN1C(=O)[C@H](CCCNC(=N)N)[n+]1[c-]n2ccccc2c1)C(=O)O,-8.9532,-3.8703074
CC(C)[C@H](NC(=O)[C@@H]1CCCN1C(=O)[C@H](Cc1ccc(O)cc1)[n+]1[c-]n2ccccc2c1)C(=O)O,-8.901,-4.3091083
CC(C)[C@H](NC(=O)[C@@H]1CCCN1C(=O)[C@H](Cc1ccccc1)[n+]1[c-]n2ccccc2c1)C(=O)O,-7.2084,-5.0048275
CC(C)[C@H](NC(=O)[C@H](C(C)C)[n+]1[c-]n2ccccc2c1)C(=O)N1CCC[C@H]1C(=O)O,-2.9824,-5.384654
CC(C)[C@H](NC(=O)[C@H](C(C)C)[n+]1[c-]n2ccccc2c1)C(=O)NCC(=O)O,-3.0254,-3.702433
CC(C)[C@H](NC(=O)[C@H](C)NC(=O)[C@H](CC(=O)O)[n+]1[c-]n2ccccc2c1)C(=O)O,-6.169,-5.635828
CC(C)[C@H](NC(=O)[C@H](C)NC(=O)[C@H](CC(N)=O)[n+]1[c-]n2ccccc2c1)C(=O)O,-4.2678,-4.692008
CC(C)[C@H](NC(=O)[C@H](C)NC(=O)[C@H](Cc1c[nH]c2ccccc12)[n+]1[c-]n2ccccc2c1)C(=O)O,-2.9317,-3.7675436
CC(C)[C@H](NC(=O)[C@H](C)NC(=O)[C@H](Cc1ccccc1)[n+]1[c-]n2ccccc2c1)C(=O)O,-5.225,-6.789323
CC(C)[C@H](NC(=O)[C@H](C)[n+]1[c-]n2ccccc2c1)C(=O)N1CCC[C@H]1C(=O)O,-4.723,-6.172701
CC(C)[C@H](NC(=O)[C@H](C)[n+]1[c-]n2ccccc2c1)C(=O)N[C@@H](CC(=O)O)C(=O)O,-3.7187,-4.694607
CC(C)[C@H](NC(=O)[C@H](C)[n+]1[c-]n2ccccc2c1)C(=O)N[C@@H](CCC(=O)O)C(=O)O,-9.1658,-11.448448
CC(C)[C@H](NC(=O)[C@H](C)[n+]1[c-]n2ccccc2c1)C(=O)N[C@H](C(=O)O)[C@@H](C)O,-5.1453,-5.152565
CC(C)[C@H](NC(=O)[C@H](C)[n+]1[c-]n2ccccc2c1)C(=O)O,-4.9735,-4.474719
CC(C)[C@H](NC(=O)[C@H](CC(=O)O)NC(=O)[C@H](C(C)C)[n+]1[c-]n2ccccc2c1)C(=O)O,-1.1333,-4.576413
CC(C)[C@H](NC(=O)[C@H](CC(=O)O)NC(=O)[C@H](CCC(N)=O)[n+]1[c-]n2ccccc2c1)C(=O)O,0.2352,-4.005087
CC(C)[C@H](NC(=O)[C@H](CC(=O)O)[n+]1[c-]n2ccccc2c1)C(=O)N[C@@H](CC(=O)O)C(=O)O,-1.9831,-5.9887304
CC(C)[C@H](NC(=O)[C@H](CC(=O)O)[n+]1[c-]n2ccccc2c1)C(=O)N[C@@H](CCC(=O)O)C(=O)O,-2.2592,-9.801359
CC(C)[C@H](NC(=O)[C@H](CC(=O)O)[n+]1[c-]n2ccccc2c1)C(=O)N[C@@H](CCC(N)=O)C(=O)O,-10.0632,-9.784327
CC(C)[C@H](NC(=O)[C@H](CC(=O)O)[n+]1[c-]n2ccccc2c1)C(=O)N[C@@H](CS)C(=O)O,-8.0835,-11.224667
CC(C)[C@H](NC(=O)[C@H](CC(=O)O)[n+]1[c-]n2ccccc2c1)C(=O)N[C@@H](Cc1ccc(O)cc1)C(=O)O,-7.1592,-7.817423
CC(C)[C@H](NC(=O)[C@H](CC(=O)O)[n+]1[c-]n2ccccc2c1)C(=O)N[C@@H](Cc1ccccc1)C(=O)O,-3.8623,-4.323194
CC(C)[C@H](NC(=O)[C@H](CC(=O)O)[n+]1[c-]n2ccccc2c1)C(=O)N[C@H](C(=O)O)[C@@H](C)O,4.7531,-6.841205
CC(C)[C@H](NC(=O)[C@H](CC(N)=O)NC(=O)[C@H](CCCNC(=N)N)[n+]1[c-]n2ccccc2c1)C(=O)O,-0.5427,-6.304741
CC(C)[C@H](NC(=O)[C@H](CC(N)=O)NC(=O)[C@H](CO)[n+]1[c-]n2ccccc2c1)C(=O)O,-7.389,-9.335682
CC(C)[C@H](NC(=O)[C@H](CC(N)=O)NC(=O)[C@H](Cc1c[nH]c2ccccc12)[n+]1[c-]n2ccccc2c1)C(=O)O,-7.7932,-7.8117847
CC(C)[C@H](NC(=O)[C@H](CC(N)=O)[n+]1[c-]n2ccccc2c1)C(=O)N[C@@H](CC(=O)O)C(=O)O,-7.5178,-6.8923283
CC(C)[C@H](NC(=O)[C@H](CC(N)=O)[n+]1[c-]n2ccccc2c1)C(=O)N[C@@H](CCCNC(=N)N)C(=O)O,-14.1923,-7.765344
CC(C)[C@H](NC(=O)[C@H](CC(N)=O)[n+]1[c-]n2ccccc2c1)C(=O)O,-5.6539,-5.982501
CC(C)[C@H](NC(=O)[C@H](CCC(=O)O)NC(=O)[C@H](C(C)C)[n+]1[c-]n2ccccc2c1)C(=O)O,-7.3097,-9.688949
CC(C)[C@H](NC(=O)[C@H](CCC(=O)O)NC(=O)[C@H](Cc1c[nH]cn1)[n+]1[c-]n2ccccc2c1)C(=O)O,-12.1555,-11.22419
CC(C)[C@H](NC(=O)[C@H](CCC(N)=O)[n+]1[c-]n2ccccc2c1)C(=O)NCC(=O)O,-2.5169,-6.370624
CC(C)[C@H](NC(=O)[C@H](CCC(N)=O)[n+]1[c-]n2ccccc2c1)C(=O)N[C@@H](CC(=O)O)C(=O)O,-5.2592,-8.18207
CC(C)[C@H](NC(=O)[C@H](CCC(N)=O)[n+]1[c-]n2ccccc2c1)C(=O)N[C@@H](CS)C(=O)O,-1.1911,-8.627805
CC(C)[C@H](NC(=O)[C@H](CCCNC(=N)N)NC(=O)[C@H](C(C)C)[n+]1[c-]n2ccccc2c1)C(=O)O,-4.7075,-6.0155663
CC(C)[C@H](NC(=O)[C@H](CCCNC(=N)N)NC(=O)[C@H](C)[n+]1[c-]n2ccccc2c1)C(=O)O,-0.6881,-5.048271
CC(C)[C@H](NC(=O)[C@H](CCCNC(=N)N)NC(=O)[C@H](CC(=O)O)[n+]1[c-]n2ccccc2c1)C(=O)O,-7.7286,-8.560458
CC(C)[C@H](NC(=O)[C@H](CCCNC(=N)N)NC(=O)[C@H](CC(N)=O)[n+]1[c-]n2ccccc2c1)C(=O)O,-11.9764,-7.3099923
CC(C)[C@H](NC(=O)[C@H](CCCNC(=N)N)[n+]1[c-]n2ccccc2c1)C(=O)NCC(=O)O,-1.2121,-3.1566072
CC(C)[C@H](NC(=O)[C@H](CCCNC(=N)N)[n+]1[c-]n2ccccc2c1)C(=O)N[C@@H](C)C(=O)O,-3.3064,-3.8249145
CC(C)[C@H](NC(=O)[C@H](CCCNC(=N)N)[n+]1[c-]n2ccccc2c1)C(=O)N[C@@H](Cc1ccc(O)cc1)C(=O)O,-9.4056,-10.634302
CC(C)[C@H](NC(=O)[C@H](CCCNC(=N)N)[n+]1[c-]n2ccccc2c1)C(=O)N[C@H](C(=O)O)[C@@H](C)O,-11.2819,-6.1478834
CC(C)[C@H](NC(=O)[C@H](CO)NC(=O)[C@H](C)[n+]1[c-]n2ccccc2c1)C(=O)O,-2.7219,-5.170065
CC(C)[C@H](NC(=O)[C@H](CO)NC(=O)[C@H](CS)[n+]1[c-]n2ccccc2c1)C(=O)O,-4.3214,-3.6716003
CC(C)[C@H](NC(=O)[C@H](CO)[n+]1[c-]n2ccccc2c1)C(=O)N[C@@H](CC(=O)O)C(=O)O,1.2524,-4.6257772
CC(C)[C@H](NC(=O)[C@H](CO)[n+]1[c-]n2ccccc2c1)C(=O)N[C@@H](Cc1c[nH]c2ccccc12)C(=O)O,-9.9599,-9.096909
CC(C)[C@H](NC(=O)[C@H](CO)[n+]1[c-]n2ccccc2c1)C(=O)O,-7.3581,-5.72336
CC(C)[C@H](NC(=O)[C@H](CS)[n+]1[c-]n2ccccc2c1)C(=O)N[C@@H](C)C(=O)O,-6.5414,-6.8770895
CC(C)[C@H](NC(=O)[C@H](CS)[n+]1[c-]n2ccccc2c1)C(=O)N[C@@H](CC(=O)O)C(=O)O,-7.4766,-7.2669277
CC(C)[C@H](NC(=O)[C@H](CS)[n+]1[c-]n2ccccc2c1)C(=O)N[C@@H](Cc1c[nH]cn1)C(=O)O,-7.6143,-10.336084
CC(C)[C@H](NC(=O)[C@H](Cc1c[nH]c2ccccc12)NC(=O)[C@H](CC(=O)O)[n+]1[c-]n2ccccc2c1)C(=O)O,-11.3418,-13.2571945
CC(C)[C@H](NC(=O)[C@H](Cc1c[nH]c2ccccc12)NC(=O)[C@H](CCC(=O)O)[n+]1[c-]n2ccccc2c1)C(=O)O,-1.4896,-4.949076
CC(C)[C@H](NC(=O)[C@H](Cc1c[nH]c2ccccc12)NC(=O)[C@H](Cc1c[nH]c2ccccc12)[n+]1[c-]n2ccccc2c1)C(=O)O,-8.3773,-10.73328
CC(C)[C@H](NC(=O)[C@H](Cc1c[nH]c2ccccc12)NC(=O)[C@H](Cc1c[nH]cn1)[n+]1[c-]n2ccccc2c1)C(=O)O,-11.5683,-9.481615
CC(C)[C@H](NC(=O)[C@H](Cc1c[nH]c2ccccc12)NC(=O)[C@H](Cc1ccc(O)cc1)[n+]1[c-]n2ccccc2c1)C(=O)O,-4.2448,-5.065517
CC(C)[C@H](NC(=O)[C@H](Cc1c[nH]c2ccccc12)[n+]1[c-]n2ccccc2c1)C(=O)N[C@@H](CC(=O)O)C(=O)O,-2.7374,-5.546253
CC(C)[C@H](NC(=O)[C@H](Cc1c[nH]cn1)NC(=O)[C@H](C(C)C)[n+]1[c-]n2ccccc2c1)C(=O)O,-11.6565,-6.905277
CC(C)[C@H](NC(=O)[C@H](Cc1c[nH]cn1)NC(=O)[C@H](CCC(N)=O)[n+]1[c-]n2ccccc2c1)C(=O)O,-11.2572,-8.039033
CC(C)[C@H](NC(=O)[C@H](Cc1c[nH]cn1)NC(=O)[C@H](CCCNC(=N)N)[n+]1[c-]n2ccccc2c1)C(=O)O,-12.0553,-7.8504252
CC(C)[C@H](NC(=O)[C@H](Cc1c[nH]cn1)NC(=O)[C@H](Cc1c[nH]c2ccccc12)[n+]1[c-]n2ccccc2c1)C(=O)O,-6.4559,-8.003307
CC(C)[C@H](NC(=O)[C@H](Cc1c[nH]cn1)NC(=O)[C@H](Cc1ccc(O)cc1)[n+]1[c-]n2ccccc2c1)C(=O)O,0.7105,-7.7850733
CC(C)[C@H](NC(=O)[C@H](Cc1c[nH]cn1)[n+]1[c-]n2ccccc2c1)C(=O)N1CCC[C@H]1C(=O)O,-6.667,-5.270503
CC(C)[C@H](NC(=O)[C@H](Cc1c[nH]cn1)[n+]1[c-]n2ccccc2c1)C(=O)N[C@@H](CC(N)=O)C(=O)O,-4.86,-8.785551
CC(C)[C@H](NC(=O)[C@H](Cc1ccc(O)cc1)NC(=O)C[n+]1[c-]n2ccccc2c1)C(=O)O,-10.221,-11.838833
CC(C)[C@H](NC(=O)[C@H](Cc1ccc(O)cc1)NC(=O)[C@H](CS)[n+]1[c-]n2ccccc2c1)C(=O)O,-2.2475,-5.414233
CC(C)[C@H](NC(=O)[C@H](Cc1ccc(O)cc1)NC(=O)[C@H](Cc1c[nH]c2ccccc12)[n+]1[c-]n2ccccc2c1)C(=O)O,-9.813,-8.543535
CC(C)[C@H](NC(=O)[C@H](Cc1ccc(O)cc1)NC(=O)[C@H](Cc1ccccc1)[n+]1[c-]n2ccccc2c1)C(=O)O,-4.0862,-6.5972576
CC(C)[C@H](NC(=O)[C@H](Cc1ccc(O)cc1)[n+]1[c-]n2ccccc2c1)C(=O)N[C@@H](CCC(=O)O)C(=O)O,0.2091,-6.5463495
CC(C)[C@H](NC(=O)[C@H](Cc1ccc(O)cc1)[n+]1[c-]n2ccccc2c1)C(=O)N[C@@H](CCCNC(=N)N)C(=O)O,-10.7062,-9.971344
CC(C)[C@H](NC(=O)[C@H](Cc1ccc(O)cc1)[n+]1[c-]n2ccccc2c1)C(=O)N[C@@H](CS)C(=O)O,-6.7437,-7.086946
CC(C)[C@H](NC(=O)[C@H](Cc1ccc(O)cc1)[n+]1[c-]n2ccccc2c1)C(=O)N[C@H](C(=O)O)[C@@H](C)O,-5.7279,-6.0187116
CC(C)[C@H](NC(=O)[C@H](Cc1ccccc1)NC(=O)[C@H](CO)[n+]1[c-]n2ccccc2c1)C(=O)O,-2.8368,-6.1509633
CC(C)[C@H](NC(=O)[C@H](Cc1ccccc1)NC(=O)[C@H](Cc1ccc(O)cc1)[n+]1[c-]n2ccccc2c1)C(=O)O,-6.4296,-6.5279016
CC(C)[C@H](NC(=O)[C@H](Cc1ccccc1)[n+]1[c-]n2ccccc2c1)C(=O)N[C@@H](CC(=O)O)C(=O)O,-2.6939,-6.624488
CC(C)[C@H](NC(=O)[C@H](Cc1ccccc1)[n+]1[c-]n2ccccc2c1)C(=O)N[C@@H](CCC(=O)O)C(=O)O,-6.9387,-10.836985
CC(C)[C@H](NC(=O)[C@H](Cc1ccccc1)[n+]1[c-]n2ccccc2c1)C(=O)N[C@@H](Cc1ccc(O)cc1)C(=O)O,-16.3276,-11.127246
CC(C)[C@H](NC(=O)[C@H](Cc1ccccc1)[n+]1[c-]n2ccccc2c1)C(=O)N[C@@H](Cc1ccccc1)C(=O)O,-2.2998,-5.3481607
CC(C)[C@H](NC(=O)[C@H]([C@@H](C)O)[n+]1[c-]n2ccccc2c1)C(=O)N[C@@H](CCC(N)=O)C(=O)O,-11.5005,-8.510723
CC(C)[C@H](NC(=O)[C@H]([C@@H](C)O)[n+]1[c-]n2ccccc2c1)C(=O)N[C@@H](Cc1c[nH]cn1)C(=O)O,-6.0262,-8.681545
CC(C)[C@H](NC(=O)[C@H]([C@@H](C)O)[n+]1[c-]n2ccccc2c1)C(=O)N[C@@H](Cc1ccccc1)C(=O)O,-6.8368,-10.33627
CC[C@H](C)[C@@H](C(=O)N1CCC[C@H]1C(=O)N[C@@H](CCSC)C(=O)O)[n+]1[c-]n2ccccc2c1,-7.4524,-5.355934
CC[C@H](C)[C@@H](C(=O)N1CCC[C@H]1C(=O)N[C@@H](Cc1ccccc1)C(=O)O)[n+]1[c-]n2ccccc2c1,-7.3262,-8.056705
CC[C@H](C)[C@@H](C(=O)NCC(=O)N[C@@H](CC(N)=O)C(=O)O)[n+]1[c-]n2ccccc2c1,-7.9355,-9.883838
CC[C@H](C)[C@@H](C(=O)NCC(=O)N[C@@H](CCC(=O)O)C(=O)O)[n+]1[c-]n2ccccc2c1,-10.9868,-9.625011
CC[C@H](C)[C@@H](C(=O)N[C@@H](C)C(=O)N1CCC[C@H]1C(=O)O)[n+]1[c-]n2ccccc2c1,-8.3044,-5.89024
CC[C@H](C)[C@@H](C(=O)N[C@@H](C)C(=O)NCC(=O)O)[n+]1[c-]n2ccccc2c1,-3.4363,-4.272115
CC[C@H](C)[C@@H](C(=O)N[C@@H](C)C(=O)N[C@@H](CCC(N)=O)C(=O)O)[n+]1[c-]n2ccccc2c1,-3.8583,-7.493254
CC[C@H](C)[C@@H](C(=O)N[C@@H](C)C(=O)N[C@@H](CCSC)C(=O)O)[n+]1[c-]n2ccccc2c1,-4.9384,-9.023492
CC[C@H](C)[C@@H](C(=O)N[C@@H](C)C(=O)N[C@@H](Cc1ccc(O)cc1)C(=O)O)[n+]1[c-]n2ccccc2c1,-14.7771,-9.332148
CC[C@H](C)[C@@H](C(=O)N[C@@H](CC(=O)O)C(=O)N1CCC[C@H]1C(=O)O)[n+]1[c-]n2ccccc2c1,-9.1864,-8.510872
CC[C@H](C)[C@@H](C(=O)N[C@@H](CC(=O)O)C(=O)N[C@@H](CS)C(=O)O)[n+]1[c-]n2ccccc2c1,-9.0652,-5.8475046
CC[C@H](C)[C@@H](C(=O)N[C@@H](CC(=O)O)C(=O)N[C@@H](Cc1ccc(O)cc1)C(=O)O)[n+]1[c-]n2ccccc2c1,-10.0713,-10.162524
CC[C@H](C)[C@@H](C(=O)N[C@@H](CC(C)C)C(=O)N1CCC[C@H]1C(=O)O)[n+]1[c-]n2ccccc2c1,-9.6638,-6.3309727
CC[C@H](C)[C@@H](C(=O)N[C@@H](CC(C)C)C(=O)NCC(=O)O)[n+]1[c-]n2ccccc2c1,-6.1043,-3.8301365
CC[C@H](C)[C@@H](C(=O)N[C@@H](CC(C)C)C(=O)N[C@@H](CC(=O)O)C(=O)O)[n+]1[c-]n2ccccc2c1,-5.494,-7.5122104
CC[C@H](C)[C@@H](C(=O)N[C@@H](CC(C)C)C(=O)N[C@@H](CO)C(=O)O)[n+]1[c-]n2ccccc2c1,-6.6522,-6.0577264
CC[C@H](C)[C@@H](C(=O)N[C@@H](CC(C)C)C(=O)N[C@H](C(=O)O)C(C)C)[n+]1[c-]n2ccccc2c1,-2.7259,-5.5237126
CC[C@H](C)[C@@H](C(=O)N[C@@H](CC(C)C)C(=O)N[C@H](C(=O)O)[C@@H](C)O)[n+]1[c-]n2ccccc2c1,-6.3641,-4.7234955
CC[C@H](C)[C@@H](C(=O)N[C@@H](CC(C)C)C(=O)O)[n+]1[c-]n2ccccc2c1,-2.6568,-5.0398674
CC[C@H](C)[C@@H](C(=O)N[C@@H](CC(N)=O)C(=O)N[C@@H](C)C(=O)O)[n+]1[c-]n2ccccc2c1,-8.5044,-6.6698475
CC[C@H](C)[C@@H](C(=O)N[C@@H](CC(N)=O)C(=O)N[C@@H](CCC(=O)O)C(=O)O)[n+]1[c-]n2ccccc2c1,-16.4171,-9.800367
CC[C@H](C)[C@@H](C(=O)N[C@@H](CC(N)=O)C(=O)N[C@@H](CCSC)C(=O)O)[n+]1[c-]n2ccccc2c1,-11.3472,-9.292011
CC[C@H](C)[C@@H](C(=O)N[C@@H](CC(N)=O)C(=O)N[C@@H](Cc1c[nH]cn1)C(=O)O)[n+]1[c-]n2ccccc2c1,-4.9718,-6.7454176
CC[C@H](C)[C@@H](C(=O)N[C@@H](CCC(=O)O)C(=O)N[C@@H](C)C(=O)O)[n+]1[c-]n2ccccc2c1,-10.5105,-8.456839
CC[C@H](C)[C@@H](C(=O)N[C@@H](CCC(=O)O)C(=O)N[C@@H](CC(C)C)C(=O)O)[n+]1[c-]n2ccccc2c1,-10.1547,-8.232911
CC[C@H](C)[C@@H](C(=O)N[C@@H](CCC(=O)O)C(=O)N[C@@H](CCCNC(=N)N)C(=O)O)[n+]1[c-]n2ccccc2c1,-4.7984,-9.574607
CC[C@H](C)[C@@H](C(=O)N[C@@H](CCC(N)=O)C(=O)NCC(=O)O)[n+]1[c-]n2ccccc2c1,-9.7095,-8.047194
CC[C@H](C)[C@@H](C(=O)N[C@@H](CCC(N)=O)C(=O)N[C@@H](C)C(=O)O)[n+]1[c-]n2ccccc2c1,-11.6273,-8.128218
CC[C@H](C)[C@@H](C(=O)N[C@@H](CCC(N)=O)C(=O)N[C@@H](CC(C)C)C(=O)O)[n+]1[c-]n2ccccc2c1,-9.8076,-7.6965656
CC[C@H](C)[C@@H](C(=O)N[C@@H](CCC(N)=O)C(=O)N[C@@H](CS)C(=O)O)[n+]1[c-]n2ccccc2c1,-11.61,-10.60634
CC[C@H](C)[C@@H](C(=O)N[C@@H](CCC(N)=O)C(=O)N[C@@H](Cc1ccc(O)cc1)C(=O)O)[n+]1[c-]n2ccccc2c1,-20.075,-10.035281
CC[C@H](C)[C@@H](C(=O)N[C@@H](CCCNC(=N)N)C(=O)NCC(=O)O)[n+]1[c-]n2ccccc2c1,-11.8765,-9.227051
CC[C@H](C)[C@@H](C(=O)N[C@@H](CCCNC(=N)N)C(=O)N[C@@H](Cc1c[nH]c2ccccc12)C(=O)O)[n+]1[c-]n2ccccc2c1,-2.7281,-10.223995
CC[C@H](C)[C@@H](C(=O)N[C@@H](CCCNC(=N)N)C(=O)O)[n+]1[c-]n2ccccc2c1,-12.6737,-10.843783
CC[C@H](C)[C@@H](C(=O)N[C@@H](CCSC)C(=O)N[C@@H](CC(=O)O)C(=O)O)[n+]1[c-]n2ccccc2c1,-13.7176,-9.19781
CC[C@H](C)[C@@H](C(=O)N[C@@H](CCSC)C(=O)N[C@@H](Cc1c[nH]c2ccccc12)C(=O)O)[n+]1[c-]n2ccccc2c1,-16.1204,-12.132017
CC[C@H](C)[C@@H](C(=O)N[C@@H](CO)C(=O)N[C@@H](CC(=O)O)C(=O)O)[n+]1[c-]n2ccccc2c1,-14.0863,-11.034874
CC[C@H](C)[C@@H](C(=O)N[C@@H](CO)C(=O)N[C@@H](CC(C)C)C(=O)O)[n+]1[c-]n2ccccc2c1,0.579,-6.08567
CC[C@H](C)[C@@H](C(=O)N[C@@H](CO)C(=O)N[C@@H](CCC(N)=O)C(=O)O)[n+]1[c-]n2ccccc2c1,-13.1568,-12.919772
CC[C@H](C)[C@@H](C(=O)N[C@@H](CO)C(=O)N[C@@H](Cc1c[nH]cn1)C(=O)O)[n+]1[c-]n2ccccc2c1,-4.3051,-12.33762
CC[C@H](C)[C@@H](C(=O)N[C@@H](CO)C(=O)O)[n+]1[c-]n2ccccc2c1,-5.9527,-7.6066027
CC[C@H](C)[C@@H](C(=O)N[C@@H](CS)C(=O)NCC(=O)O)[n+]1[c-]n2ccccc2c1,-2.1207,-7.232463
CC[C@H](C)[C@@H](C(=O)N[C@@H](Cc1c[nH]c2ccccc12)C(=O)N[C@@H](CC(C)C)C(=O)O)[n+]1[c-]n2ccccc2c1,-5.6748,-6.2173486
CC[C@H](C)[C@@H](C(=O)N[C@@H](Cc1c[nH]c2ccccc12)C(=O)N[C@@H](CS)C(=O)O)[n+]1[c-]n2ccccc2c1,-6.2829,-5.8528767
CC[C@H](C)[C@@H](C(=O)N[C@@H](Cc1c[nH]c2ccccc12)C(=O)N[C@@H](Cc1c[nH]c2ccccc12)C(=O)O)[n+]1[c-]n2ccccc2c1,-10.253,-7.50385
CC[C@H](C)[C@@H](C(=O)N[C@@H](Cc1c[nH]c2ccccc12)C(=O)N[C@H](C(=O)O)C(C)C)[n+]1[c-]n2ccccc2c1,-7.9739,-6.0201674
CC[C@H](C)[C@@H](C(=O)N[C@@H](Cc1c[nH]c2ccccc12)C(=O)N[C@H](C(=O)O)[C@@H](C)O)[n+]1[c-]n2ccccc2c1,-15.3804,-8.520697
CC[C@H](C)[C@@H](C(=O)N[C@@H](Cc1c[nH]cn1)C(=O)N[C@@H](CCCNC(=N)N)C(=O)O)[n+]1[c-]n2ccccc2c1,-12.1228,-9.063593
CC[C@H](C)[C@@H](C(=O)N[C@@H](Cc1c[nH]cn1)C(=O)N[C@@H](CS)C(=O)O)[n+]1[c-]n2ccccc2c1,-9.8509,-6.115741
CC[C@H](C)[C@@H](C(=O)N[C@@H](Cc1c[nH]cn1)C(=O)N[C@@H](Cc1c[nH]c2ccccc12)C(=O)O)[n+]1[c-]n2ccccc2c1,-19.0161,-12.747879
CC[C@H](C)[C@@H](C(=O)N[C@@H](Cc1c[nH]cn1)C(=O)N[C@@H](Cc1c[nH]cn1)C(=O)O)[n+]1[c-]n2ccccc2c1,-6.762,-10.564263
CC[C@H](C)[C@@H](C(=O)N[C@@H](Cc1c[nH]cn1)C(=O)N[C@@H](Cc1ccccc1)C(=O)O)[n+]1[c-]n2ccccc2c1,-6.624,-8.307154
CC[C@H](C)[C@@H](C(=O)N[C@@H](Cc1ccc(O)cc1)C(=O)N[C@@H](C)C(=O)O)[n+]1[c-]n2ccccc2c1,-4.7245,-6.4004765
CC[C@H](C)[C@@H](C(=O)N[C@@H](Cc1ccc(O)cc1)C(=O)N[C@@H](CC(C)C)C(=O)O)[n+]1[c-]n2ccccc2c1,-5.0005,-8.602098
CC[C@H](C)[C@@H](C(=O)N[C@@H](Cc1ccc(O)cc1)C(=O)O)[n+]1[c-]n2ccccc2c1,-6.9004,-7.467181
CC[C@H](C)[C@@H](C(=O)N[C@@H](Cc1ccccc1)C(=O)NCC(=O)O)[n+]1[c-]n2ccccc2c1,-9.3485,-5.8688183
CC[C@H](C)[C@@H](C(=O)N[C@@H](Cc1ccccc1)C(=O)N[C@H](C(=O)O)C(C)C)[n+]1[c-]n2ccccc2c1,-7.2634,-5.34436
CC[C@H](C)[C@@H](C(=O)N[C@H](C(=O)N1CCC[C@H]1C(=O)O)[C@@H](C)O)[n+]1[c-]n2ccccc2c1,-7.2887,-7.355901
CC[C@H](C)[C@@H](C(=O)N[C@H](C(=O)N[C@@H](CC(=O)O)C(=O)O)C(C)C)[n+]1[c-]n2ccccc2c1,-5.0736,-6.2795525
CC[C@H](C)[C@@H](C(=O)N[C@H](C(=O)N[C@@H](CC(C)C)C(=O)O)C(C)C)[n+]1[c-]n2ccccc2c1,-5.0759,-3.994816
CC[C@H](C)[C@@H](C(=O)N[C@H](C(=O)N[C@@H](CCCNC(=N)N)C(=O)O)[C@@H](C)O)[n+]1[c-]n2ccccc2c1,-5.1174,-8.196459
CC[C@H](C)[C@@H](C(=O)N[C@H](C(=O)N[C@@H](CO)C(=O)O)[C@@H](C)O)[n+]1[c-]n2ccccc2c1,-9.3773,-8.911753
CC[C@H](C)[C@@H](C(=O)N[C@H](C(=O)N[C@@H](CS)C(=O)O)C(C)C)[n+]1[c-]n2ccccc2c1,-6.8301,-6.4153695
CC[C@H](C)[C@@H](C(=O)N[C@H](C(=O)N[C@@H](Cc1c[nH]cn1)C(=O)O)[C@@H](C)O)[n+]1[c-]n2ccccc2c1,-11.5309,-13.303862
CC[C@H](C)[C@@H](C(=O)N[C@H](C(=O)N[C@@H](Cc1ccccc1)C(=O)O)C(C)C)[n+]1[c-]n2ccccc2c1,-5.6032,-5.4767632
CC[C@H](C)[C@@H](C(=O)N[C@H](C(=O)N[C@H](C(=O)O)C(C)C)C(C)C)[n+]1[c-]n2ccccc2c1,-6.3884,-3.8049016
CC[C@H](C)[C@@H](C(=O)N[C@H](C(=O)N[C@H](C(=O)O)C(C)C)[C@@H](C)O)[n+]1[c-]n2ccccc2c1,0.3137,-4.3193126
CC[C@H](C)[C@H](NC(=O)CNC(=O)[C@H](C)[n+]1[c-]n2ccccc2c1)C(=O)O,-5.7888,-7.94599
CC[C@H](C)[C@H](NC(=O)CNC(=O)[C@H](CO)[n+]1[c-]n2ccccc2c1)C(=O)O,-7.2566,-9.693259
CC[C@H](C)[C@H](NC(=O)CNC(=O)[C@H]([C@@H](C)CC)[n+]1[c-]n2ccccc2c1)C(=O)O,-6.4794,-6.338554
CC[C@H](C)[C@H](NC(=O)C[n+]1[c-]n2ccccc2c1)C(=O)N[C@@H](CC(N)=O)C(=O)O,-11.2645,-12.038131
CC[C@H](C)[C@H](NC(=O)C[n+]1[c-]n2ccccc2c1)C(=O)N[C@@H](CCC(=O)O)C(=O)O,-12.2694,-11.478388
CC[C@H](C)[C@H](NC(=O)C[n+]1[c-]n2ccccc2c1)C(=O)N[C@@H](CO)C(=O)O,-5.8275,-12.05888
CC[C@H](C)[C@H](NC(=O)C[n+]1[c-]n2ccccc2c1)C(=O)N[C@@H](CS)C(=O)O,-11.0127,-13.336176
CC[C@H](C)[C@H](NC(=O)C[n+]1[c-]n2ccccc2c1)C(=O)N[C@@H](Cc1c[nH]c2ccccc12)C(=O)O,-15.3299,-13.172386
CC[C@H](C)[C@H](NC(=O)C[n+]1[c-]n2ccccc2c1)C(=O)N[C@@H](Cc1ccccc1)C(=O)O,-12.8381,-11.740584
CC[C@H](C)[C@H](NC(=O)[C@@H](NC(=O)[C@H](C)[n+]1[c-]n2ccccc2c1)[C@@H](C)CC)C(=O)O,-3.2137,-3.8858142
CC[C@H](C)[C@H](NC(=O)[C@@H](NC(=O)[C@H](CC(N)=O)[n+]1[c-]n2ccccc2c1)C(C)C)C(=O)O,-5.8756,-3.7094018
CC[C@H](C)[C@H](NC(=O)[C@@H](NC(=O)[C@H](CCC(=O)O)[n+]1[c-]n2ccccc2c1)[C@@H](C)O)C(=O)O,2.4691,-4.406617
CC[C@H](C)[C@H](NC(=O)[C@@H](NC(=O)[C@H](CCC(N)=O)[n+]1[c-]n2ccccc2c1)C(C)C)C(=O)O,-4.601,-6.9564915
CC[C@H](C)[C@H](NC(=O)[C@@H](NC(=O)[C@H](Cc1c[nH]c2ccccc12)[n+]1[c-]n2ccccc2c1)[C@@H](C)CC)C(=O)O,1.3337,-3.6666512
CC[C@H](C)[C@H](NC(=O)[C@@H](NC(=O)[C@H](Cc1c[nH]cn1)[n+]1[c-]n2ccccc2c1)C(C)C)C(=O)O,-7.4052,-5.129465
CC[C@H](C)[C@H](NC(=O)[C@@H](NC(=O)[C@H](Cc1ccccc1)[n+]1[c-]n2ccccc2c1)[C@@H](C)CC)C(=O)O,-7.8663,-6.524794
CC[C@H](C)[C@H](NC(=O)[C@@H](NC(=O)[C@H]([C@@H](C)CC)[n+]1[c-]n2ccccc2c1)[C@@H](C)O)C(=O)O,-3.3108,-6.4259596
CC[C@H](C)[C@H](NC(=O)[C@@H]1CCCN1C(=O)C[n+]1[c-]n2ccccc2c1)C(=O)O,-10.646,-10.387762
CC[C@H](C)[C@H](NC(=O)[C@@H]1CCCN1C(=O)[C@H](C)[n+]1[c-]n2ccccc2c1)C(=O)O,-7.0022,-4.162101
CC[C@H](C)[C@H](NC(=O)[C@@H]1CCCN1C(=O)[C@H](CC(C)C)[n+]1[c-]n2ccccc2c1)C(=O)O,-2.712,-4.3326626
CC[C@H](C)[C@H](NC(=O)[C@@H]1CCCN1C(=O)[C@H]([C@@H](C)CC)[n+]1[c-]n2ccccc2c1)C(=O)O,-7.3453,-5.3299823
CC[C@H](C)[C@H](NC(=O)[C@H](C(C)C)[n+]1[c-]n2ccccc2c1)C(=O)N[C@@H](Cc1c[nH]cn1)C(=O)O,-1.9705,-3.988325
CC[C@H](C)[C@H](NC(=O)[C@H](C(C)C)[n+]1[c-]n2ccccc2c1)C(=O)N[C@@H](Cc1ccc(O)cc1)C(=O)O,-8.8588,-6.0126796
CC[C@H](C)[C@H](NC(=O)[C@H](C)NC(=O)C[n+]1[c-]n2ccccc2c1)C(=O)O,-11.3055,-11.951316
CC[C@H](C)[C@H](NC(=O)[C@H](C)NC(=O)[C@H](CCC(N)=O)[n+]1[c-]n2ccccc2c1)C(=O)O,-3.7245,-5.6761656
CC[C@H](C)[C@H](NC(=O)[C@H](C)NC(=O)[C@H](Cc1c[nH]cn1)[n+]1[c-]n2ccccc2c1)C(=O)O,-8.5354,-8.91501
CC[C@H](C)[C@H](NC(=O)[C@H](C)NC(=O)[C@H](Cc1ccc(O)cc1)[n+]1[c-]n2ccccc2c1)C(=O)O,-4.5218,-4.449009
CC[C@H](C)[C@H](NC(=O)[C@H](C)NC(=O)[C@H](Cc1ccccc1)[n+]1[c-]n2ccccc2c1)C(=O)O,-5.1216,-3.419026
CC[C@H](C)[C@H](NC(=O)[C@H](C)[n+]1[c-]n2ccccc2c1)C(=O)N[C@@H](Cc1ccc(O)cc1)C(=O)O,-9.3065,-10.00853
CC[C@H](C)[C@H](NC(=O)[C@H](CC(=O)O)NC(=O)C[n+]1[c-]n2ccccc2c1)C(=O)O,-6.1364,-11.03694
CC[C@H](C)[C@H](NC(=O)[C@H](CC(=O)O)NC(=O)[C@H](C(C)C)[n+]1[c-]n2ccccc2c1)C(=O)O,-4.8719,-7.0262904
CC[C@H](C)[C@H](NC(=O)[C@H](CC(=O)O)NC(=O)[C@H](CCC(=O)O)[n+]1[c-]n2ccccc2c1)C(=O)O,0.8391,-3.6725972
CC[C@H](C)[C@H](NC(=O)[C@H](CC(=O)O)NC(=O)[C@H](CS)[n+]1[c-]n2ccccc2c1)C(=O)O,3.4105,-2.7999597
CC[C@H](C)[C@H](NC(=O)[C@H](CC(=O)O)NC(=O)[C@H](Cc1ccc(O)cc1)[n+]1[c-]n2ccccc2c1)C(=O)O,0.1322,-7.308846
CC[C@H](C)[C@H](NC(=O)[C@H](CC(=O)O)NC(=O)[C@H]([C@@H](C)CC)[n+]1[c-]n2ccccc2c1)C(=O)O,-6.8442,-6.764732
CC[C@H](C)[C@H](NC(=O)[C@H](CC(=O)O)[n+]1[c-]n2ccccc2c1)C(=O)N[C@@H](CC(N)=O)C(=O)O,-16.3492,-7.0864334
CC[C@H](C)[C@H](NC(=O)[C@H](CC(C)C)NC(=O)[C@H](C(C)C)[n+]1[c-]n2ccccc2c1)C(=O)O,-5.3587,-6.327636
CC[C@H](C)[C@H](NC(=O)[C@H](CC(C)C)NC(=O)[C@H](CC(C)C)[n+]1[c-]n2ccccc2c1)C(=O)O,-4.5373,-4.0257654
CC[C@H](C)[C@H](NC(=O)[C@H](CC(C)C)NC(=O)[C@H](Cc1ccccc1)[n+]1[c-]n2ccccc2c1)C(=O)O,-5.7664,-7.1523824
CC[C@H](C)[C@H](NC(=O)[C@H](CC(C)C)NC(=O)[C@H]([C@@H](C)CC)[n+]1[c-]n2ccccc2c1)C(=O)O,-5.3964,-4.644904
CC[C@H](C)[C@H](NC(=O)[C@H](CC(C)C)[n+]1[c-]n2ccccc2c1)C(=O)N[C@@H](CC(N)=O)C(=O)O,-2.9568,-7.0716867
CC[C@H](C)[C@H](NC(=O)[C@H](CC(C)C)[n+]1[c-]n2ccccc2c1)C(=O)N[C@@H](CCC(N)=O)C(=O)O,-11.103,-9.978421
CC[C@H](C)[C@H](NC(=O)[C@H](CC(N)=O)NC(=O)[C@H](C(C)C)[n+]1[c-]n2ccccc2c1)C(=O)O,-10.0592,-6.6482563
CC[C@H](C)[C@H](NC(=O)[C@H](CC(N)=O)NC(=O)[C@H](C)[n+]1[c-]n2ccccc2c1)C(=O)O,-0.1305,-9.579496
CC[C@H](C)[C@H](NC(=O)[C@H](CC(N)=O)NC(=O)[C@H](CCCNC(=N)N)[n+]1[c-]n2ccccc2c1)C(=O)O,-11.984,-9.255289
CC[C@H](C)[C@H](NC(=O)[C@H](CC(N)=O)NC(=O)[C@H](CO)[n+]1[c-]n2ccccc2c1)C(=O)O,-9.3411,-7.1976385
CC[C@H](C)[C@H](NC(=O)[C@H](CC(N)=O)NC(=O)[C@H]([C@@H](C)O)[n+]1[c-]n2ccccc2c1)C(=O)O,-4.861,-9.730525
CC[C@H](C)[C@H](NC(=O)[C@H](CC(N)=O)[n+]1[c-]n2ccccc2c1)C(=O)N[C@@H](C)C(=O)O,-4.8976,-5.076903
CC[C@H](C)[C@H](NC(=O)[C@H](CC(N)=O)[n+]1[c-]n2ccccc2c1)C(=O)N[C@H](C(=O)O)[C@@H](C)O,-4.5235,-4.5898514
CC[C@H](C)[C@H](NC(=O)[C@H](CCC(=O)O)NC(=O)[C@H](CC(C)C)[n+]1[c-]n2ccccc2c1)C(=O)O,-12.0891,-8.591883
CC[C@H](C)[C@H](NC(=O)[C@H](CCC(=O)O)NC(=O)[C@H](CCCNC(=N)N)[n+]1[c-]n2ccccc2c1)C(=O)O,-15.0165,-8.901021
CC[C@H](C)[C@H](NC(=O)[C@H](CCC(=O)O)NC(=O)[C@H](Cc1c[nH]c2ccccc12)[n+]1[c-]n2ccccc2c1)C(=O)O,-12.2291,-9.75983
CC[C@H](C)[C@H](NC(=O)[C@H](CCC(=O)O)[n+]1[c-]n2ccccc2c1)C(=O)N1CCC[C@H]1C(=O)O,-2.839,-5.408278
CC[C@H](C)[C@H](NC(=O)[C@H](CCC(=O)O)[n+]1[c-]n2ccccc2c1)C(=O)N[C@@H](CC(=O)O)C(=O)O,-10.2373,-7.4331765
CC[C@H](C)[C@H](NC(=O)[C@H](CCC(=O)O)[n+]1[c-]n2ccccc2c1)C(=O)N[C@@H](Cc1c[nH]cn1)C(=O)O,-2.291,-4.069925
CC[C@H](C)[C@H](NC(=O)[C@H](CCC(=O)O)[n+]1[c-]n2ccccc2c1)C(=O)N[C@@H](Cc1ccc(O)cc1)C(=O)O,-6.6471,-7.7029843
CC[C@H](C)[C@H](NC(=O)[C@H](CCC(N)=O)NC(=O)[C@H](CC(=O)O)[n+]1[c-]n2ccccc2c1)C(=O)O,-15.9925,-10.394159
CC[C@H](C)[C@H](NC(=O)[C@H](CCC(N)=O)NC(=O)[C@H](CC(N)=O)[n+]1[c-]n2ccccc2c1)C(=O)O,-14.454,-6.6456
CC[C@H](C)[C@H](NC(=O)[C@H](CCC(N)=O)NC(=O)[C@H](CCC(N)=O)[n+]1[c-]n2ccccc2c1)C(=O)O,-18.2566,-9.700247
CC[C@H](C)[C@H](NC(=O)[C@H](CCC(N)=O)NC(=O)[C@H](Cc1ccc(O)cc1)[n+]1[c-]n2ccccc2c1)C(=O)O,-12.4904,-9.224828
CC[C@H](C)[C@H](NC(=O)[C@H](CCC(N)=O)[n+]1[c-]n2ccccc2c1)C(=O)N[C@@H](CS)C(=O)O,-3.9213,-4.203962
CC[C@H](C)[C@H](NC(=O)[C@H](CCC(N)=O)[n+]1[c-]n2ccccc2c1)C(=O)N[C@@H](Cc1c[nH]c2ccccc12)C(=O)O,-9.1916,-5.1060705
CC[C@H](C)[C@H](NC(=O)[C@H](CCC(N)=O)[n+]1[c-]n2ccccc2c1)C(=O)N[C@H](C(=O)O)[C@@H](C)O,-4.5354,-6.1073008
CC[C@H](C)[C@H](NC(=O)[C@H](CCCNC(=N)N)NC(=O)[C@H](CCC(N)=O)[n+]1[c-]n2ccccc2c1)C(=O)O,-11.4367,-10.089655
CC[C@H](C)[C@H](NC(=O)[C@H](CCCNC(=N)N)NC(=O)[C@H](CCCNC(=N)N)[n+]1[c-]n2ccccc2c1)C(=O)O,-1.6151,-7.804435
CC[C@H](C)[C@H](NC(=O)[C@H](CCCNC(=N)N)[n+]1[c-]n2ccccc2c1)C(=O)N[C@@H](CC(C)C)C(=O)O,-5.452,-1.5059953
CC[C@H](C)[C@H](NC(=O)[C@H](CCCNC(=N)N)[n+]1[c-]n2ccccc2c1)C(=O)N[C@@H](CCC(=O)O)C(=O)O,-1.7147,-6.0085287
CC[C@H](C)[C@H](NC(=O)[C@H](CCCNC(=N)N)[n+]1[c-]n2ccccc2c1)C(=O)N[C@@H](CO)C(=O)O,-10.5244,-7.885711
CC[C@H](C)[C@H](NC(=O)[C@H](CCCNC(=N)N)[n+]1[c-]n2ccccc2c1)C(=O)N[C@@H](Cc1ccc(O)cc1)C(=O)O,-13.132,-8.150555
CC[C@H](C)[C@H](NC(=O)[C@H](CCCNC(=N)N)[n+]1[c-]n2ccccc2c1)C(=O)N[C@H](C(=O)O)[C@@H](C)O,-12.2593,-5.0990934
CC[C@H](C)[C@H](NC(=O)[C@H](CCSC)NC(=O)[C@H](CC(=O)O)[n+]1[c-]n2ccccc2c1)C(=O)O,-8.0904,-8.578749
CC[C@H](C)[C@H](NC(=O)[C@H](CCSC)NC(=O)[C@H](CCC(N)=O)[n+]1[c-]n2ccccc2c1)C(=O)O,-2.3345,-6.6620717
CC[C@H](C)[C@H](NC(=O)[C@H](CCSC)NC(=O)[C@H](CCCNC(=N)N)[n+]1[c-]n2ccccc2c1)C(=O)O,-6.0027,-7.8181734
CC[C@H](C)[C@H](NC(=O)[C@H](CCSC)NC(=O)[C@H](CO)[n+]1[c-]n2ccccc2c1)C(=O)O,-1.0294,-5.136422
CC[C@H](C)[C@H](NC(=O)[C@H](CCSC)NC(=O)[C@H]([C@@H](C)CC)[n+]1[c-]n2ccccc2c1)C(=O)O,-4.3447,-6.2793374
CC[C@H](C)[C@H](NC(=O)[C@H](CCSC)NC(=O)[C@H]([C@@H](C)O)[n+]1[c-]n2ccccc2c1)C(=O)O,-3.6787,-8.039673
CC[C@H](C)[C@H](NC(=O)[C@H](CCSC)[n+]1[c-]n2ccccc2c1)C(=O)N[C@@H](C)C(=O)O,-1.5707,-3.0515237
CC[C@H](C)[C@H](NC(=O)[C@H](CCSC)[n+]1[c-]n2ccccc2c1)C(=O)N[C@@H](CC(N)=O)C(=O)O,-9.8879,-9.360278
CC[C@H](C)[C@H](NC(=O)[C@H](CCSC)[n+]1[c-]n2ccccc2c1)C(=O)N[C@@H](CCCNC(=N)N)C(=O)O,-2.5871,-8.145357
CC[C@H](C)[C@H](NC(=O)[C@H](CCSC)[n+]1[c-]n2ccccc2c1)C(=O)N[C@@H](Cc1c[nH]c2ccccc12)C(=O)O,-10.0802,-8.786318
CC[C@H](C)[C@H](NC(=O)[C@H](CO)NC(=O)[C@H](C(C)C)[n+]1[c-]n2ccccc2c1)C(=O)O,-2.153,-4.4487286
CC[C@H](C)[C@H](NC(=O)[C@H](CO)NC(=O)[C@H](C)[n+]1[c-]n2ccccc2c1)C(=O)O,-4.1629,-5.8554487
CC[C@H](C)[C@H](NC(=O)[C@H](CO)NC(=O)[C@H](CCC(=O)O)[n+]1[c-]n2ccccc2c1)C(=O)O,0.9035,-3.5253844
CC[C@H](C)[C@H](NC(=O)[C@H](CO)NC(=O)[C@H](Cc1ccc(O)cc1)[n+]1[c-]n2ccccc2c1)C(=O)O,2.6278,-9.314759
CC[C@H](C)[C@H](NC(=O)[C@H](CO)[n+]1[c-]n2ccccc2c1)C(=O)N1CCC[C@H]1C(=O)O,-6.4813,-6.991502
CC[C@H](C)[C@H](NC(=O)[C@H](CO)[n+]1[c-]n2ccccc2c1)C(=O)NCC(=O)O,-5.559,-3.990051
CC[C@H](C)[C@H](NC(=O)[C@H](CO)[n+]1[c-]n2ccccc2c1)C(=O)N[C@@H](Cc1c[nH]c2ccccc12)C(=O)O,-5.691,-8.537958
CC[C@H](C)[C@H](NC(=O)[C@H](CO)[n+]1[c-]n2ccccc2c1)C(=O)N[C@@H](Cc1ccc(O)cc1)C(=O)O,-12.368,-8.442217
CC[C@H](C)[C@H](NC(=O)[C@H](CS)NC(=O)[C@H](CC(C)C)[n+]1[c-]n2ccccc2c1)C(=O)O,-1.3589,-7.515331
CC[C@H](C)[C@H](NC(=O)[C@H](CS)NC(=O)[C@H](CCSC)[n+]1[c-]n2ccccc2c1)C(=O)O,-4.8432,-5.1443872
CC[C@H](C)[C@H](NC(=O)[C@H](CS)NC(=O)[C@H](Cc1c[nH]c2ccccc12)[n+]1[c-]n2ccccc2c1)C(=O)O,-2.151,-8.122543
CC[C@H](C)[C@H](NC(=O)[C@H](CS)NC(=O)[C@H](Cc1c[nH]cn1)[n+]1[c-]n2ccccc2c1)C(=O)O,-1.9694,-7.7869377
CC[C@H](C)[C@H](NC(=O)[C@H](CS)NC(=O)[C@H](Cc1ccc(O)cc1)[n+]1[c-]n2ccccc2c1)C(=O)O,-8.9391,-7.9659433
CC[C@H](C)[C@H](NC(=O)[C@H](CS)[n+]1[c-]n2ccccc2c1)C(=O)N[C@@H](Cc1c[nH]cn1)C(=O)O,-8.5765,-8.835135
CC[C@H](C)[C@H](NC(=O)[C@H](CS)[n+]1[c-]n2ccccc2c1)C(=O)N[C@H](C(=O)O)[C@@H](C)O,-1.0319,-6.6079197
CC[C@H](C)[C@H](NC(=O)[C@H](CS)[n+]1[c-]n2ccccc2c1)C(=O)O,-7.7298,-6.394048
CC[C@H](C)[C@H](NC(=O)[C@H](Cc1c[nH]c2ccccc12)NC(=O)[C@H](CC(=O)O)[n+]1[c-]n2ccccc2c1)C(=O)O,-7.6988,-5.717181
CC[C@H](C)[C@H](NC(=O)[C@H](Cc1c[nH]c2ccccc12)NC(=O)[C@H](CCSC)[n+]1[c-]n2ccccc2c1)C(=O)O,-7.2134,-6.717878
CC[C@H](C)[C@H](NC(=O)[C@H](Cc1c[nH]c2ccccc12)NC(=O)[C@H](CO)[n+]1[c-]n2ccccc2c1)C(=O)O,-3.0139,-7.6975813
CC[C@H](C)[C@H](NC(=O)[C@H](Cc1c[nH]c2ccccc12)NC(=O)[C@H](Cc1c[nH]c2ccccc12)[n+]1[c-]n2ccccc2c1)C(=O)O,-5.0469,-9.689514
CC[C@H](C)[C@H](NC(=O)[C@H](Cc1c[nH]c2ccccc12)NC(=O)[C@H](Cc1ccc(O)cc1)[n+]1[c-]n2ccccc2c1)C(=O)O,-3.9345,-9.852135
CC[C@H](C)[C@H](NC(=O)[C@H](Cc1c[nH]c2ccccc12)NC(=O)[C@H](Cc1ccccc1)[n+]1[c-]n2ccccc2c1)C(=O)O,-3.4416,-6.5647097
CC[C@H](C)[C@H](NC(=O)[C@H](Cc1c[nH]c2ccccc12)[n+]1[c-]n2ccccc2c1)C(=O)N[C@@H](CO)C(=O)O,-4.2935,-5.319421
CC[C@H](C)[C@H](NC(=O)[C@H](Cc1c[nH]cn1)NC(=O)C[n+]1[c-]n2ccccc2c1)C(=O)O,-10.1164,-11.970977
CC[C@H](C)[C@H](NC(=O)[C@H](Cc1c[nH]cn1)NC(=O)[C@H](CC(C)C)[n+]1[c-]n2ccccc2c1)C(=O)O,-2.8022,-7.129506
CC[C@H](C)[C@H](NC(=O)[C@H](Cc1c[nH]cn1)NC(=O)[C@H](CCCNC(=N)N)[n+]1[c-]n2ccccc2c1)C(=O)O,-8.0294,-7.7178307
CC[C@H](C)[C@H](NC(=O)[C@H](Cc1c[nH]cn1)NC(=O)[C@H](Cc1ccc(O)cc1)[n+]1[c-]n2ccccc2c1)C(=O)O,-8.7431,-7.5138693
CC[C@H](C)[C@H](NC(=O)[C@H](Cc1c[nH]cn1)NC(=O)[C@H]([C@@H](C)O)[n+]1[c-]n2ccccc2c1)C(=O)O,-12.9523,-9.860914
CC[C@H](C)[C@H](NC(=O)[C@H](Cc1c[nH]cn1)[n+]1[c-]n2ccccc2c1)C(=O)N[C@@H](CC(=O)O)C(=O)O,-4.2086,-6.440874
CC[C@H](C)[C@H](NC(=O)[C@H](Cc1c[nH]cn1)[n+]1[c-]n2ccccc2c1)C(=O)N[C@@H](CC(N)=O)C(=O)O,-8.8779,-9.165652
CC[C@H](C)[C@H](NC(=O)[C@H](Cc1c[nH]cn1)[n+]1[c-]n2ccccc2c1)C(=O)N[C@@H](CO)C(=O)O,-4.9737,-7.4837923
CC[C@H](C)[C@H](NC(=O)[C@H](Cc1c[nH]cn1)[n+]1[c-]n2ccccc2c1)C(=O)N[C@@H](Cc1c[nH]c2ccccc12)C(=O)O,-12.5152,-10.986639
CC[C@H](C)[C@H](NC(=O)[C@H](Cc1c[nH]cn1)[n+]1[c-]n2ccccc2c1)C(=O)N[C@@H](Cc1ccc(O)cc1)C(=O)O,-6.2905,-8.198927
CC[C@H](C)[C@H](NC(=O)[C@H](Cc1ccc(O)cc1)NC(=O)[C@H](CC(=O)O)[n+]1[c-]n2ccccc2c1)C(=O)O,-12.9572,-8.474438
CC[C@H](C)[C@H](NC(=O)[C@H](Cc1ccc(O)cc1)NC(=O)[C@H](CCC(N)=O)[n+]1[c-]n2ccccc2c1)C(=O)O,-10.9049,-9.171089
CC[C@H](C)[C@H](NC(=O)[C@H](Cc1ccc(O)cc1)NC(=O)[C@H](Cc1c[nH]c2ccccc12)[n+]1[c-]n2ccccc2c1)C(=O)O,-6.0646,-8.326854
CC[C@H](C)[C@H](NC(=O)[C@H](Cc1ccc(O)cc1)NC(=O)[C@H]([C@@H](C)CC)[n+]1[c-]n2ccccc2c1)C(=O)O,-3.3602,-7.6887646
CC[C@H](C)[C@H](NC(=O)[C@H](Cc1ccc(O)cc1)[n+]1[c-]n2ccccc2c1)C(=O)N1CCC[C@H]1C(=O)O,-6.0548,-6.7009525
CC[C@H](C)[C@H](NC(=O)[C@H](Cc1ccc(O)cc1)[n+]1[c-]n2ccccc2c1)C(=O)N[C@@H](CC(N)=O)C(=O)O,-13.9818,-6.882698
CC[C@H](C)[C@H](NC(=O)[C@H](Cc1ccccc1)NC(=O)[C@H](C(C)C)[n+]1[c-]n2ccccc2c1)C(=O)O,-12.3578,-7.303972
CC[C@H](C)[C@H](NC(=O)[C@H](Cc1ccccc1)NC(=O)[C@H](CC(C)C)[n+]1[c-]n2ccccc2c1)C(=O)O,-6.9909,-6.1334095
CC[C@H](C)[C@H](NC(=O)[C@H](Cc1ccccc1)NC(=O)[C@H](CCC(N)=O)[n+]1[c-]n2ccccc2c1)C(=O)O,-0.0561,-5.025388
CC[C@H](C)[C@H](NC(=O)[C@H](Cc1ccccc1)NC(=O)[C@H](CCCNC(=N)N)[n+]1[c-]n2ccccc2c1)C(=O)O,-14.0751,-8.1322975
CC[C@H](C)[C@H](NC(=O)[C@H](Cc1ccccc1)NC(=O)[C@H](CS)[n+]1[c-]n2ccccc2c1)C(=O)O,-5.0252,-6.1610537
CC[C@H](C)[C@H](NC(=O)[C@H](Cc1ccccc1)NC(=O)[C@H](Cc1ccc(O)cc1)[n+]1[c-]n2ccccc2c1)C(=O)O,-7.077,-9.61491
CC[C@H](C)[C@H](NC(=O)[C@H](Cc1ccccc1)NC(=O)[C@H](Cc1ccccc1)[n+]1[c-]n2ccccc2c1)C(=O)O,-4.6137,-4.928076
CC[C@H](C)[C@H](NC(=O)[C@H](Cc1ccccc1)[n+]1[c-]n2ccccc2c1)C(=O)N[C@@H](C)C(=O)O,-6.9635,-7.1493526
CC[C@H](C)[C@H](NC(=O)[C@H](Cc1ccccc1)[n+]1[c-]n2ccccc2c1)C(=O)N[C@@H](CC(N)=O)C(=O)O,-10.482,-8.643724
CC[C@H](C)[C@H](NC(=O)[C@H](Cc1ccccc1)[n+]1[c-]n2ccccc2c1)C(=O)N[C@@H](CCCNC(=N)N)C(=O)O,-4.6778,-9.651123
CC[C@H](C)[C@H](NC(=O)[C@H](Cc1ccccc1)[n+]1[c-]n2ccccc2c1)C(=O)N[C@@H](Cc1ccc(O)cc1)C(=O)O,-5.681,-10.98674
CC[C@H](C)[C@H](NC(=O)[C@H](Cc1ccccc1)[n+]1[c-]n2ccccc2c1)C(=O)O,1.8532,-5.7472296
CC[C@H](C)[C@H](NC(=O)[C@H]([C@@H](C)CC)[n+]1[c-]n2ccccc2c1)C(=O)N[C@@H](CCC(N)=O)C(=O)O,-11.7963,-7.880514
CC[C@H](C)[C@H](NC(=O)[C@H]([C@@H](C)CC)[n+]1[c-]n2ccccc2c1)C(=O)N[C@@H](CS)C(=O)O,-3.4522,-6.945897
CC[C@H](C)[C@H](NC(=O)[C@H]([C@@H](C)CC)[n+]1[c-]n2ccccc2c1)C(=O)N[C@@H](Cc1c[nH]cn1)C(=O)O,-5.8978,-7.742515
CC[C@H](C)[C@H](NC(=O)[C@H]([C@@H](C)CC)[n+]1[c-]n2ccccc2c1)C(=O)N[C@H](C(=O)O)C(C)C,-3.5391,-4.096687
CC[C@H](C)[C@H](NC(=O)[C@H]([C@@H](C)O)[n+]1[c-]n2ccccc2c1)C(=O)N1CCC[C@H]1C(=O)O,-6.6383,-7.3778667
CC[C@H](C)[C@H](NC(=O)[C@H]([C@@H](C)O)[n+]1[c-]n2ccccc2c1)C(=O)N[C@@H](C)C(=O)O,-7.9986,-6.203885
CC[C@H](C)[C@H](NC(=O)[C@H]([C@@H](C)O)[n+]1[c-]n2ccccc2c1)C(=O)N[C@@H](CC(=O)O)C(=O)O,-8.8387,-8.284601
CC[C@H](C)[C@H](NC(=O)[C@H]([C@@H](C)O)[n+]1[c-]n2ccccc2c1)C(=O)N[C@@H](CC(C)C)C(=O)O,-8.9181,-7.9995966
CC[C@H](C)[C@H](NC(=O)[C@H]([C@@H](C)O)[n+]1[c-]n2ccccc2c1)C(=O)N[C@@H](CS)C(=O)O,-7.8329,-7.5451703
CC[C@H](C)[C@H](NC(=O)[C@H]([C@@H](C)O)[n+]1[c-]n2ccccc2c1)C(=O)O,-6.8018,-5.2674913
CSCC[C@@H](C(=O)N1CCC[C@H]1C(=O)N[C@@H](Cc1ccc(O)cc1)C(=O)O)[n+]1[c-]n2ccccc2c1,-4.7795,-4.7093654
CSCC[C@@H](C(=O)NCC(=O)N1CCC[C@H]1C(=O)O)[n+]1[c-]n2ccccc2c1,-2.3862,-6.323145
CSCC[C@@H](C(=O)NCC(=O)N[C@@H](CCCNC(=N)N)C(=O)O)[n+]1[c-]n2ccccc2c1,-11.2392,-10.23238
CSCC[C@@H](C(=O)NCC(=O)N[C@@H](Cc1c[nH]cn1)C(=O)O)[n+]1[c-]n2ccccc2c1,-16.6702,-9.763147
CSCC[C@@H](C(=O)NCC(=O)N[C@@H](Cc1ccccc1)C(=O)O)[n+]1[c-]n2ccccc2c1,-8.5059,-8.654789
CSCC[C@@H](C(=O)NCC(=O)N[C@H](C(=O)O)C(C)C)[n+]1[c-]n2ccccc2c1,-6.9108,-6.982197
CSCC[C@@H](C(=O)NCC(=O)O)[n+]1[c-]n2ccccc2c1,-6.0208,-3.2043247
CSCC[C@@H](C(=O)N[C@@H](C)C(=O)N1CCC[C@H]1C(=O)O)[n+]1[c-]n2ccccc2c1,-8.9012,-3.993103
CSCC[C@@H](C(=O)N[C@@H](C)C(=O)N[C@@H](CC(C)C)C(=O)O)[n+]1[c-]n2ccccc2c1,-3.9669,-3.6678734
CSCC[C@@H](C(=O)N[C@@H](C)C(=O)N[C@@H](CCCNC(=N)N)C(=O)O)[n+]1[c-]n2ccccc2c1,-3.9298,-10.527563
CSCC[C@@H](C(=O)N[C@@H](C)C(=O)N[C@@H](CS)C(=O)O)[n+]1[c-]n2ccccc2c1,-4.9655,-4.7401843
CSCC[C@@H](C(=O)N[C@@H](C)C(=O)N[C@@H](Cc1c[nH]c2ccccc12)C(=O)O)[n+]1[c-]n2ccccc2c1,-9.1872,-9.864465
CSCC[C@@H](C(=O)N[C@@H](C)C(=O)N[C@H](C(=O)O)C(C)C)[n+]1[c-]n2ccccc2c1,-4.4929,-6.0074186
CSCC[C@@H](C(=O)N[C@@H](CC(=O)O)C(=O)N[C@H](C(=O)O)[C@@H](C)O)[n+]1[c-]n2ccccc2c1,-4.9,-6.5198193
CSCC[C@@H](C(=O)N[C@@H](CC(=O)O)C(=O)O)[n+]1[c-]n2ccccc2c1,-9.0549,-7.2576237
CSCC[C@@H](C(=O)N[C@@H](CC(C)C)C(=O)N[C@@H](Cc1c[nH]c2ccccc12)C(=O)O)[n+]1[c-]n2ccccc2c1,-9.7532,-5.687644
CSCC[C@@H](C(=O)N[C@@H](CC(N)=O)C(=O)N[C@@H](CCC(=O)O)C(=O)O)[n+]1[c-]n2ccccc2c1,-19.9641,-13.145971
CSCC[C@@H](C(=O)N[C@@H](CC(N)=O)C(=O)N[C@@H](CCC(N)=O)C(=O)O)[n+]1[c-]n2ccccc2c1,-11.3733,-7.825881
CSCC[C@@H](C(=O)N[C@@H](CC(N)=O)C(=O)N[C@@H](Cc1c[nH]cn1)C(=O)O)[n+]1[c-]n2ccccc2c1,-6.6094,-8.821547
CSCC[C@@H](C(=O)N[C@@H](CCC(=O)O)C(=O)N1CCC[C@H]1C(=O)O)[n+]1[c-]n2ccccc2c1,-9.734,-5.1785336
CSCC[C@@H](C(=O)N[C@@H](CCC(=O)O)C(=O)N[C@@H](CCCNC(=N)N)C(=O)O)[n+]1[c-]n2ccccc2c1,-11.8406,-8.400327
CSCC[C@@H](C(=O)N[C@@H](CCC(=O)O)C(=O)N[C@@H](CS)C(=O)O)[n+]1[c-]n2ccccc2c1,-8.1379,-6.4399085
CSCC[C@@H](C(=O)N[C@@H](CCC(=O)O)C(=O)N[C@@H](Cc1c[nH]cn1)C(=O)O)[n+]1[c-]n2ccccc2c1,-13.994,-9.152145
CSCC[C@@H](C(=O)N[C@@H](CCC(=O)O)C(=O)N[C@@H](Cc1ccc(O)cc1)C(=O)O)[n+]1[c-]n2ccccc2c1,-17.5721,-7.18994
CSCC[C@@H](C(=O)N[C@@H](CCC(=O)O)C(=O)N[C@@H](Cc1ccccc1)C(=O)O)[n+]1[c-]n2ccccc2c1,-4.726,-6.369697
CSCC[C@@H](C(=O)N[C@@H](CCC(=O)O)C(=O)N[C@H](C(=O)O)[C@@H](C)O)[n+]1[c-]n2ccccc2c1,-8.3148,-5.5895867
CSCC[C@@H](C(=O)N[C@@H](CCC(N)=O)C(=O)N[C@@H](C)C(=O)O)[n+]1[c-]n2ccccc2c1,-6.966,-6.3259525
CSCC[C@@H](C(=O)N[C@@H](CCC(N)=O)C(=O)N[C@@H](CCC(=O)O)C(=O)O)[n+]1[c-]n2ccccc2c1,-11.4047,-9.183287
CSCC[C@@H](C(=O)N[C@@H](CCCNC(=N)N)C(=O)N[C@@H](CC(=O)O)C(=O)O)[n+]1[c-]n2ccccc2c1,-11.8172,-12.212437
CSCC[C@@H](C(=O)N[C@@H](CCCNC(=N)N)C(=O)N[C@@H](CC(C)C)C(=O)O)[n+]1[c-]n2ccccc2c1,-11.236,-5.3731637
CSCC[C@@H](C(=O)N[C@@H](CCCNC(=N)N)C(=O)N[C@@H](CC(N)=O)C(=O)O)[n+]1[c-]n2ccccc2c1,-10.5831,-8.947748
CSCC[C@@H](C(=O)N[C@@H](CCCNC(=N)N)C(=O)N[C@@H](Cc1ccccc1)C(=O)O)[n+]1[c-]n2ccccc2c1,-1.6195,-6.94103
CSCC[C@@H](C(=O)N[C@@H](CCCNC(=N)N)C(=O)N[C@H](C(=O)O)[C@@H](C)O)[n+]1[c-]n2ccccc2c1,-2.8058,-5.57
CSCC[C@@H](C(=O)N[C@@H](CO)C(=O)N1CCC[C@H]1C(=O)O)[n+]1[c-]n2ccccc2c1,-4.6803,-5.923691
CSCC[C@@H](C(=O)N[C@@H](CO)C(=O)N[C@@H](CCC(N)=O)C(=O)O)[n+]1[c-]n2ccccc2c1,-9.4455,-13.692085
CSCC[C@@H](C(=O)N[C@@H](CO)C(=O)N[C@@H](CCCNC(=N)N)C(=O)O)[n+]1[c-]n2ccccc2c1,-9.2789,-6.65451
CSCC[C@@H](C(=O)N[C@@H](CO)C(=O)N[C@@H](Cc1ccccc1)C(=O)O)[n+]1[c-]n2ccccc2c1,-9.9334,-5.103504
CSCC[C@@H](C(=O)N[C@@H](CO)C(=O)O)[n+]1[c-]n2ccccc2c1,-6.3502,-7.4234324
CSCC[C@@H](C(=O)N[C@@H](CS)C(=O)N[C@@H](C)C(=O)O)[n+]1[c-]n2ccccc2c1,0.2526,-3.877553
CSCC[C@@H](C(=O)N[C@@H](CS)C(=O)N[C@@H](CC(=O)O)C(=O)O)[n+]1[c-]n2ccccc2c1,-8.5727,-7.056942
CSCC[C@@H](C(=O)N[C@@H](CS)C(=O)N[C@@H](CCC(N)=O)C(=O)O)[n+]1[c-]n2ccccc2c1,-10.5532,-11.681898
CSCC[C@@H](C(=O)N[C@@H](CS)C(=O)N[C@@H](Cc1ccccc1)C(=O)O)[n+]1[c-]n2ccccc2c1,-12.5925,-5.464014
CSCC[C@@H](C(=O)N[C@@H](Cc1c[nH]c2ccccc12)C(=O)N[C@@H](C)C(=O)O)[n+]1[c-]n2ccccc2c1,-0.6814,-4.8613644
CSCC[C@@H](C(=O)N[C@@H](Cc1c[nH]c2ccccc12)C(=O)N[C@@H](CC(N)=O)C(=O)O)[n+]1[c-]n2ccccc2c1,-10.3488,-8.727921
CSCC[C@@H](C(=O)N[C@@H](Cc1c[nH]c2ccccc12)C(=O)N[C@@H](CCC(=O)O)C(=O)O)[n+]1[c-]n2ccccc2c1,-10.503,-10.559431
CSCC[C@@H](C(=O)N[C@@H](Cc1c[nH]c2ccccc12)C(=O)N[C@H](C(=O)O)C(C)C)[n+]1[c-]n2ccccc2c1,-2.578,-6.263429
CSCC[C@@H](C(=O)N[C@@H](Cc1c[nH]cn1)C(=O)N[C@@H](C)C(=O)O)[n+]1[c-]n2ccccc2c1,-6.8708,-6.6781645
CSCC[C@@H](C(=O)N[C@@H](Cc1c[nH]cn1)C(=O)N[C@@H](CCC(N)=O)C(=O)O)[n+]1[c-]n2ccccc2c1,-17.8861,-6.006917
CSCC[C@@H](C(=O)N[C@@H](Cc1c[nH]cn1)C(=O)N[C@@H](CCCNC(=N)N)C(=O)O)[n+]1[c-]n2ccccc2c1,-14.6058,-12.765417
CSCC[C@@H](C(=O)N[C@@H](Cc1c[nH]cn1)C(=O)N[C@@H](CO)C(=O)O)[n+]1[c-]n2ccccc2c1,-7.0963,-6.9963827
CSCC[C@@H](C(=O)N[C@@H](Cc1c[nH]cn1)C(=O)N[C@@H](Cc1c[nH]c2ccccc12)C(=O)O)[n+]1[c-]n2ccccc2c1,-16.6348,-9.328201
CSCC[C@@H](C(=O)N[C@@H](Cc1ccc(O)cc1)C(=O)N[C@@H](C)C(=O)O)[n+]1[c-]n2ccccc2c1,-6.0432,-4.7016435
CSCC[C@@H](C(=O)N[C@@H](Cc1ccc(O)cc1)C(=O)N[C@@H](CC(C)C)C(=O)O)[n+]1[c-]n2ccccc2c1,-1.8311,-4.805563
CSCC[C@@H](C(=O)N[C@@H](Cc1ccc(O)cc1)C(=O)N[C@H](C(=O)O)C(C)C)[n+]1[c-]n2ccccc2c1,-1.2904,-4.380229
CSCC[C@@H](C(=O)N[C@@H](Cc1ccc(O)cc1)C(=O)O)[n+]1[c-]n2ccccc2c1,-7.0411,-8.05435
CSCC[C@@H](C(=O)N[C@@H](Cc1ccccc1)C(=O)N[C@@H](CCC(=O)O)C(=O)O)[n+]1[c-]n2ccccc2c1,-6.1546,-8.29155
CSCC[C@@H](C(=O)N[C@@H](Cc1ccccc1)C(=O)N[C@@H](CCCNC(=N)N)C(=O)O)[n+]1[c-]n2ccccc2c1,-12.1939,-5.673481
CSCC[C@@H](C(=O)N[C@@H](Cc1ccccc1)C(=O)N[C@@H](Cc1ccc(O)cc1)C(=O)O)[n+]1[c-]n2ccccc2c1,-10.4904,-10.372221
CSCC[C@@H](C(=O)N[C@H](C(=O)N[C@@H](CCC(=O)O)C(=O)O)[C@@H](C)O)[n+]1[c-]n2ccccc2c1,-6.7791,-6.2218704
CSCC[C@@H](C(=O)N[C@H](C(=O)N[C@@H](CO)C(=O)O)C(C)C)[n+]1[c-]n2ccccc2c1,-0.2941,-5.452976
CSCC[C@@H](C(=O)N[C@H](C(=O)N[C@@H](CS)C(=O)O)C(C)C)[n+]1[c-]n2ccccc2c1,-3.2199,-6.6025615
CSCC[C@@H](C(=O)N[C@H](C(=O)N[C@@H](Cc1ccccc1)C(=O)O)C(C)C)[n+]1[c-]n2ccccc2c1,-7.7666,-9.396729
CSCC[C@@H](C(=O)N[C@H](C(=O)O)[C@@H](C)O)[n+]1[c-]n2ccccc2c1,-2.1872,-4.8059316
CSCC[C@H](NC(=O)CNC(=O)[C@H](C(C)C)[n+]1[c-]n2ccccc2c1)C(=O)O,-9.6437,-8.049457
CSCC[C@H](NC(=O)CNC(=O)[C@H](CC(N)=O)[n+]1[c-]n2ccccc2c1)C(=O)O,-6.1593,-8.502157
CSCC[C@H](NC(=O)CNC(=O)[C@H](Cc1c[nH]cn1)[n+]1[c-]n2ccccc2c1)C(=O)O,-8.7738,-6.140801
CSCC[C@H](NC(=O)C[n+]1[c-]n2ccccc2c1)C(=O)N[C@@H](CCCNC(=N)N)C(=O)O,-18.8578,-12.411165
CSCC[C@H](NC(=O)C[n+]1[c-]n2ccccc2c1)C(=O)N[C@@H](Cc1c[nH]cn1)C(=O)O,-10.651,-13.41563
CSCC[C@H](NC(=O)[C@@H](NC(=O)C[n+]1[c-]n2ccccc2c1)C(C)C)C(=O)O,-10.9365,-11.144228
CSCC[C@H](NC(=O)[C@@H](NC(=O)C[n+]1[c-]n2ccccc2c1)[C@@H](C)O)C(=O)O,-13.1491,-8.963165
CSCC[C@H](NC(=O)[C@@H](NC(=O)[C@H](C)[n+]1[c-]n2ccccc2c1)[C@@H](C)O)C(=O)O,-5.3705,-6.0003276
CSCC[C@H](NC(=O)[C@@H](NC(=O)[C@H](Cc1c[nH]c2ccccc12)[n+]1[c-]n2ccccc2c1)C(C)C)C(=O)O,1.8072,-5.4588914
CSCC[C@H](NC(=O)[C@@H](NC(=O)[C@H](Cc1c[nH]cn1)[n+]1[c-]n2ccccc2c1)[C@@H](C)O)C(=O)O,-0.0835,-7.291672
CSCC[C@H](NC(=O)[C@@H](NC(=O)[C@H](Cc1ccccc1)[n+]1[c-]n2ccccc2c1)[C@@H](C)O)C(=O)O,-1.5745,-9.246833
CSCC[C@H](NC(=O)[C@@H]1CCCN1C(=O)C[n+]1[c-]n2ccccc2c1)C(=O)O,-15.4308,-12.173379
CSCC[C@H](NC(=O)[C@H](C(C)C)[n+]1[c-]n2ccccc2c1)C(=O)N[C@@H](C)C(=O)O,-3.6403,-7.141377
CSCC[C@H](NC(=O)[C@H](C(C)C)[n+]1[c-]n2ccccc2c1)C(=O)N[C@@H](CC(=O)O)C(=O)O,-4.3691,-7.862569
CSCC[C@H](NC(=O)[C@H](C(C)C)[n+]1[c-]n2ccccc2c1)C(=O)N[C@@H](CCC(=O)O)C(=O)O,-9.1054,-9.818797
CSCC[C@H](NC(=O)[C@H](C(C)C)[n+]1[c-]n2ccccc2c1)C(=O)N[C@@H](CO)C(=O)O,-9.7489,-9.411545
CSCC[C@H](NC(=O)[C@H](C(C)C)[n+]1[c-]n2ccccc2c1)C(=O)N[C@@H](Cc1c[nH]c2ccccc12)C(=O)O,-13.3042,-10.585904
CSCC[C@H](NC(=O)[C@H](C)NC(=O)[C@H](C(C)C)[n+]1[c-]n2ccccc2c1)C(=O)O,-2.5082,-6.610706
CSCC[C@H](NC(=O)[C@H](C)NC(=O)[C@H](CC(N)=O)[n+]1[c-]n2ccccc2c1)C(=O)O,-4.4095,-8.708754
CSCC[C@H](NC(=O)[C@H](C)NC(=O)[C@H](Cc1ccccc1)[n+]1[c-]n2ccccc2c1)C(=O)O,-2.7776,-5.043434
CSCC[C@H](NC(=O)[C@H](C)NC(=O)[C@H]([C@@H](C)O)[n+]1[c-]n2ccccc2c1)C(=O)O,-5.6929,-7.314582
CSCC[C@H](NC(=O)[C@H](C)[n+]1[c-]n2ccccc2c1)C(=O)N1CCC[C@H]1C(=O)O,-6.7207,-4.8118415
CSCC[C@H](NC(=O)[C@H](C)[n+]1[c-]n2ccccc2c1)C(=O)N[C@@H](CC(C)C)C(=O)O,-5.4669,-3.8111515
CSCC[C@H](NC(=O)[C@H](C)[n+]1[c-]n2ccccc2c1)C(=O)N[C@@H](CCC(=O)O)C(=O)O,-15.0433,-11.0520935
CSCC[C@H](NC(=O)[C@H](C)[n+]1[c-]n2ccccc2c1)C(=O)N[C@@H](CCCNC(=N)N)C(=O)O,-11.2039,-7.023733
CSCC[C@H](NC(=O)[C@H](C)[n+]1[c-]n2ccccc2c1)C(=O)N[C@@H](CS)C(=O)O,-4.7649,-7.096975
CSCC[C@H](NC(=O)[C@H](C)[n+]1[c-]n2ccccc2c1)C(=O)N[C@H](C(=O)O)C(C)C,-5.6043,-4.2241774
CSCC[C@H](NC(=O)[C@H](CC(=O)O)NC(=O)[C@H](CO)[n+]1[c-]n2ccccc2c1)C(=O)O,-9.019,-8.378555
CSCC[C@H](NC(=O)[C@H](CC(=O)O)[n+]1[c-]n2ccccc2c1)C(=O)N1CCC[C@H]1C(=O)O,-11.4914,-9.396349
CSCC[C@H](NC(=O)[C@H](CC(=O)O)[n+]1[c-]n2ccccc2c1)C(=O)N[C@@H](C)C(=O)O,-11.7805,-8.556951
CSCC[C@H](NC(=O)[C@H](CC(C)C)NC(=O)[C@H](CC(N)=O)[n+]1[c-]n2ccccc2c1)C(=O)O,-4.0311,-5.801537
CSCC[C@H](NC(=O)[C@H](CC(C)C)NC(=O)[C@H](Cc1ccccc1)[n+]1[c-]n2ccccc2c1)C(=O)O,-4.3217,-5.5345993
CSCC[C@H](NC(=O)[C@H](CC(C)C)[n+]1[c-]n2ccccc2c1)C(=O)N[C@@H](CC(=O)O)C(=O)O,-2.3308,-6.569812
CSCC[C@H](NC(=O)[C@H](CC(C)C)[n+]1[c-]n2ccccc2c1)C(=O)N[C@@H](Cc1c[nH]c2ccccc12)C(=O)O,-2.8923,-6.881904
CSCC[C@H](NC(=O)[C@H](CC(N)=O)NC(=O)[C@H](C(C)C)[n+]1[c-]n2ccccc2c1)C(=O)O,-4.1748,-5.9639053
CSCC[C@H](NC(=O)[C@H](CC(N)=O)NC(=O)[C@H](CCCNC(=N)N)[n+]1[c-]n2ccccc2c1)C(=O)O,-6.9647,-7.027265
CSCC[C@H](NC(=O)[C@H](CC(N)=O)NC(=O)[C@H](CO)[n+]1[c-]n2ccccc2c1)C(=O)O,3.1284,-6.263652
CSCC[C@H](NC(=O)[C@H](CC(N)=O)NC(=O)[C@H](Cc1ccc(O)cc1)[n+]1[c-]n2ccccc2c1)C(=O)O,-10.8392,-7.175049
CSCC[C@H](NC(=O)[C@H](CC(N)=O)[n+]1[c-]n2ccccc2c1)C(=O)N[C@@H](C)C(=O)O,-11.343,-8.301868
CSCC[C@H](NC(=O)[C@H](CC(N)=O)[n+]1[c-]n2ccccc2c1)C(=O)N[C@@H](CCCNC(=N)N)C(=O)O,-10.249,-10.161242
CSCC[C@H](NC(=O)[C@H](CC(N)=O)[n+]1[c-]n2ccccc2c1)C(=O)N[C@@H](Cc1c[nH]c2ccccc12)C(=O)O,-10.3334,-10.477383
CSCC[C@H](NC(=O)[C@H](CC(N)=O)[n+]1[c-]n2ccccc2c1)C(=O)N[C@@H](Cc1ccc(O)cc1)C(=O)O,-5.108,-7.786812
CSCC[C@H](NC(=O)[C@H](CC(N)=O)[n+]1[c-]n2ccccc2c1)C(=O)N[C@H](C(=O)O)C(C)C,-2.6186,-9.05345
CSCC[C@H](NC(=O)[C@H](CCC(=O)O)NC(=O)[C@H](C)[n+]1[c-]n2ccccc2c1)C(=O)O,-10.2216,-9.826584
CSCC[C@H](NC(=O)[C@H](CCC(=O)O)NC(=O)[C@H](CC(=O)O)[n+]1[c-]n2ccccc2c1)C(=O)O,-11.9967,-4.929034
CSCC[C@H](NC(=O)[C@H](CCC(=O)O)NC(=O)[C@H](CC(C)C)[n+]1[c-]n2ccccc2c1)C(=O)O,-9.7068,-5.5059376
CSCC[C@H](NC(=O)[C@H](CCC(=O)O)NC(=O)[C@H](CS)[n+]1[c-]n2ccccc2c1)C(=O)O,-11.3091,-9.097587
CSCC[C@H](NC(=O)[C@H](CCC(=O)O)NC(=O)[C@H](Cc1c[nH]cn1)[n+]1[c-]n2ccccc2c1)C(=O)O,-7.2778,-6.14713
CSCC[C@H](NC(=O)[C@H](CCC(=O)O)NC(=O)[C@H]([C@@H](C)O)[n+]1[c-]n2ccccc2c1)C(=O)O,-11.8553,-8.720362
CSCC[C@H](NC(=O)[C@H](CCC(=O)O)[n+]1[c-]n2ccccc2c1)C(=O)N[C@@H](CC(N)=O)C(=O)O,-11.7565,-9.684917
CSCC[C@H](NC(=O)[C@H](CCC(=O)O)[n+]1[c-]n2ccccc2c1)C(=O)N[C@@H](CCCNC(=N)N)C(=O)O,-16.3967,-8.987568
CSCC[C@H](NC(=O)[C@H](CCC(=O)O)[n+]1[c-]n2ccccc2c1)C(=O)N[C@@H](Cc1ccc(O)cc1)C(=O)O,-12.2838,-8.864334
CSCC[C@H](NC(=O)[C@H](CCC(=O)O)[n+]1[c-]n2ccccc2c1)C(=O)N[C@@H](Cc1ccccc1)C(=O)O,-3.0708,-7.994708
CSCC[C@H](NC(=O)[C@H](CCC(=O)O)[n+]1[c-]n2ccccc2c1)C(=O)O,-3.7126,-5.1716046
CSCC[C@H](NC(=O)[C@H](CCC(N)=O)NC(=O)[C@H](C(C)C)[n+]1[c-]n2ccccc2c1)C(=O)O,-14.4272,-10.212734
CSCC[C@H](NC(=O)[C@H](CCC(N)=O)NC(=O)[C@H](CCC(=O)O)[n+]1[c-]n2ccccc2c1)C(=O)O,-10.9537,-12.531391
CSCC[C@H](NC(=O)[C@H](CCC(N)=O)NC(=O)[C@H]([C@@H](C)O)[n+]1[c-]n2ccccc2c1)C(=O)O,-16.7629,-9.166031
CSCC[C@H](NC(=O)[C@H](CCC(N)=O)[n+]1[c-]n2ccccc2c1)C(=O)NCC(=O)O,-8.76,-9.055028
CSCC[C@H](NC(=O)[C@H](CCCNC(=N)N)NC(=O)[C@H](CC(C)C)[n+]1[c-]n2ccccc2c1)C(=O)O,-9.1923,-9.257488
CSCC[C@H](NC(=O)[C@H](CCCNC(=N)N)NC(=O)[C@H](CC(N)=O)[n+]1[c-]n2ccccc2c1)C(=O)O,-12.0228,-8.528875
CSCC[C@H](NC(=O)[C@H](CCCNC(=N)N)NC(=O)[C@H](CCC(N)=O)[n+]1[c-]n2ccccc2c1)C(=O)O,-6.0674,-9.903601
CSCC[C@H](NC(=O)[C@H](CCCNC(=N)N)NC(=O)[C@H](CCCNC(=N)N)[n+]1[c-]n2ccccc2c1)C(=O)O,-9.3331,-7.371793
CSCC[C@H](NC(=O)[C@H](CCCNC(=N)N)NC(=O)[C@H](CCSC)[n+]1[c-]n2ccccc2c1)C(=O)O,-7.1832,-7.5252233
CSCC[C@H](NC(=O)[C@H](CCCNC(=N)N)[n+]1[c-]n2ccccc2c1)C(=O)N[C@@H](CC(N)=O)C(=O)O,-11.2209,-11.776184
CSCC[C@H](NC(=O)[C@H](CCCNC(=N)N)[n+]1[c-]n2ccccc2c1)C(=O)N[C@@H](CCC(=O)O)C(=O)O,-7.5605,-10.04908
CSCC[C@H](NC(=O)[C@H](CCCNC(=N)N)[n+]1[c-]n2ccccc2c1)C(=O)N[C@@H](CO)C(=O)O,-5.8444,-9.072035
CSCC[C@H](NC(=O)[C@H](CCCNC(=N)N)[n+]1[c-]n2ccccc2c1)C(=O)N[C@H](C(=O)O)[C@@H](C)O,-13.8683,-11.674835
CSCC[C@H](NC(=O)[C@H](CCCNC(=N)N)[n+]1[c-]n2ccccc2c1)C(=O)O,-4.3547,-9.535181
CSCC[C@H](NC(=O)[C@H](CCSC)NC(=O)[C@H](C)[n+]1[c-]n2ccccc2c1)C(=O)O,-5.556,-10.419677
CSCC[C@H](NC(=O)[C@H](CCSC)NC(=O)[C@H](CC(C)C)[n+]1[c-]n2ccccc2c1)C(=O)O,-1.9595,-4.928197
CSCC[C@H](NC(=O)[C@H](CCSC)NC(=O)[C@H](CCC(N)=O)[n+]1[c-]n2ccccc2c1)C(=O)O,-5.476,-7.3582983
CSCC[C@H](NC(=O)[C@H](CCSC)NC(=O)[C@H](Cc1ccccc1)[n+]1[c-]n2ccccc2c1)C(=O)O,-2.4935,-7.357461
CSCC[C@H](NC(=O)[C@H](CCSC)[n+]1[c-]n2ccccc2c1)C(=O)N[C@@H](Cc1c[nH]cn1)C(=O)O,-3.6968,-6.4112706
CSCC[C@H](NC(=O)[C@H](CO)NC(=O)C[n+]1[c-]n2ccccc2c1)C(=O)O,-4.1949,-9.78131
CSCC[C@H](NC(=O)[C@H](CO)NC(=O)[C@H](CC(N)=O)[n+]1[c-]n2ccccc2c1)C(=O)O,-12.0698,-9.556461
CSCC[C@H](NC(=O)[C@H](CO)NC(=O)[C@H](Cc1c[nH]c2ccccc12)[n+]1[c-]n2ccccc2c1)C(=O)O,-2.2123,-4.5504
CSCC[C@H](NC(=O)[C@H](CO)NC(=O)[C@H]([C@@H](C)O)[n+]1[c-]n2ccccc2c1)C(=O)O,-3.6547,-10.212139
CSCC[C@H](NC(=O)[C@H](CO)[n+]1[c-]n2ccccc2c1)C(=O)N[C@@H](C)C(=O)O,-8.3686,-8.060484
CSCC[C@H](NC(=O)[C@H](CO)[n+]1[c-]n2ccccc2c1)C(=O)N[C@@H](CC(=O)O)C(=O)O,-8.6463,-10.958977
CSCC[C@H](NC(=O)[C@H](CO)[n+]1[c-]n2ccccc2c1)C(=O)N[C@@H](CC(C)C)C(=O)O,-11.4903,-12.157333
CSCC[C@H](NC(=O)[C@H](CO)[n+]1[c-]n2ccccc2c1)C(=O)N[C@@H](CS)C(=O)O,-4.7851,-7.1107035
CSCC[C@H](NC(=O)[C@H](CO)[n+]1[c-]n2ccccc2c1)C(=O)N[C@@H](Cc1c[nH]c2ccccc12)C(=O)O,-11.6812,-8.95108
CSCC[C@H](NC(=O)[C@H](CO)[n+]1[c-]n2ccccc2c1)C(=O)N[C@H](C(=O)O)[C@@H](C)O,-9.4967,-8.448559
CSCC[C@H](NC(=O)[C@H](CS)NC(=O)[C@H](CC(=O)O)[n+]1[c-]n2ccccc2c1)C(=O)O,-9.2489,-8.517559
CSCC[C@H](NC(=O)[C@H](CS)NC(=O)[C@H](CC(C)C)[n+]1[c-]n2ccccc2c1)C(=O)O,-9.8159,-7.6667256
CSCC[C@H](NC(=O)[C@H](CS)NC(=O)[C@H](CC(N)=O)[n+]1[c-]n2ccccc2c1)C(=O)O,-10.3223,-8.119255
CSCC[C@H](NC(=O)[C@H](CS)NC(=O)[C@H](CCC(=O)O)[n+]1[c-]n2ccccc2c1)C(=O)O,1.3357,-7.2161374
CSCC[C@H](NC(=O)[C@H](CS)NC(=O)[C@H](CS)[n+]1[c-]n2ccccc2c1)C(=O)O,-4.5597,-8.796288
CSCC[C@H](NC(=O)[C@H](CS)NC(=O)[C@H](Cc1c[nH]c2ccccc12)[n+]1[c-]n2ccccc2c1)C(=O)O,-7.743,-7.924971
CSCC[C@H](NC(=O)[C@H](CS)NC(=O)[C@H](Cc1c[nH]cn1)[n+]1[c-]n2ccccc2c1)C(=O)O,-18.4761,-11.553805
CSCC[C@H](NC(=O)[C@H](CS)[n+]1[c-]n2ccccc2c1)C(=O)N[C@@H](C)C(=O)O,-1.0658,-4.335692
CSCC[C@H](NC(=O)[C@H](CS)[n+]1[c-]n2ccccc2c1)C(=O)N[C@@H](CC(C)C)C(=O)O,-2.8165,-4.5093637
CSCC[C@H](NC(=O)[C@H](CS)[n+]1[c-]n2ccccc2c1)C(=O)N[C@@H](CCC(=O)O)C(=O)O,-16.8592,-7.5840273
CSCC[C@H](NC(=O)[C@H](CS)[n+]1[c-]n2ccccc2c1)C(=O)N[C@@H](CO)C(=O)O,-9.7839,-10.082689
CSCC[C@H](NC(=O)[C@H](CS)[n+]1[c-]n2ccccc2c1)C(=O)N[C@@H](Cc1c[nH]cn1)C(=O)O,-8.3176,-10.235198
CSCC[C@H](NC(=O)[C@H](Cc1c[nH]c2ccccc12)NC(=O)[C@H](CCC(N)=O)[n+]1[c-]n2ccccc2c1)C(=O)O,-6.2686,-11.172258
CSCC[C@H](NC(=O)[C@H](Cc1c[nH]c2ccccc12)NC(=O)[C@H](CCCNC(=N)N)[n+]1[c-]n2ccccc2c1)C(=O)O,23.2875,-8.82765
CSCC[C@H](NC(=O)[C@H](Cc1c[nH]c2ccccc12)NC(=O)[C@H](CCSC)[n+]1[c-]n2ccccc2c1)C(=O)O,-6.5793,-7.728033
CSCC[C@H](NC(=O)[C@H](Cc1c[nH]c2ccccc12)NC(=O)[C@H](Cc1ccc(O)cc1)[n+]1[c-]n2ccccc2c1)C(=O)O,-8.2309,-5.362035
CSCC[C@H](NC(=O)[C@H](Cc1c[nH]c2ccccc12)NC(=O)[C@H](Cc1ccccc1)[n+]1[c-]n2ccccc2c1)C(=O)O,-10.3114,-10.174545
CSCC[C@H](NC(=O)[C@H](Cc1c[nH]c2ccccc12)[n+]1[c-]n2ccccc2c1)C(=O)N[C@@H](CC(N)=O)C(=O)O,-9.7365,-7.016035
CSCC[C@H](NC(=O)[C@H](Cc1c[nH]c2ccccc12)[n+]1[c-]n2ccccc2c1)C(=O)N[C@@H](CCCNC(=N)N)C(=O)O,-7.1094,-10.868055
CSCC[C@H](NC(=O)[C@H](Cc1c[nH]c2ccccc12)[n+]1[c-]n2ccccc2c1)C(=O)O,-5.3731,-6.6411715
CSCC[C@H](NC(=O)[C@H](Cc1c[nH]cn1)NC(=O)[C@H](CC(C)C)[n+]1[c-]n2ccccc2c1)C(=O)O,-12.2931,-7.403714
CSCC[C@H](NC(=O)[C@H](Cc1c[nH]cn1)NC(=O)[C@H](CCSC)[n+]1[c-]n2ccccc2c1)C(=O)O,-5.7669,-6.514267
CSCC[C@H](NC(=O)[C@H](Cc1c[nH]cn1)NC(=O)[C@H](Cc1ccccc1)[n+]1[c-]n2ccccc2c1)C(=O)O,-12.0763,-10.082228
CSCC[C@H](NC(=O)[C@H](Cc1c[nH]cn1)[n+]1[c-]n2ccccc2c1)C(=O)N[C@@H](CO)C(=O)O,-4.2472,-7.935281
CSCC[C@H](NC(=O)[C@H](Cc1c[nH]cn1)[n+]1[c-]n2ccccc2c1)C(=O)N[C@@H](CS)C(=O)O,-11.5691,-11.163563
CSCC[C@H](NC(=O)[C@H](Cc1ccc(O)cc1)NC(=O)[C@H](C(C)C)[n+]1[c-]n2ccccc2c1)C(=O)O,-3.6989,-7.2535353
CSCC[C@H](NC(=O)[C@H](Cc1ccc(O)cc1)NC(=O)[C@H](CC(=O)O)[n+]1[c-]n2ccccc2c1)C(=O)O,-6.4949,-11.6589985
CSCC[C@H](NC(=O)[C@H](Cc1ccc(O)cc1)NC(=O)[C@H](CC(C)C)[n+]1[c-]n2ccccc2c1)C(=O)O,-4.9243,-8.771676
CSCC[C@H](NC(=O)[C@H](Cc1ccc(O)cc1)NC(=O)[C@H](CCC(=O)O)[n+]1[c-]n2ccccc2c1)C(=O)O,-5.4048,-7.706684
CSCC[C@H](NC(=O)[C@H](Cc1ccc(O)cc1)NC(=O)[C@H](CCC(N)=O)[n+]1[c-]n2ccccc2c1)C(=O)O,-6.8546,-9.972863
CSCC[C@H](NC(=O)[C@H](Cc1ccc(O)cc1)NC(=O)[C@H](Cc1c[nH]c2ccccc12)[n+]1[c-]n2ccccc2c1)C(=O)O,-8.146,-7.381074
CSCC[C@H](NC(=O)[C@H](Cc1ccc(O)cc1)[n+]1[c-]n2ccccc2c1)C(=O)N[C@@H](CC(C)C)C(=O)O,-4.1972,-8.274972
CSCC[C@H](NC(=O)[C@H](Cc1ccc(O)cc1)[n+]1[c-]n2ccccc2c1)C(=O)N[C@@H](CO)C(=O)O,-13.7074,-8.194565
CSCC[C@H](NC(=O)[C@H](Cc1ccc(O)cc1)[n+]1[c-]n2ccccc2c1)C(=O)N[C@@H](CS)C(=O)O,0.2975,-8.69256
CSCC[C@H](NC(=O)[C@H](Cc1ccc(O)cc1)[n+]1[c-]n2ccccc2c1)C(=O)N[C@@H](Cc1c[nH]cn1)C(=O)O,-11.2999,-8.915688
CSCC[C@H](NC(=O)[C@H](Cc1ccccc1)NC(=O)[C@H](CC(=O)O)[n+]1[c-]n2ccccc2c1)C(=O)O,-4.8161,-6.517812
CSCC[C@H](NC(=O)[C@H](Cc1ccccc1)NC(=O)[C@H](CO)[n+]1[c-]n2ccccc2c1)C(=O)O,-7.0514,-6.988783
CSCC[C@H](NC(=O)[C@H](Cc1ccccc1)NC(=O)[C@H](Cc1ccc(O)cc1)[n+]1[c-]n2ccccc2c1)C(=O)O,-6.4259,-10.033714
CSCC[C@H](NC(=O)[C@H](Cc1ccccc1)[n+]1[c-]n2ccccc2c1)C(=O)N1CCC[C@H]1C(=O)O,-11.137,-6.62388
CSCC[C@H](NC(=O)[C@H](Cc1ccccc1)[n+]1[c-]n2ccccc2c1)C(=O)NCC(=O)O,-5.8015,-6.908595
CSCC[C@H](NC(=O)[C@H](Cc1ccccc1)[n+]1[c-]n2ccccc2c1)C(=O)N[C@@H](CCC(N)=O)C(=O)O,-13.4393,-11.103922
CSCC[C@H](NC(=O)[C@H](Cc1ccccc1)[n+]1[c-]n2ccccc2c1)C(=O)N[C@@H](CS)C(=O)O,-9.8519,-7.3515615
CSCC[C@H](NC(=O)[C@H](Cc1ccccc1)[n+]1[c-]n2ccccc2c1)C(=O)N[C@@H](Cc1c[nH]c2ccccc12)C(=O)O,-15.1388,-10.746153
CSCC[C@H](NC(=O)[C@H](Cc1ccccc1)[n+]1[c-]n2ccccc2c1)C(=O)N[C@@H](Cc1ccccc1)C(=O)O,-11.4891,-8.025679
CSCC[C@H](NC(=O)[C@H]([C@@H](C)O)[n+]1[c-]n2ccccc2c1)C(=O)NCC(=O)O,-2.8469,-6.5899105
CSCC[C@H](NC(=O)[C@H]([C@@H](C)O)[n+]1[c-]n2ccccc2c1)C(=O)N[C@@H](CC(=O)O)C(=O)O,-14.5868,-13.215644
CSCC[C@H](NC(=O)[C@H]([C@@H](C)O)[n+]1[c-]n2ccccc2c1)C(=O)N[C@@H](CC(C)C)C(=O)O,-6.1914,-7.52044
CSCC[C@H](NC(=O)[C@H]([C@@H](C)O)[n+]1[c-]n2ccccc2c1)C(=O)N[C@@H](CC(N)=O)C(=O)O,-13.4904,-8.483597
CSCC[C@H](NC(=O)[C@H]([C@@H](C)O)[n+]1[c-]n2ccccc2c1)C(=O)N[C@@H](CCC(=O)O)C(=O)O,-17.3647,-11.038327
CSCC[C@H](NC(=O)[C@H]([C@@H](C)O)[n+]1[c-]n2ccccc2c1)C(=O)N[C@H](C(=O)O)[C@@H](C)O,-15.4237,-10.562563
C[C@@H](C(=O)N1CCC[C@H]1C(=O)N[C@@H](CCCNC(=N)N)C(=O)O)[n+]1[c-]n2ccccc2c1,-9.8877,-8.982658
C[C@@H](C(=O)N1CCC[C@H]1C(=O)N[C@@H](Cc1ccccc1)C(=O)O)[n+]1[c-]n2ccccc2c1,-6.8921,-5.6376157
C[C@@H](C(=O)NCC(=O)N1CCC[C@H]1C(=O)O)[n+]1[c-]n2ccccc2c1,-7.3902,-6.4853654
C[C@@H](C(=O)NCC(=O)N[C@@H](Cc1ccc(O)cc1)C(=O)O)[n+]1[c-]n2ccccc2c1,-15.6491,-10.728493
C[C@@H](C(=O)N[C@@H](CC(=O)O)C(=O)N[C@@H](CC(=O)O)C(=O)O)[n+]1[c-]n2ccccc2c1,-8.7708,-6.949273
C[C@@H](C(=O)N[C@@H](CC(=O)O)C(=O)N[C@@H](CC(N)=O)C(=O)O)[n+]1[c-]n2ccccc2c1,-5.5196,-8.011942
C[C@@H](C(=O)N[C@@H](CC(=O)O)C(=O)N[C@@H](CCC(N)=O)C(=O)O)[n+]1[c-]n2ccccc2c1,-11.5004,-17.088552
C[C@@H](C(=O)N[C@@H](CC(=O)O)C(=O)N[C@@H](CS)C(=O)O)[n+]1[c-]n2ccccc2c1,-6.7744,-6.4926453
C[C@@H](C(=O)N[C@@H](CC(N)=O)C(=O)N[C@@H](CC(N)=O)C(=O)O)[n+]1[c-]n2ccccc2c1,-12.9246,-12.84967
C[C@@H](C(=O)N[C@@H](CC(N)=O)C(=O)N[C@@H](Cc1c[nH]c2ccccc12)C(=O)O)[n+]1[c-]n2ccccc2c1,-12.7332,-8.596863
C[C@@H](C(=O)N[C@@H](CC(N)=O)C(=O)N[C@@H](Cc1ccc(O)cc1)C(=O)O)[n+]1[c-]n2ccccc2c1,-9.3323,-9.144934
C[C@@H](C(=O)N[C@@H](CCC(=O)O)C(=O)N[C@@H](CO)C(=O)O)[n+]1[c-]n2ccccc2c1,-15.0741,-15.354954
C[C@@H](C(=O)N[C@@H](CCC(=O)O)C(=O)N[C@@H](Cc1ccc(O)cc1)C(=O)O)[n+]1[c-]n2ccccc2c1,-11.0815,-10.605788
C[C@@H](C(=O)N[C@@H](CCC(=O)O)C(=O)O)[n+]1[c-]n2ccccc2c1,-11.3346,-6.3867974
C[C@@H](C(=O)N[C@@H](CCC(N)=O)C(=O)N[C@@H](CO)C(=O)O)[n+]1[c-]n2ccccc2c1,-12.5331,-10.656324
C[C@@H](C(=O)N[C@@H](CCC(N)=O)C(=O)N[C@@H](Cc1c[nH]cn1)C(=O)O)[n+]1[c-]n2ccccc2c1,-11.9543,-7.548684
C[C@@H](C(=O)N[C@@H](CO)C(=O)N[C@@H](Cc1ccccc1)C(=O)O)[n+]1[c-]n2ccccc2c1,-7.6309,-8.683102
C[C@@H](C(=O)N[C@@H](CO)C(=O)O)[n+]1[c-]n2ccccc2c1,-1.3461,-4.7665405
C[C@@H](C(=O)N[C@@H](CS)C(=O)NCC(=O)O)[n+]1[c-]n2ccccc2c1,-4.9424,-4.1129584
C[C@@H](C(=O)N[C@@H](CS)C(=O)N[C@@H](CCC(=O)O)C(=O)O)[n+]1[c-]n2ccccc2c1,-10.1273,-11.70207
C[C@@H](C(=O)N[C@@H](CS)C(=O)N[C@@H](CO)C(=O)O)[n+]1[c-]n2ccccc2c1,-7.1076,-7.6461883
C[C@@H](C(=O)N[C@@H](CS)C(=O)N[C@@H](Cc1ccccc1)C(=O)O)[n+]1[c-]n2ccccc2c1,-8.0721,-6.8924503
C[C@@H](C(=O)N[C@@H](Cc1c[nH]c2ccccc12)C(=O)NCC(=O)O)[n+]1[c-]n2ccccc2c1,-10.1333,-6.1817436
C[C@@H](C(=O)N[C@@H](Cc1c[nH]c2ccccc12)C(=O)N[C@@H](CCC(N)=O)C(=O)O)[n+]1[c-]n2ccccc2c1,-13.2391,-8.911278
C[C@@H](C(=O)N[C@@H](Cc1c[nH]c2ccccc12)C(=O)N[C@@H](CCCNC(=N)N)C(=O)O)[n+]1[c-]n2ccccc2c1,-11.5632,-7.3623047
C[C@@H](C(=O)N[C@@H](Cc1c[nH]cn1)C(=O)N[C@@H](CC(=O)O)C(=O)O)[n+]1[c-]n2ccccc2c1,-14.9004,-9.224812
C[C@@H](C(=O)N[C@@H](Cc1c[nH]cn1)C(=O)N[C@@H](CC(N)=O)C(=O)O)[n+]1[c-]n2ccccc2c1,-13.4051,-7.9424195
C[C@@H](C(=O)N[C@@H](Cc1c[nH]cn1)C(=O)N[C@@H](Cc1ccccc1)C(=O)O)[n+]1[c-]n2ccccc2c1,-11.5384,-11.55448
C[C@@H](C(=O)N[C@@H](Cc1ccc(O)cc1)C(=O)N[C@@H](CS)C(=O)O)[n+]1[c-]n2ccccc2c1,-5.276,-6.3174562
C[C@@H](C(=O)N[C@@H](Cc1ccccc1)C(=O)O)[n+]1[c-]n2ccccc2c1,-7.6793,-6.9885035
C[C@@H](O)[C@@H](C(=O)N1CCC[C@H]1C(=O)N[C@@H](CC(=O)O)C(=O)O)[n+]1[c-]n2ccccc2c1,-5.2608,-8.8442955
C[C@@H](O)[C@@H](C(=O)N1CCC[C@H]1C(=O)N[C@@H](Cc1ccc(O)cc1)C(=O)O)[n+]1[c-]n2ccccc2c1,-8.223,-6.3721266
C[C@@H](O)[C@@H](C(=O)N1CCC[C@H]1C(=O)O)[n+]1[c-]n2ccccc2c1,-6.769,-6.804546
C[C@@H](O)[C@@H](C(=O)NCC(=O)NCC(=O)O)[n+]1[c-]n2ccccc2c1,-9.9397,-6.3171864
C[C@@H](O)[C@@H](C(=O)NCC(=O)N[C@@H](Cc1c[nH]c2ccccc12)C(=O)O)[n+]1[c-]n2ccccc2c1,-8.7387,-8.4717045
C[C@@H](O)[C@@H](C(=O)N[C@@H](CC(=O)O)C(=O)N[C@@H](CCC(=O)O)C(=O)O)[n+]1[c-]n2ccccc2c1,1.8187,-11.729968
C[C@@H](O)[C@@H](C(=O)N[C@@H](CC(=O)O)C(=O)N[C@@H](Cc1ccc(O)cc1)C(=O)O)[n+]1[c-]n2ccccc2c1,-15.0158,-11.05525
C[C@@H](O)[C@@H](C(=O)N[C@@H](CC(N)=O)C(=O)N[C@@H](Cc1c[nH]cn1)C(=O)O)[n+]1[c-]n2ccccc2c1,-11.7578,-9.717339
C[C@@H](O)[C@@H](C(=O)N[C@@H](CC(N)=O)C(=O)N[C@@H](Cc1ccc(O)cc1)C(=O)O)[n+]1[c-]n2ccccc2c1,-11.8917,-9.944279
C[C@@H](O)[C@@H](C(=O)N[C@@H](CC(N)=O)C(=O)N[C@@H](Cc1ccccc1)C(=O)O)[n+]1[c-]n2ccccc2c1,-7.1277,-8.846097
C[C@@H](O)[C@@H](C(=O)N[C@@H](CCC(=O)O)C(=O)N[C@@H](Cc1c[nH]cn1)C(=O)O)[n+]1[c-]n2ccccc2c1,-11.5673,-8.765965
C[C@@H](O)[C@@H](C(=O)N[C@@H](CCC(=O)O)C(=O)N[C@@H](Cc1ccc(O)cc1)C(=O)O)[n+]1[c-]n2ccccc2c1,-13.8587,-8.633861
C[C@@H](O)[C@@H](C(=O)N[C@@H](CCC(N)=O)C(=O)NCC(=O)O)[n+]1[c-]n2ccccc2c1,-8.5779,-8.448741
C[C@@H](O)[C@@H](C(=O)N[C@@H](CCC(N)=O)C(=O)N[C@@H](Cc1c[nH]c2ccccc12)C(=O)O)[n+]1[c-]n2ccccc2c1,-12.0167,-11.102486
C[C@@H](O)[C@@H](C(=O)N[C@@H](CCC(N)=O)C(=O)N[C@@H](Cc1ccccc1)C(=O)O)[n+]1[c-]n2ccccc2c1,-12.4973,-10.797014
C[C@@H](O)[C@@H](C(=O)N[C@@H](CCCNC(=N)N)C(=O)N1CCC[C@H]1C(=O)O)[n+]1[c-]n2ccccc2c1,1.3026,-7.387939
C[C@@H](O)[C@@H](C(=O)N[C@@H](CCCNC(=N)N)C(=O)NCC(=O)O)[n+]1[c-]n2ccccc2c1,-4.4273,-11.358704
C[C@@H](O)[C@@H](C(=O)N[C@@H](CCCNC(=N)N)C(=O)N[C@@H](CC(=O)O)C(=O)O)[n+]1[c-]n2ccccc2c1,-1.7747,-10.216284
C[C@@H](O)[C@@H](C(=O)N[C@@H](CCCNC(=N)N)C(=O)N[C@@H](CCC(=O)O)C(=O)O)[n+]1[c-]n2ccccc2c1,-10.2611,-9.760717
C[C@@H](O)[C@@H](C(=O)N[C@@H](CCCNC(=N)N)C(=O)N[C@@H](CCC(N)=O)C(=O)O)[n+]1[c-]n2ccccc2c1,-13.1174,-7.903641
C[C@@H](O)[C@@H](C(=O)N[C@@H](CO)C(=O)NCC(=O)O)[n+]1[c-]n2ccccc2c1,-7.7435,-7.841897
C[C@@H](O)[C@@H](C(=O)N[C@@H](CO)C(=O)N[C@@H](CCC(=O)O)C(=O)O)[n+]1[c-]n2ccccc2c1,-11.039,-9.69302
C[C@@H](O)[C@@H](C(=O)N[C@@H](CS)C(=O)N[C@@H](CC(N)=O)C(=O)O)[n+]1[c-]n2ccccc2c1,-11.9744,-9.58773
C[C@@H](O)[C@@H](C(=O)N[C@@H](CS)C(=O)N[C@@H](CCCNC(=N)N)C(=O)O)[n+]1[c-]n2ccccc2c1,-2.6999,-8.06291
C[C@@H](O)[C@@H](C(=O)N[C@@H](CS)C(=O)N[C@@H](CO)C(=O)O)[n+]1[c-]n2ccccc2c1,-2.8041,-9.054597
C[C@@H](O)[C@@H](C(=O)N[C@@H](Cc1c[nH]c2ccccc12)C(=O)N[C@@H](CCC(=O)O)C(=O)O)[n+]1[c-]n2ccccc2c1,-2.3774,-10.651321
C[C@@H](O)[C@@H](C(=O)N[C@@H](Cc1c[nH]c2ccccc12)C(=O)N[C@@H](CO)C(=O)O)[n+]1[c-]n2ccccc2c1,-11.9135,-11.342426
C[C@@H](O)[C@@H](C(=O)N[C@@H](Cc1c[nH]c2ccccc12)C(=O)N[C@@H](CS)C(=O)O)[n+]1[c-]n2ccccc2c1,-4.6887,-8.74082
C[C@@H](O)[C@@H](C(=O)N[C@@H](Cc1c[nH]c2ccccc12)C(=O)N[C@@H](Cc1c[nH]cn1)C(=O)O)[n+]1[c-]n2ccccc2c1,-6.3909,-10.631889
C[C@@H](O)[C@@H](C(=O)N[C@@H](Cc1c[nH]c2ccccc12)C(=O)N[C@@H](Cc1ccc(O)cc1)C(=O)O)[n+]1[c-]n2ccccc2c1,-15.1191,-10.232439
C[C@@H](O)[C@@H](C(=O)N[C@@H](Cc1c[nH]c2ccccc12)C(=O)O)[n+]1[c-]n2ccccc2c1,-9.2533,-7.4496346
C[C@@H](O)[C@@H](C(=O)N[C@@H](Cc1c[nH]cn1)C(=O)N[C@@H](CC(N)=O)C(=O)O)[n+]1[c-]n2ccccc2c1,-10.7588,-11.187052
C[C@@H](O)[C@@H](C(=O)N[C@@H](Cc1c[nH]cn1)C(=O)N[C@@H](CCC(N)=O)C(=O)O)[n+]1[c-]n2ccccc2c1,-8.6701,-8.96209
C[C@@H](O)[C@@H](C(=O)N[C@@H](Cc1c[nH]cn1)C(=O)N[C@@H](CS)C(=O)O)[n+]1[c-]n2ccccc2c1,-8.7529,-9.673819
C[C@@H](O)[C@@H](C(=O)N[C@@H](Cc1ccc(O)cc1)C(=O)NCC(=O)O)[n+]1[c-]n2ccccc2c1,-8.3056,-6.962696
C[C@@H](O)[C@@H](C(=O)N[C@@H](Cc1ccc(O)cc1)C(=O)N[C@@H](CCC(=O)O)C(=O)O)[n+]1[c-]n2ccccc2c1,-9.934,-11.575943
C[C@@H](O)[C@@H](C(=O)N[C@@H](Cc1ccc(O)cc1)C(=O)N[C@@H](CS)C(=O)O)[n+]1[c-]n2ccccc2c1,-3.7184,-8.2120905
C[C@@H](O)[C@@H](C(=O)N[C@@H](Cc1ccccc1)C(=O)N[C@@H](CC(N)=O)C(=O)O)[n+]1[c-]n2ccccc2c1,-8.6453,-8.946196
C[C@@H](O)[C@@H](C(=O)N[C@@H](Cc1ccccc1)C(=O)N[C@@H](CCC(=O)O)C(=O)O)[n+]1[c-]n2ccccc2c1,-10.2086,-10.152213
C[C@@H](O)[C@@H](C(=O)N[C@@H](Cc1ccccc1)C(=O)N[C@@H](Cc1c[nH]cn1)C(=O)O)[n+]1[c-]n2ccccc2c1,-14.5168,-12.561236
C[C@@H](O)[C@H](NC(=O)CNC(=O)[C@H](CCC(N)=O)[n+]1[c-]n2ccccc2c1)C(=O)O,-11.3275,-9.763624
C[C@@H](O)[C@H](NC(=O)CNC(=O)[C@H](CS)[n+]1[c-]n2ccccc2c1)C(=O)O,-7.9664,-7.191209
C[C@@H](O)[C@H](NC(=O)C[n+]1[c-]n2ccccc2c1)C(=O)N1CCC[C@H]1C(=O)O,-11.0122,-10.292676
C[C@@H](O)[C@H](NC(=O)C[n+]1[c-]n2ccccc2c1)C(=O)N[C@@H](CO)C(=O)O,-6.5334,-11.32144
C[C@@H](O)[C@H](NC(=O)C[n+]1[c-]n2ccccc2c1)C(=O)N[C@@H](CS)C(=O)O,-8.4296,-10.701706
C[C@@H](O)[C@H](NC(=O)[C@@H](NC(=O)[C@H](CC(N)=O)[n+]1[c-]n2ccccc2c1)[C@@H](C)O)C(=O)O,-7.8054,-8.726571
C[C@@H](O)[C@H](NC(=O)[C@@H](NC(=O)[C@H](Cc1ccccc1)[n+]1[c-]n2ccccc2c1)[C@@H](C)O)C(=O)O,-7.973,-9.8628435
C[C@@H](O)[C@H](NC(=O)[C@@H]1CCCN1C(=O)[C@H](CCC(N)=O)[n+]1[c-]n2ccccc2c1)C(=O)O,-12.7325,-10.932835
C[C@@H](O)[C@H](NC(=O)[C@@H]1CCCN1C(=O)[C@H](Cc1c[nH]cn1)[n+]1[c-]n2ccccc2c1)C(=O)O,-8.7844,-7.604155
C[C@@H](O)[C@H](NC(=O)[C@H](C)[n+]1[c-]n2ccccc2c1)C(=O)N[C@@H](Cc1c[nH]cn1)C(=O)O,-10.2173,-11.554653
C[C@@H](O)[C@H](NC(=O)[C@H](CC(=O)O)NC(=O)[C@H](CC(=O)O)[n+]1[c-]n2ccccc2c1)C(=O)O,-7.0056,-8.080938
C[C@@H](O)[C@H](NC(=O)[C@H](CC(=O)O)NC(=O)[C@H](CCCNC(=N)N)[n+]1[c-]n2ccccc2c1)C(=O)O,-12.8474,-11.671829
C[C@@H](O)[C@H](NC(=O)[C@H](CC(=O)O)NC(=O)[C@H](Cc1ccccc1)[n+]1[c-]n2ccccc2c1)C(=O)O,-10.7418,-10.751886
C[C@@H](O)[C@H](NC(=O)[C@H](CC(=O)O)NC(=O)[C@H]([C@@H](C)O)[n+]1[c-]n2ccccc2c1)C(=O)O,-8.102,-8.74158
C[C@@H](O)[C@H](NC(=O)[C@H](CC(=O)O)[n+]1[c-]n2ccccc2c1)C(=O)N[C@@H](Cc1c[nH]cn1)C(=O)O,-9.0831,-11.411455
C[C@@H](O)[C@H](NC(=O)[C@H](CC(=O)O)[n+]1[c-]n2ccccc2c1)C(=O)N[C@@H](Cc1ccccc1)C(=O)O,-8.3803,-9.392913
C[C@@H](O)[C@H](NC(=O)[C@H](CC(N)=O)NC(=O)[C@H](C)[n+]1[c-]n2ccccc2c1)C(=O)O,-13.8757,-10.502154
C[C@@H](O)[C@H](NC(=O)[C@H](CC(N)=O)NC(=O)[C@H](CC(=O)O)[n+]1[c-]n2ccccc2c1)C(=O)O,-11.5808,-10.284685
C[C@@H](O)[C@H](NC(=O)[C@H](CC(N)=O)NC(=O)[C@H](CS)[n+]1[c-]n2ccccc2c1)C(=O)O,-10.9934,-7.3931746
C[C@@H](O)[C@H](NC(=O)[C@H](CC(N)=O)[n+]1[c-]n2ccccc2c1)C(=O)N1CCC[C@H]1C(=O)O,-7.4504,-6.774113
C[C@@H](O)[C@H](NC(=O)[C@H](CC(N)=O)[n+]1[c-]n2ccccc2c1)C(=O)N[C@@H](CCC(=O)O)C(=O)O,-10.5624,-9.379927
C[C@@H](O)[C@H](NC(=O)[C@H](CC(N)=O)[n+]1[c-]n2ccccc2c1)C(=O)N[C@@H](CS)C(=O)O,-7.948,-10.218617
C[C@@H](O)[C@H](NC(=O)[C@H](CC(N)=O)[n+]1[c-]n2ccccc2c1)C(=O)N[C@@H](Cc1c[nH]cn1)C(=O)O,-15.5372,-9.440778
C[C@@H](O)[C@H](NC(=O)[C@H](CC(N)=O)[n+]1[c-]n2ccccc2c1)C(=O)N[C@@H](Cc1ccc(O)cc1)C(=O)O,-8.9768,-11.519698
C[C@@H](O)[C@H](NC(=O)[C@H](CC(N)=O)[n+]1[c-]n2ccccc2c1)C(=O)O,-3.0482,-5.7616796
C[C@@H](O)[C@H](NC(=O)[C@H](CCC(=O)O)NC(=O)[C@H](C)[n+]1[c-]n2ccccc2c1)C(=O)O,-10.1079,-9.176962
C[C@@H](O)[C@H](NC(=O)[C@H](CCC(=O)O)NC(=O)[C@H](CS)[n+]1[c-]n2ccccc2c1)C(=O)O,-5.1416,-10.951186
C[C@@H](O)[C@H](NC(=O)[C@H](CCC(=O)O)NC(=O)[C@H](Cc1ccccc1)[n+]1[c-]n2ccccc2c1)C(=O)O,-15.359,-9.705324
C[C@@H](O)[C@H](NC(=O)[C@H](CCC(=O)O)[n+]1[c-]n2ccccc2c1)C(=O)N[C@@H](CC(=O)O)C(=O)O,-10.0251,-11.570681
C[C@@H](O)[C@H](NC(=O)[C@H](CCC(=O)O)[n+]1[c-]n2ccccc2c1)C(=O)N[C@@H](Cc1c[nH]c2ccccc12)C(=O)O,-7.8069,-9.540792
C[C@@H](O)[C@H](NC(=O)[C@H](CCC(=O)O)[n+]1[c-]n2ccccc2c1)C(=O)N[C@@H](Cc1ccc(O)cc1)C(=O)O,-7.7332,-5.5713725
C[C@@H](O)[C@H](NC(=O)[C@H](CCC(=O)O)[n+]1[c-]n2ccccc2c1)C(=O)O,-10.2449,-5.687662
C[C@@H](O)[C@H](NC(=O)[C@H](CCC(N)=O)NC(=O)[C@H](CCCNC(=N)N)[n+]1[c-]n2ccccc2c1)C(=O)O,-10.2315,-5.8266587
C[C@@H](O)[C@H](NC(=O)[C@H](CCC(N)=O)NC(=O)[C@H](Cc1c[nH]c2ccccc12)[n+]1[c-]n2ccccc2c1)C(=O)O,-11.2957,-9.338827
C[C@@H](O)[C@H](NC(=O)[C@H](CCC(N)=O)NC(=O)[C@H](Cc1ccc(O)cc1)[n+]1[c-]n2ccccc2c1)C(=O)O,-12.6455,-8.908713
C[C@@H](O)[C@H](NC(=O)[C@H](CCCNC(=N)N)NC(=O)[C@H](Cc1c[nH]cn1)[n+]1[c-]n2ccccc2c1)C(=O)O,-3.7264,-8.875282
C[C@@H](O)[C@H](NC(=O)[C@H](CCCNC(=N)N)NC(=O)[C@H](Cc1ccc(O)cc1)[n+]1[c-]n2ccccc2c1)C(=O)O,-10.7027,-7.688693
C[C@@H](O)[C@H](NC(=O)[C@H](CCCNC(=N)N)NC(=O)[C@H](Cc1ccccc1)[n+]1[c-]n2ccccc2c1)C(=O)O,-4.955,-8.068283
C[C@@H](O)[C@H](NC(=O)[C@H](CCCNC(=N)N)[n+]1[c-]n2ccccc2c1)C(=O)NCC(=O)O,-0.9228,-3.7465248
C[C@@H](O)[C@H](NC(=O)[C@H](CCCNC(=N)N)[n+]1[c-]n2ccccc2c1)C(=O)N[C@@H](CCC(N)=O)C(=O)O,-17.0488,-9.820892
C[C@@H](O)[C@H](NC(=O)[C@H](CCCNC(=N)N)[n+]1[c-]n2ccccc2c1)C(=O)N[C@@H](CO)C(=O)O,-7.9431,-7.3276153
C[C@@H](O)[C@H](NC(=O)[C@H](CCCNC(=N)N)[n+]1[c-]n2ccccc2c1)C(=O)N[C@@H](Cc1c[nH]c2ccccc12)C(=O)O,-1.6296,-9.874645
C[C@@H](O)[C@H](NC(=O)[C@H](CO)NC(=O)[C@H](C)[n+]1[c-]n2ccccc2c1)C(=O)O,-6.8541,-7.8309307
C[C@@H](O)[C@H](NC(=O)[C@H](CO)NC(=O)[C@H](Cc1c[nH]cn1)[n+]1[c-]n2ccccc2c1)C(=O)O,-9.3985,-10.135021
C[C@@H](O)[C@H](NC(=O)[C@H](CO)NC(=O)[C@H]([C@@H](C)O)[n+]1[c-]n2ccccc2c1)C(=O)O,-7.9034,-6.4899178
C[C@@H](O)[C@H](NC(=O)[C@H](CO)[n+]1[c-]n2ccccc2c1)C(=O)NCC(=O)O,-8.589,-6.1953273
C[C@@H](O)[C@H](NC(=O)[C@H](CO)[n+]1[c-]n2ccccc2c1)C(=O)N[C@@H](CCC(N)=O)C(=O)O,-11.6498,-13.686693
C[C@@H](O)[C@H](NC(=O)[C@H](CO)[n+]1[c-]n2ccccc2c1)C(=O)N[C@@H](CS)C(=O)O,-10.7323,-9.821689
C[C@@H](O)[C@H](NC(=O)[C@H](CO)[n+]1[c-]n2ccccc2c1)C(=O)N[C@@H](Cc1c[nH]cn1)C(=O)O,-7.507,-12.48831
C[C@@H](O)[C@H](NC(=O)[C@H](CS)NC(=O)[C@H](CC(N)=O)[n+]1[c-]n2ccccc2c1)C(=O)O,-11.3934,-7.1962852
C[C@@H](O)[C@H](NC(=O)[C@H](CS)NC(=O)[C@H](CCC(N)=O)[n+]1[c-]n2ccccc2c1)C(=O)O,-10.7869,-6.313779
C[C@@H](O)[C@H](NC(=O)[C@H](CS)[n+]1[c-]n2ccccc2c1)C(=O)NCC(=O)O,1.05,-5.7461762
C[C@@H](O)[C@H](NC(=O)[C@H](CS)[n+]1[c-]n2ccccc2c1)C(=O)N[C@@H](CCC(N)=O)C(=O)O,-10.97,-8.326634
C[C@@H](O)[C@H](NC(=O)[C@H](CS)[n+]1[c-]n2ccccc2c1)C(=O)N[C@@H](Cc1c[nH]cn1)C(=O)O,-4.269,-9.00422
C[C@@H](O)[C@H](NC(=O)[C@H](Cc1c[nH]c2ccccc12)NC(=O)[C@H](Cc1c[nH]cn1)[n+]1[c-]n2ccccc2c1)C(=O)O,-4.3522,-8.811701
C[C@@H](O)[C@H](NC(=O)[C@H](Cc1c[nH]c2ccccc12)[n+]1[c-]n2ccccc2c1)C(=O)N[C@@H](CC(=O)O)C(=O)O,-5.8496,-10.376087
C[C@@H](O)[C@H](NC(=O)[C@H](Cc1c[nH]cn1)NC(=O)[C@H](CC(=O)O)[n+]1[c-]n2ccccc2c1)C(=O)O,-6.6024,-8.468363
C[C@@H](O)[C@H](NC(=O)[C@H](Cc1c[nH]cn1)NC(=O)[C@H](CO)[n+]1[c-]n2ccccc2c1)C(=O)O,-11.0663,-9.38561
C[C@@H](O)[C@H](NC(=O)[C@H](Cc1c[nH]cn1)[n+]1[c-]n2ccccc2c1)C(=O)N[C@@H](Cc1c[nH]c2ccccc12)C(=O)O,-2.2031,-8.444749
C[C@@H](O)[C@H](NC(=O)[C@H](Cc1ccc(O)cc1)NC(=O)[C@H](CC(N)=O)[n+]1[c-]n2ccccc2c1)C(=O)O,-9.6992,-7.804061
C[C@@H](O)[C@H](NC(=O)[C@H](Cc1ccc(O)cc1)NC(=O)[C@H](Cc1c[nH]c2ccccc12)[n+]1[c-]n2ccccc2c1)C(=O)O,-12.2955,-10.020135
C[C@@H](O)[C@H](NC(=O)[C@H](Cc1ccc(O)cc1)NC(=O)[C@H](Cc1ccccc1)[n+]1[c-]n2ccccc2c1)C(=O)O,-10.0728,-6.921169
C[C@@H](O)[C@H](NC(=O)[C@H](Cc1ccc(O)cc1)[n+]1[c-]n2ccccc2c1)C(=O)N1CCC[C@H]1C(=O)O,-6.0583,-6.4128594
C[C@@H](O)[C@H](NC(=O)[C@H](Cc1ccc(O)cc1)[n+]1[c-]n2ccccc2c1)C(=O)N[C@@H](CCC(=O)O)C(=O)O,-11.1011,-8.315388
C[C@@H](O)[C@H](NC(=O)[C@H](Cc1ccc(O)cc1)[n+]1[c-]n2ccccc2c1)C(=O)N[C@@H](CCC(N)=O)C(=O)O,-4.6756,-5.9800367
C[C@@H](O)[C@H](NC(=O)[C@H](Cc1ccc(O)cc1)[n+]1[c-]n2ccccc2c1)C(=O)N[C@@H](Cc1c[nH]c2ccccc12)C(=O)O,-7.5158,-11.214066
C[C@@H](O)[C@H](NC(=O)[C@H](Cc1ccccc1)NC(=O)[C@H](CC(N)=O)[n+]1[c-]n2ccccc2c1)C(=O)O,-7.0332,-9.281705
C[C@@H](O)[C@H](NC(=O)[C@H](Cc1ccccc1)NC(=O)[C@H](CCC(N)=O)[n+]1[c-]n2ccccc2c1)C(=O)O,-15.6601,-8.580837
C[C@@H](O)[C@H](NC(=O)[C@H](Cc1ccccc1)NC(=O)[C@H](Cc1c[nH]cn1)[n+]1[c-]n2ccccc2c1)C(=O)O,-11.9104,-9.634663
C[C@@H](O)[C@H](NC(=O)[C@H](Cc1ccccc1)NC(=O)[C@H](Cc1ccc(O)cc1)[n+]1[c-]n2ccccc2c1)C(=O)O,-9.2915,-7.3822308
C[C@@H](O)[C@H](NC(=O)[C@H](Cc1ccccc1)[n+]1[c-]n2ccccc2c1)C(=O)N1CCC[C@H]1C(=O)O,-7.2315,-7.3994884
C[C@@H](O)[C@H](NC(=O)[C@H](Cc1ccccc1)[n+]1[c-]n2ccccc2c1)C(=O)N[C@@H](CC(=O)O)C(=O)O,-7.5752,-7.458389
C[C@@H](O)[C@H](NC(=O)[C@H]([C@@H](C)O)[n+]1[c-]n2ccccc2c1)C(=O)N[C@@H](CC(=O)O)C(=O)O,-6.5585,-7.8222218
C[C@@H](O)[C@H](NC(=O)[C@H]([C@@H](C)O)[n+]1[c-]n2ccccc2c1)C(=O)N[C@@H](CS)C(=O)O,-11.4544,-11.016231
C[C@H](NC(=O)CNC(=O)[C@H](CCC(=O)O)[n+]1[c-]n2ccccc2c1)C(=O)O,-7.9716,-8.453568
C[C@H](NC(=O)CNC(=O)[C@H]([C@@H](C)O)[n+]1[c-]n2ccccc2c1)C(=O)O,-5.835,-7.699644
C[C@H](NC(=O)C[n+]1[c-]n2ccccc2c1)C(=O)N[C@@H](CO)C(=O)O,-11.7053,-10.434111
C[C@H](NC(=O)C[n+]1[c-]n2ccccc2c1)C(=O)N[C@@H](CS)C(=O)O,-10.8243,-11.233698
C[C@H](NC(=O)C[n+]1[c-]n2ccccc2c1)C(=O)N[C@@H](Cc1c[nH]cn1)C(=O)O,-11.5662,-12.549367
C[C@H](NC(=O)C[n+]1[c-]n2ccccc2c1)C(=O)N[C@@H](Cc1ccc(O)cc1)C(=O)O,-13.639,-14.817404
C[C@H](NC(=O)[C@@H](NC(=O)[C@H](CCC(N)=O)[n+]1[c-]n2ccccc2c1)[C@@H](C)O)C(=O)O,-6.4125,-3.631384
C[C@H](NC(=O)[C@@H]1CCCN1C(=O)[C@H](CS)[n+]1[c-]n2ccccc2c1)C(=O)O,-7.1683,-7.3651943
C[C@H](NC(=O)[C@H](C)NC(=O)[C@H](CC(=O)O)[n+]1[c-]n2ccccc2c1)C(=O)O,-3.9651,-5.7341886
C[C@H](NC(=O)[C@H](C)NC(=O)[C@H](Cc1c[nH]cn1)[n+]1[c-]n2ccccc2c1)C(=O)O,-4.0865,-4.7880125
C[C@H](NC(=O)[C@H](C)[n+]1[c-]n2ccccc2c1)C(=O)N[C@@H](CS)C(=O)O,-6.8995,-6.790742
C[C@H](NC(=O)[C@H](CC(=O)O)NC(=O)[C@H](CC(=O)O)[n+]1[c-]n2ccccc2c1)C(=O)O,-2.2187,-3.2053187
C[C@H](NC(=O)[C@H](CC(=O)O)NC(=O)[C@H](CS)[n+]1[c-]n2ccccc2c1)C(=O)O,-4.3506,-2.6897078
C[C@H](NC(=O)[C@H](CC(=O)O)NC(=O)[C@H](Cc1c[nH]c2ccccc12)[n+]1[c-]n2ccccc2c1)C(=O)O,-4.7316,-5.1968684
C[C@H](NC(=O)[C@H](CC(=O)O)NC(=O)[C@H](Cc1ccc(O)cc1)[n+]1[c-]n2ccccc2c1)C(=O)O,-7.7755,-7.646543
C[C@H](NC(=O)[C@H](CC(=O)O)[n+]1[c-]n2ccccc2c1)C(=O)N[C@@H](CCC(=O)O)C(=O)O,-10.8547,-7.5642176
C[C@H](NC(=O)[C@H](CC(=O)O)[n+]1[c-]n2ccccc2c1)C(=O)N[C@@H](CCC(N)=O)C(=O)O,-9.377,-7.876462
C[C@H](NC(=O)[C@H](CC(N)=O)NC(=O)C[n+]1[c-]n2ccccc2c1)C(=O)O,-7.0545,-10.872961
C[C@H](NC(=O)[C@H](CC(N)=O)NC(=O)[C@H](C)[n+]1[c-]n2ccccc2c1)C(=O)O,-1.3066,-8.771744
C[C@H](NC(=O)[C@H](CC(N)=O)NC(=O)[C@H](CS)[n+]1[c-]n2ccccc2c1)C(=O)O,1.9656,-2.9779565
C[C@H](NC(=O)[C@H](CC(N)=O)[n+]1[c-]n2ccccc2c1)C(=O)N[C@@H](CC(N)=O)C(=O)O,-13.7896,-8.721821
C[C@H](NC(=O)[C@H](CC(N)=O)[n+]1[c-]n2ccccc2c1)C(=O)N[C@@H](CCC(=O)O)C(=O)O,-11.1195,-20.013815
C[C@H](NC(=O)[C@H](CC(N)=O)[n+]1[c-]n2ccccc2c1)C(=O)N[C@@H](CO)C(=O)O,-4.0474,-5.5810537
C[C@H](NC(=O)[C@H](CC(N)=O)[n+]1[c-]n2ccccc2c1)C(=O)N[C@@H](Cc1ccccc1)C(=O)O,-4.9115,-5.836437
C[C@H](NC(=O)[C@H](CCC(=O)O)NC(=O)[C@H](CC(N)=O)[n+]1[c-]n2ccccc2c1)C(=O)O,-6.0279,-7.771625
C[C@H](NC(=O)[C@H](CCC(=O)O)NC(=O)[C@H](CCCNC(=N)N)[n+]1[c-]n2ccccc2c1)C(=O)O,-11.8559,-9.471235
C[C@H](NC(=O)[C@H](CCC(=O)O)NC(=O)[C@H](Cc1ccccc1)[n+]1[c-]n2ccccc2c1)C(=O)O,-6.0766,-7.523448
C[C@H](NC(=O)[C@H](CCC(=O)O)[n+]1[c-]n2ccccc2c1)C(=O)N[C@@H](CS)C(=O)O,-3.2574,-10.333702
C[C@H](NC(=O)[C@H](CCC(=O)O)[n+]1[c-]n2ccccc2c1)C(=O)O,-0.7228,-4.8585567
C[C@H](NC(=O)[C@H](CCC(N)=O)NC(=O)[C@H](CO)[n+]1[c-]n2ccccc2c1)C(=O)O,-8.6489,-9.20528
C[C@H](NC(=O)[C@H](CCC(N)=O)NC(=O)[C@H](Cc1c[nH]c2ccccc12)[n+]1[c-]n2ccccc2c1)C(=O)O,-10.4954,-8.73357
C[C@H](NC(=O)[C@H](CCC(N)=O)NC(=O)[C@H](Cc1c[nH]cn1)[n+]1[c-]n2ccccc2c1)C(=O)O,-10.153,-9.320551
C[C@H](NC(=O)[C@H](CCC(N)=O)NC(=O)[C@H](Cc1ccc(O)cc1)[n+]1[c-]n2ccccc2c1)C(=O)O,-9.9104,-8.848988
C[C@H](NC(=O)[C@H](CCC(N)=O)NC(=O)[C@H]([C@@H](C)O)[n+]1[c-]n2ccccc2c1)C(=O)O,-9.0896,-7.9095697
C[C@H](NC(=O)[C@H](CCC(N)=O)[n+]1[c-]n2ccccc2c1)C(=O)N[C@@H](CC(N)=O)C(=O)O,-10.9084,-8.388925
C[C@H](NC(=O)[C@H](CCC(N)=O)[n+]1[c-]n2ccccc2c1)C(=O)N[C@@H](CS)C(=O)O,-11.5813,-7.6881943
C[C@H](NC(=O)[C@H](CCCNC(=N)N)NC(=O)[C@H](CCC(N)=O)[n+]1[c-]n2ccccc2c1)C(=O)O,-10.4623,-7.471266
C[C@H](NC(=O)[C@H](CCCNC(=N)N)NC(=O)[C@H](Cc1ccccc1)[n+]1[c-]n2ccccc2c1)C(=O)O,2.1941,-7.487499
C[C@H](NC(=O)[C@H](CCCNC(=N)N)NC(=O)[C@H]([C@@H](C)O)[n+]1[c-]n2ccccc2c1)C(=O)O,-11.2281,-9.557764
C[C@H](NC(=O)[C@H](CCCNC(=N)N)[n+]1[c-]n2ccccc2c1)C(=O)NCC(=O)O,-0.5277,-3.4941807
C[C@H](NC(=O)[C@H](CCCNC(=N)N)[n+]1[c-]n2ccccc2c1)C(=O)N[C@@H](CS)C(=O)O,-3.3192,-10.102518
C[C@H](NC(=O)[C@H](CCCNC(=N)N)[n+]1[c-]n2ccccc2c1)C(=O)N[C@@H](Cc1ccc(O)cc1)C(=O)O,16.2578,-8.388421
C[C@H](NC(=O)[C@H](CCCNC(=N)N)[n+]1[c-]n2ccccc2c1)C(=O)O,-11.1853,-8.600482
C[C@H](NC(=O)[C@H](CO)NC(=O)[C@H](C)[n+]1[c-]n2ccccc2c1)C(=O)O,-5.1077,-5.6162753
C[C@H](NC(=O)[C@H](CO)NC(=O)[C@H](CC(=O)O)[n+]1[c-]n2ccccc2c1)C(=O)O,-0.7373,-5.9173894
C[C@H](NC(=O)[C@H](CO)NC(=O)[C@H](Cc1c[nH]cn1)[n+]1[c-]n2ccccc2c1)C(=O)O,-4.6695,-6.7255087
C[C@H](NC(=O)[C@H](CO)[n+]1[c-]n2ccccc2c1)C(=O)N[C@@H](CC(=O)O)C(=O)O,-6.3921,-8.2887335
C[C@H](NC(=O)[C@H](CO)[n+]1[c-]n2ccccc2c1)C(=O)N[C@@H](CC(N)=O)C(=O)O,-13.2079,-10.890524
C[C@H](NC(=O)[C@H](CO)[n+]1[c-]n2ccccc2c1)C(=O)O,-9.7608,-6.039895
C[C@H](NC(=O)[C@H](CS)NC(=O)C[n+]1[c-]n2ccccc2c1)C(=O)O,-12.1449,-10.111425
C[C@H](NC(=O)[C@H](CS)NC(=O)[C@H](CCCNC(=N)N)[n+]1[c-]n2ccccc2c1)C(=O)O,-8.4114,-7.3800592
C[C@H](NC(=O)[C@H](CS)NC(=O)[C@H](CS)[n+]1[c-]n2ccccc2c1)C(=O)O,-5.019,-7.6591053
C[C@H](NC(=O)[C@H](CS)[n+]1[c-]n2ccccc2c1)C(=O)N[C@@H](CCC(=O)O)C(=O)O,-12.8853,-9.93391
C[C@H](NC(=O)[C@H](CS)[n+]1[c-]n2ccccc2c1)C(=O)N[C@@H](CCC(N)=O)C(=O)O,-12.0058,-8.902868
C[C@H](NC(=O)[C@H](CS)[n+]1[c-]n2ccccc2c1)C(=O)N[C@@H](CCCNC(=N)N)C(=O)O,-6.9571,-5.722213
C[C@H](NC(=O)[C@H](CS)[n+]1[c-]n2ccccc2c1)C(=O)N[C@H](C(=O)O)[C@@H](C)O,-3.0617,-5.7887535
C[C@H](NC(=O)[C@H](CS)[n+]1[c-]n2ccccc2c1)C(=O)O,-2.3258,-4.112849
C[C@H](NC(=O)[C@H](Cc1c[nH]c2ccccc12)NC(=O)C[n+]1[c-]n2ccccc2c1)C(=O)O,-7.3227,-9.775858
C[C@H](NC(=O)[C@H](Cc1c[nH]c2ccccc12)NC(=O)[C@H](CCC(N)=O)[n+]1[c-]n2ccccc2c1)C(=O)O,-3.6252,-9.3155155
C[C@H](NC(=O)[C@H](Cc1c[nH]c2ccccc12)NC(=O)[C@H](Cc1c[nH]c2ccccc12)[n+]1[c-]n2ccccc2c1)C(=O)O,-4.3741,-7.840437
C[C@H](NC(=O)[C@H](Cc1c[nH]c2ccccc12)[n+]1[c-]n2ccccc2c1)C(=O)N[C@@H](CCC(N)=O)C(=O)O,-16.3738,-8.985079
C[C@H](NC(=O)[C@H](Cc1c[nH]c2ccccc12)[n+]1[c-]n2ccccc2c1)C(=O)N[C@@H](CCCNC(=N)N)C(=O)O,-6.3966,-8.348768
C[C@H](NC(=O)[C@H](Cc1c[nH]c2ccccc12)[n+]1[c-]n2ccccc2c1)C(=O)N[C@@H](CO)C(=O)O,-0.5617,-4.7108955
C[C@H](NC(=O)[C@H](Cc1c[nH]cn1)NC(=O)[C@H](CC(N)=O)[n+]1[c-]n2ccccc2c1)C(=O)O,-12.5183,-9.358257
C[C@H](NC(=O)[C@H](Cc1c[nH]cn1)NC(=O)[C@H](CCC(N)=O)[n+]1[c-]n2ccccc2c1)C(=O)O,-11.3603,-9.601302
C[C@H](NC(=O)[C@H](Cc1c[nH]cn1)NC(=O)[C@H](CO)[n+]1[c-]n2ccccc2c1)C(=O)O,-9.7715,-6.601551
C[C@H](NC(=O)[C@H](Cc1c[nH]cn1)NC(=O)[C@H](Cc1ccc(O)cc1)[n+]1[c-]n2ccccc2c1)C(=O)O,-8.9458,-8.429794
C[C@H](NC(=O)[C@H](Cc1c[nH]cn1)NC(=O)[C@H](Cc1ccccc1)[n+]1[c-]n2ccccc2c1)C(=O)O,-8.9533,-7.609791
C[C@H](NC(=O)[C@H](Cc1ccc(O)cc1)NC(=O)[C@H](CCC(=O)O)[n+]1[c-]n2ccccc2c1)C(=O)O,-6.7867,-3.8143914
C[C@H](NC(=O)[C@H](Cc1ccc(O)cc1)NC(=O)[C@H](CO)[n+]1[c-]n2ccccc2c1)C(=O)O,-4.211,-8.764309
C[C@H](NC(=O)[C@H](Cc1ccc(O)cc1)[n+]1[c-]n2ccccc2c1)C(=O)N[C@@H](CC(=O)O)C(=O)O,-13.9044,-7.9932494
C[C@H](NC(=O)[C@H](Cc1ccc(O)cc1)[n+]1[c-]n2ccccc2c1)C(=O)N[C@@H](CO)C(=O)O,-5.6567,-6.9302297
C[C@H](NC(=O)[C@H](Cc1ccc(O)cc1)[n+]1[c-]n2ccccc2c1)C(=O)N[C@H](C(=O)O)[C@@H](C)O,-5.4157,-6.715174
C[C@H](NC(=O)[C@H](Cc1ccccc1)NC(=O)[C@H](CO)[n+]1[c-]n2ccccc2c1)C(=O)O,-6.3611,-7.633998
C[C@H](NC(=O)[C@H](Cc1ccccc1)[n+]1[c-]n2ccccc2c1)C(=O)N[C@@H](Cc1c[nH]c2ccccc12)C(=O)O,-8.4703,-11.812437
C[C@H](NC(=O)[C@H]([C@@H](C)O)[n+]1[c-]n2ccccc2c1)C(=O)N[C@@H](CC(N)=O)C(=O)O,-12.2189,-9.47283
C[C@H](NC(=O)[C@H]([C@@H](C)O)[n+]1[c-]n2ccccc2c1)C(=O)N[C@@H](CCCNC(=N)N)C(=O)O,-11.9505,-10.58588
C[C@H](NC(=O)[C@H]([C@@H](C)O)[n+]1[c-]n2ccccc2c1)C(=O)N[C@@H](CS)C(=O)O,-5.9081,-7.3265676
C[C@H](NC(=O)[C@H]([C@@H](C)O)[n+]1[c-]n2ccccc2c1)C(=O)N[C@@H](Cc1c[nH]c2ccccc12)C(=O)O,-11.9235,-10.289171
C[C@H](NC(=O)[C@H]([C@@H](C)O)[n+]1[c-]n2ccccc2c1)C(=O)N[C@@H](Cc1c[nH]cn1)C(=O)O,-3.3597,-8.654553
N=C(N)NCCC[C@@H](C(=O)N1CCC[C@H]1C(=O)O)[n+]1[c-]n2ccccc2c1,-6.3726,-9.134172
N=C(N)NCCC[C@@H](C(=O)NCC(=O)N[C@@H](Cc1ccc(O)cc1)C(=O)O)[n+]1[c-]n2ccccc2c1,-7.4551,-11.698446
N=C(N)NCCC[C@@H](C(=O)N[C@@H](CC(=O)O)C(=O)N[C@@H](CS)C(=O)O)[n+]1[c-]n2ccccc2c1,-10.2836,-10.335742
N=C(N)NCCC[C@@H](C(=O)N[C@@H](CC(=O)O)C(=O)N[C@@H](Cc1c[nH]c2ccccc12)C(=O)O)[n+]1[c-]n2ccccc2c1,-3.7014,-9.866034
N=C(N)NCCC[C@@H](C(=O)N[C@@H](CC(N)=O)C(=O)N[C@@H](CC(N)=O)C(=O)O)[n+]1[c-]n2ccccc2c1,-7.4431,-12.014541
N=C(N)NCCC[C@@H](C(=O)N[C@@H](CC(N)=O)C(=O)N[C@@H](CO)C(=O)O)[n+]1[c-]n2ccccc2c1,-4.887,-8.528244
N=C(N)NCCC[C@@H](C(=O)N[C@@H](CC(N)=O)C(=O)N[C@@H](CS)C(=O)O)[n+]1[c-]n2ccccc2c1,-3.9309,-8.370865
N=C(N)NCCC[C@@H](C(=O)N[C@@H](CC(N)=O)C(=O)N[C@@H](Cc1c[nH]c2ccccc12)C(=O)O)[n+]1[c-]n2ccccc2c1,-9.7128,-12.958054
N=C(N)NCCC[C@@H](C(=O)N[C@@H](CC(N)=O)C(=O)O)[n+]1[c-]n2ccccc2c1,-9.9442,-9.793923
N=C(N)NCCC[C@@H](C(=O)N[C@@H](CCC(=O)O)C(=O)N1CCC[C@H]1C(=O)O)[n+]1[c-]n2ccccc2c1,-13.8063,-5.8082066
N=C(N)NCCC[C@@H](C(=O)N[C@@H](CCC(=O)O)C(=O)NCC(=O)O)[n+]1[c-]n2ccccc2c1,-7.1367,-9.217356
N=C(N)NCCC[C@@H](C(=O)N[C@@H](CCC(=O)O)C(=O)N[C@@H](Cc1c[nH]cn1)C(=O)O)[n+]1[c-]n2ccccc2c1,-10.3352,-8.856866
N=C(N)NCCC[C@@H](C(=O)N[C@@H](CCC(=O)O)C(=O)N[C@@H](Cc1ccccc1)C(=O)O)[n+]1[c-]n2ccccc2c1,-10.404,-9.599878
N=C(N)NCCC[C@@H](C(=O)N[C@@H](CCC(N)=O)C(=O)NCC(=O)O)[n+]1[c-]n2ccccc2c1,-7.9119,-5.966518
N=C(N)NCCC[C@@H](C(=O)N[C@@H](CCC(N)=O)C(=O)N[C@@H](CCC(=O)O)C(=O)O)[n+]1[c-]n2ccccc2c1,-7.5018,-10.415144
N=C(N)NCCC[C@@H](C(=O)N[C@@H](CO)C(=O)N1CCC[C@H]1C(=O)O)[n+]1[c-]n2ccccc2c1,-4.3901,-5.5238
N=C(N)NCCC[C@@H](C(=O)N[C@@H](CO)C(=O)NCC(=O)O)[n+]1[c-]n2ccccc2c1,-2.9727,-4.6079593
N=C(N)NCCC[C@@H](C(=O)N[C@@H](CO)C(=O)N[C@@H](Cc1ccc(O)cc1)C(=O)O)[n+]1[c-]n2ccccc2c1,-4.4127,-8.015046
N=C(N)NCCC[C@@H](C(=O)N[C@@H](CS)C(=O)N[C@@H](Cc1c[nH]c2ccccc12)C(=O)O)[n+]1[c-]n2ccccc2c1,-7.7022,-10.94387
N=C(N)NCCC[C@@H](C(=O)N[C@@H](CS)C(=O)N[C@@H](Cc1ccc(O)cc1)C(=O)O)[n+]1[c-]n2ccccc2c1,-8.485,-10.20171
N=C(N)NCCC[C@@H](C(=O)N[C@@H](Cc1c[nH]c2ccccc12)C(=O)N[C@@H](CCC(=O)O)C(=O)O)[n+]1[c-]n2ccccc2c1,-6.1126,-15.1842985
N=C(N)NCCC[C@@H](C(=O)N[C@@H](Cc1c[nH]cn1)C(=O)NCC(=O)O)[n+]1[c-]n2ccccc2c1,1.0814,-7.085882
N=C(N)NCCC[C@@H](C(=O)N[C@@H](Cc1c[nH]cn1)C(=O)N[C@@H](CC(=O)O)C(=O)O)[n+]1[c-]n2ccccc2c1,-8.4974,-7.672495
N=C(N)NCCC[C@@H](C(=O)N[C@@H](Cc1c[nH]cn1)C(=O)N[C@@H](CC(N)=O)C(=O)O)[n+]1[c-]n2ccccc2c1,-11.8435,-8.418418
N=C(N)NCCC[C@@H](C(=O)N[C@@H](Cc1ccc(O)cc1)C(=O)N1CCC[C@H]1C(=O)O)[n+]1[c-]n2ccccc2c1,-9.1257,-13.890439
N=C(N)NCCC[C@@H](C(=O)N[C@@H](Cc1ccc(O)cc1)C(=O)N[C@@H](CC(=O)O)C(=O)O)[n+]1[c-]n2ccccc2c1,-16.866,-15.253523
N=C(N)NCCC[C@@H](C(=O)N[C@@H](Cc1ccc(O)cc1)C(=O)N[C@@H](CC(N)=O)C(=O)O)[n+]1[c-]n2ccccc2c1,-8.892,-7.2610035
N=C(N)NCCC[C@@H](C(=O)N[C@@H](Cc1ccc(O)cc1)C(=O)N[C@@H](CCC(=O)O)C(=O)O)[n+]1[c-]n2ccccc2c1,-1.765,-10.517204
N=C(N)NCCC[C@@H](C(=O)N[C@@H](Cc1ccc(O)cc1)C(=O)N[C@@H](Cc1c[nH]c2ccccc12)C(=O)O)[n+]1[c-]n2ccccc2c1,-4.5535,-13.133154
N=C(N)NCCC[C@@H](C(=O)N[C@@H](Cc1ccccc1)C(=O)N[C@@H](CCC(=O)O)C(=O)O)[n+]1[c-]n2ccccc2c1,-0.1621,-4.9490585
N=C(N)NCCC[C@H](NC(=O)C[n+]1[c-]n2ccccc2c1)C(=O)N1CCC[C@H]1C(=O)O,-13.2841,-10.4242
N=C(N)NCCC[C@H](NC(=O)C[n+]1[c-]n2ccccc2c1)C(=O)N[C@@H](CCC(N)=O)C(=O)O,-11.1377,-7.81211
N=C(N)NCCC[C@H](NC(=O)[C@@H]1CCCN1C(=O)[C@H](CCCNC(=N)N)[n+]1[c-]n2ccccc2c1)C(=O)O,-1.4792,-5.3895206
N=C(N)NCCC[C@H](NC(=O)[C@@H]1CCCN1C(=O)[C@H](CS)[n+]1[c-]n2ccccc2c1)C(=O)O,-11.5672,-8.372806
N=C(N)NCCC[C@H](NC(=O)[C@H](CC(=O)O)NC(=O)C[n+]1[c-]n2ccccc2c1)C(=O)O,-14.7188,-13.667724
N=C(N)NCCC[C@H](NC(=O)[C@H](CC(=O)O)NC(=O)[C@H](CC(=O)O)[n+]1[c-]n2ccccc2c1)C(=O)O,2.193,-9.546713
N=C(N)NCCC[C@H](NC(=O)[C@H](CC(=O)O)NC(=O)[C@H](Cc1c[nH]cn1)[n+]1[c-]n2ccccc2c1)C(=O)O,-6.2876,-9.938773
N=C(N)NCCC[C@H](NC(=O)[C@H](CC(=O)O)[n+]1[c-]n2ccccc2c1)C(=O)NCC(=O)O,-20.4383,-19.521019
N=C(N)NCCC[C@H](NC(=O)[C@H](CC(=O)O)[n+]1[c-]n2ccccc2c1)C(=O)N[C@@H](CCC(=O)O)C(=O)O,-10.5996,-12.147686
N=C(N)NCCC[C@H](NC(=O)[C@H](CC(=O)O)[n+]1[c-]n2ccccc2c1)C(=O)N[C@@H](CCC(N)=O)C(=O)O,-8.4985,-9.546031
N=C(N)NCCC[C@H](NC(=O)[C@H](CC(=O)O)[n+]1[c-]n2ccccc2c1)C(=O)N[C@@H](Cc1c[nH]c2ccccc12)C(=O)O,-11.1551,-13.250191
N=C(N)NCCC[C@H](NC(=O)[C@H](CC(N)=O)NC(=O)[C@H](CC(=O)O)[n+]1[c-]n2ccccc2c1)C(=O)O,-12.119,-12.484273
N=C(N)NCCC[C@H](NC(=O)[C@H](CC(N)=O)NC(=O)[C@H](CCC(=O)O)[n+]1[c-]n2ccccc2c1)C(=O)O,-5.6697,-10.330544
N=C(N)NCCC[C@H](NC(=O)[C@H](CC(N)=O)NC(=O)[C@H](CS)[n+]1[c-]n2ccccc2c1)C(=O)O,-8.1041,-7.393197
N=C(N)NCCC[C@H](NC(=O)[C@H](CC(N)=O)NC(=O)[C@H](Cc1c[nH]c2ccccc12)[n+]1[c-]n2ccccc2c1)C(=O)O,-4.6099,-9.395404
N=C(N)NCCC[C@H](NC(=O)[C@H](CC(N)=O)[n+]1[c-]n2ccccc2c1)C(=O)N[C@@H](Cc1ccc(O)cc1)C(=O)O,-10.7438,-10.687617
N=C(N)NCCC[C@H](NC(=O)[C@H](CCC(=O)O)NC(=O)[C@H](CCC(N)=O)[n+]1[c-]n2ccccc2c1)C(=O)O,-6.8311,-10.726036
N=C(N)NCCC[C@H](NC(=O)[C@H](CCC(=O)O)NC(=O)[C@H](CO)[n+]1[c-]n2ccccc2c1)C(=O)O,-20.0847,-9.820593
N=C(N)NCCC[C@H](NC(=O)[C@H](CCC(N)=O)NC(=O)[C@H](CO)[n+]1[c-]n2ccccc2c1)C(=O)O,-22.2812,-14.490307
N=C(N)NCCC[C@H](NC(=O)[C@H](CCC(N)=O)NC(=O)[C@H](CS)[n+]1[c-]n2ccccc2c1)C(=O)O,-10.9956,-7.9844036
N=C(N)NCCC[C@H](NC(=O)[C@H](CCC(N)=O)[n+]1[c-]n2ccccc2c1)C(=O)N[C@@H](CC(N)=O)C(=O)O,-7.9037,-8.806121
N=C(N)NCCC[C@H](NC(=O)[C@H](CCC(N)=O)[n+]1[c-]n2ccccc2c1)C(=O)N[C@@H](CCC(=O)O)C(=O)O,-10.1054,-9.796031
N=C(N)NCCC[C@H](NC(=O)[C@H](CCCNC(=N)N)NC(=O)C[n+]1[c-]n2ccccc2c1)C(=O)O,-13.8766,-14.157501
N=C(N)NCCC[C@H](NC(=O)[C@H](CCCNC(=N)N)NC(=O)[C@H](CC(=O)O)[n+]1[c-]n2ccccc2c1)C(=O)O,-11.2396,-17.778172
N=C(N)NCCC[C@H](NC(=O)[C@H](CCCNC(=N)N)NC(=O)[C@H](CCC(N)=O)[n+]1[c-]n2ccccc2c1)C(=O)O,-6.1948,-10.443722
N=C(N)NCCC[C@H](NC(=O)[C@H](CCCNC(=N)N)NC(=O)[C@H](CO)[n+]1[c-]n2ccccc2c1)C(=O)O,-11.2077,-10.166706
N=C(N)NCCC[C@H](NC(=O)[C@H](CCCNC(=N)N)[n+]1[c-]n2ccccc2c1)C(=O)N1CCC[C@H]1C(=O)O,-2.694,-7.453498
N=C(N)NCCC[C@H](NC(=O)[C@H](CCCNC(=N)N)[n+]1[c-]n2ccccc2c1)C(=O)N[C@@H](CCC(N)=O)C(=O)O,-5.9303,-12.489054
N=C(N)NCCC[C@H](NC(=O)[C@H](CCCNC(=N)N)[n+]1[c-]n2ccccc2c1)C(=O)N[C@@H](CS)C(=O)O,-9.8739,-10.055238
N=C(N)NCCC[C@H](NC(=O)[C@H](CCCNC(=N)N)[n+]1[c-]n2ccccc2c1)C(=O)N[C@@H](Cc1c[nH]c2ccccc12)C(=O)O,-5.5442,-10.874035
N=C(N)NCCC[C@H](NC(=O)[C@H](CO)NC(=O)[C@H](CS)[n+]1[c-]n2ccccc2c1)C(=O)O,-5.3193,-8.14068
N=C(N)NCCC[C@H](NC(=O)[C@H](CO)NC(=O)[C@H](Cc1ccc(O)cc1)[n+]1[c-]n2ccccc2c1)C(=O)O,-3.9293,-10.359124
N=C(N)NCCC[C@H](NC(=O)[C@H](CO)[n+]1[c-]n2ccccc2c1)C(=O)N[C@@H](Cc1ccccc1)C(=O)O,-6.3698,-9.777107
N=C(N)NCCC[C@H](NC(=O)[C@H](CO)[n+]1[c-]n2ccccc2c1)C(=O)O,-12.73,-7.1638517
N=C(N)NCCC[C@H](NC(=O)[C@H](CS)NC(=O)[C@H](CCC(N)=O)[n+]1[c-]n2ccccc2c1)C(=O)O,-11.2047,-7.4680758
N=C(N)NCCC[C@H](NC(=O)[C@H](CS)[n+]1[c-]n2ccccc2c1)C(=O)N[C@@H](CCC(=O)O)C(=O)O,-7.931,-10.347649
N=C(N)NCCC[C@H](NC(=O)[C@H](CS)[n+]1[c-]n2ccccc2c1)C(=O)N[C@@H](Cc1ccc(O)cc1)C(=O)O,-8.7236,-12.964653
N=C(N)NCCC[C@H](NC(=O)[C@H](Cc1c[nH]c2ccccc12)NC(=O)[C@H](CC(=O)O)[n+]1[c-]n2ccccc2c1)C(=O)O,-6.7319,-16.983238
N=C(N)NCCC[C@H](NC(=O)[C@H](Cc1c[nH]c2ccccc12)NC(=O)[C@H](CCC(N)=O)[n+]1[c-]n2ccccc2c1)C(=O)O,-14.8767,-10.550133
N=C(N)NCCC[C@H](NC(=O)[C@H](Cc1c[nH]c2ccccc12)[n+]1[c-]n2ccccc2c1)C(=O)NCC(=O)O,-8.215,-9.209362
N=C(N)NCCC[C@H](NC(=O)[C@H](Cc1c[nH]c2ccccc12)[n+]1[c-]n2ccccc2c1)C(=O)N[C@@H](CCC(N)=O)C(=O)O,-8.7895,-9.653944
N=C(N)NCCC[C@H](NC(=O)[C@H](Cc1c[nH]c2ccccc12)[n+]1[c-]n2ccccc2c1)C(=O)N[C@@H](Cc1ccc(O)cc1)C(=O)O,-8.6448,-12.00526
N=C(N)NCCC[C@H](NC(=O)[C@H](Cc1c[nH]cn1)NC(=O)[C@H](CC(=O)O)[n+]1[c-]n2ccccc2c1)C(=O)O,-3.7531,-8.159439
N=C(N)NCCC[C@H](NC(=O)[C@H](Cc1c[nH]cn1)NC(=O)[C@H](CO)[n+]1[c-]n2ccccc2c1)C(=O)O,-17.324,-11.513851
N=C(N)NCCC[C@H](NC(=O)[C@H](Cc1c[nH]cn1)[n+]1[c-]n2ccccc2c1)C(=O)N[C@@H](CS)C(=O)O,-7.9403,-8.007002
N=C(N)NCCC[C@H](NC(=O)[C@H](Cc1c[nH]cn1)[n+]1[c-]n2ccccc2c1)C(=O)N[C@@H](Cc1ccc(O)cc1)C(=O)O,-1.1544,-10.581677
N=C(N)NCCC[C@H](NC(=O)[C@H](Cc1c[nH]cn1)[n+]1[c-]n2ccccc2c1)C(=O)N[C@@H](Cc1ccccc1)C(=O)O,-6.1262,-10.454396
N=C(N)NCCC[C@H](NC(=O)[C@H](Cc1ccc(O)cc1)[n+]1[c-]n2ccccc2c1)C(=O)N1CCC[C@H]1C(=O)O,-3.7857,-10.097457
N=C(N)NCCC[C@H](NC(=O)[C@H](Cc1ccccc1)NC(=O)[C@H](CC(=O)O)[n+]1[c-]n2ccccc2c1)C(=O)O,-7.3557,-9.283274
N=C(N)NCCC[C@H](NC(=O)[C@H](Cc1ccccc1)NC(=O)[C@H](CCC(=O)O)[n+]1[c-]n2ccccc2c1)C(=O)O,-12.1677,-9.617625
N=C(N)NCCC[C@H](NC(=O)[C@H](Cc1ccccc1)NC(=O)[C@H](CCC(N)=O)[n+]1[c-]n2ccccc2c1)C(=O)O,-8.4706,-9.627722
N=C(N)NCCC[C@H](NC(=O)[C@H](Cc1ccccc1)NC(=O)[C@H](Cc1c[nH]c2ccccc12)[n+]1[c-]n2ccccc2c1)C(=O)O,-10.4192,-13.0946
N=C(N)NCCC[C@H](NC(=O)[C@H](Cc1ccccc1)[n+]1[c-]n2ccccc2c1)C(=O)NCC(=O)O,-13.0733,-9.26733
N=C(N)NCCC[C@H](NC(=O)[C@H](Cc1ccccc1)[n+]1[c-]n2ccccc2c1)C(=O)N[C@@H](CCC(=O)O)C(=O)O,-15.7001,-12.511117
N=C(N)NCCC[C@H](NC(=O)[C@H](Cc1ccccc1)[n+]1[c-]n2ccccc2c1)C(=O)N[C@@H](CCC(N)=O)C(=O)O,-9.2418,-8.425024
N=C(N)NCCC[C@H](NC(=O)[C@H](Cc1ccccc1)[n+]1[c-]n2ccccc2c1)C(=O)N[C@@H](CS)C(=O)O,-1.5855,-6.418344
N=C(N)NCCC[C@H](NC(=O)[C@H](Cc1ccccc1)[n+]1[c-]n2ccccc2c1)C(=O)N[C@@H](Cc1c[nH]cn1)C(=O)O,-8.8749,-12.142787
NC(=O)CC[C@@H](C(=O)N1CCC[C@H]1C(=O)N[C@@H](CC(N)=O)C(=O)O)[n+]1[c-]n2ccccc2c1,-9.5684,-8.385653
NC(=O)CC[C@@H](C(=O)N1CCC[C@H]1C(=O)N[C@@H](CS)C(=O)O)[n+]1[c-]n2ccccc2c1,-11.9534,-8.998678
NC(=O)CC[C@@H](C(=O)N1CCC[C@H]1C(=O)N[C@@H](Cc1c[nH]c2ccccc12)C(=O)O)[n+]1[c-]n2ccccc2c1,-9.7354,-9.191433
NC(=O)CC[C@@H](C(=O)NCC(=O)N[C@@H](CS)C(=O)O)[n+]1[c-]n2ccccc2c1,-5.8196,-8.2970495
NC(=O)CC[C@@H](C(=O)NCC(=O)N[C@@H](Cc1c[nH]cn1)C(=O)O)[n+]1[c-]n2ccccc2c1,-9.797,-7.5169086
NC(=O)CC[C@@H](C(=O)N[C@@H](CC(=O)O)C(=O)NCC(=O)O)[n+]1[c-]n2ccccc2c1,-2.1795,-6.423024
NC(=O)CC[C@@H](C(=O)N[C@@H](CC(=O)O)C(=O)N[C@@H](Cc1c[nH]cn1)C(=O)O)[n+]1[c-]n2ccccc2c1,-12.173,-11.318258
NC(=O)CC[C@@H](C(=O)N[C@@H](CC(N)=O)C(=O)N[C@@H](CC(=O)O)C(=O)O)[n+]1[c-]n2ccccc2c1,-14.6986,-12.25264
NC(=O)CC[C@@H](C(=O)N[C@@H](CC(N)=O)C(=O)O)[n+]1[c-]n2ccccc2c1,-6.477,-9.129501
NC(=O)CC[C@@H](C(=O)N[C@@H](CCC(=O)O)C(=O)N[C@@H](Cc1ccc(O)cc1)C(=O)O)[n+]1[c-]n2ccccc2c1,-21.1917,-10.5354805
NC(=O)CC[C@@H](C(=O)N[C@@H](CO)C(=O)NCC(=O)O)[n+]1[c-]n2ccccc2c1,-3.023,-8.165768
NC(=O)CC[C@@H](C(=O)N[C@@H](CO)C(=O)N[C@@H](CCC(=O)O)C(=O)O)[n+]1[c-]n2ccccc2c1,-8.203,-10.38237
NC(=O)CC[C@@H](C(=O)N[C@@H](CS)C(=O)N[C@@H](CCC(=O)O)C(=O)O)[n+]1[c-]n2ccccc2c1,-9.3689,-7.392956
NC(=O)CC[C@@H](C(=O)N[C@@H](CS)C(=O)N[C@@H](Cc1c[nH]c2ccccc12)C(=O)O)[n+]1[c-]n2ccccc2c1,-9.089,-6.8418474
NC(=O)CC[C@@H](C(=O)N[C@@H](CS)C(=O)O)[n+]1[c-]n2ccccc2c1,-1.5137,-7.0585065
NC(=O)CC[C@@H](C(=O)N[C@@H](Cc1c[nH]c2ccccc12)C(=O)N1CCC[C@H]1C(=O)O)[n+]1[c-]n2ccccc2c1,-7.4027,-8.917867
NC(=O)CC[C@@H](C(=O)N[C@@H](Cc1c[nH]c2ccccc12)C(=O)NCC(=O)O)[n+]1[c-]n2ccccc2c1,-14.7583,-13.259794
NC(=O)CC[C@@H](C(=O)N[C@@H](Cc1c[nH]c2ccccc12)C(=O)N[C@@H](Cc1ccc(O)cc1)C(=O)O)[n+]1[c-]n2ccccc2c1,-14.7105,-12.658672
NC(=O)CC[C@@H](C(=O)N[C@@H](Cc1c[nH]c2ccccc12)C(=O)O)[n+]1[c-]n2ccccc2c1,-6.3508,-8.058191
NC(=O)CC[C@@H](C(=O)N[C@@H](Cc1c[nH]cn1)C(=O)N[C@@H](CS)C(=O)O)[n+]1[c-]n2ccccc2c1,-8.7945,-10.344779
NC(=O)CC[C@@H](C(=O)N[C@@H](Cc1c[nH]cn1)C(=O)N[C@@H](Cc1ccc(O)cc1)C(=O)O)[n+]1[c-]n2ccccc2c1,-17.0152,-10.435827
NC(=O)CC[C@@H](C(=O)N[C@@H](Cc1ccc(O)cc1)C(=O)N[C@@H](CO)C(=O)O)[n+]1[c-]n2ccccc2c1,-6.04,-7.288762
NC(=O)CC[C@@H](C(=O)N[C@@H](Cc1ccc(O)cc1)C(=O)N[C@@H](Cc1c[nH]cn1)C(=O)O)[n+]1[c-]n2ccccc2c1,-10.1584,-8.187267
NC(=O)CC[C@@H](C(=O)N[C@@H](Cc1ccccc1)C(=O)NCC(=O)O)[n+]1[c-]n2ccccc2c1,-5.3166,-11.286568
NC(=O)CC[C@@H](C(=O)N[C@@H](Cc1ccccc1)C(=O)N[C@@H](CO)C(=O)O)[n+]1[c-]n2ccccc2c1,-8.6867,-13.303806
NC(=O)CC[C@@H](C(=O)N[C@@H](Cc1ccccc1)C(=O)N[C@@H](Cc1c[nH]c2ccccc12)C(=O)O)[n+]1[c-]n2ccccc2c1,-9.4544,-9.849474
NC(=O)CC[C@@H](C(=O)N[C@@H](Cc1ccccc1)C(=O)N[C@@H](Cc1c[nH]cn1)C(=O)O)[n+]1[c-]n2ccccc2c1,-8.1279,-8.098235
NC(=O)CC[C@H](NC(=O)CNC(=O)[C@H](CC(N)=O)[n+]1[c-]n2ccccc2c1)C(=O)O,-8.1218,-8.774912
NC(=O)CC[C@H](NC(=O)CNC(=O)[C@H](Cc1c[nH]cn1)[n+]1[c-]n2ccccc2c1)C(=O)O,-12.7472,-9.477785
NC(=O)CC[C@H](NC(=O)C[n+]1[c-]n2ccccc2c1)C(=O)N1CCC[C@H]1C(=O)O,-14.0719,-10.306593
NC(=O)CC[C@H](NC(=O)C[n+]1[c-]n2ccccc2c1)C(=O)N[C@@H](CCC(=O)O)C(=O)O,-29.411,-18.44434
NC(=O)CC[C@H](NC(=O)C[n+]1[c-]n2ccccc2c1)C(=O)N[C@@H](CO)C(=O)O,-16.7562,-15.22295
NC(=O)CC[C@H](NC(=O)C[n+]1[c-]n2ccccc2c1)C(=O)N[C@@H](Cc1ccc(O)cc1)C(=O)O,-9.122,-11.041868
NC(=O)CC[C@H](NC(=O)[C@@H]1CCCN1C(=O)[C@H](CO)[n+]1[c-]n2ccccc2c1)C(=O)O,-10.0117,-8.405009
NC(=O)CC[C@H](NC(=O)[C@@H]1CCCN1C(=O)[C@H](Cc1ccccc1)[n+]1[c-]n2ccccc2c1)C(=O)O,-12.4876,-11.063137
NC(=O)CC[C@H](NC(=O)[C@H](CC(=O)O)NC(=O)[C@H](CCC(=O)O)[n+]1[c-]n2ccccc2c1)C(=O)O,-10.5761,-14.45173
NC(=O)CC[C@H](NC(=O)[C@H](CC(=O)O)NC(=O)[C@H](Cc1c[nH]c2ccccc12)[n+]1[c-]n2ccccc2c1)C(=O)O,-5.4766,-11.975248
NC(=O)CC[C@H](NC(=O)[C@H](CC(=O)O)[n+]1[c-]n2ccccc2c1)C(=O)N1CCC[C@H]1C(=O)O,-12.1286,-7.8045216
NC(=O)CC[C@H](NC(=O)[C@H](CC(=O)O)[n+]1[c-]n2ccccc2c1)C(=O)N[C@@H](CC(N)=O)C(=O)O,-16.5416,-18.662443
NC(=O)CC[C@H](NC(=O)[C@H](CC(=O)O)[n+]1[c-]n2ccccc2c1)C(=O)N[C@@H](Cc1c[nH]cn1)C(=O)O,-9.3375,-10.636713
NC(=O)CC[C@H](NC(=O)[C@H](CC(=O)O)[n+]1[c-]n2ccccc2c1)C(=O)N[C@@H](Cc1ccc(O)cc1)C(=O)O,-13.4497,-7.585436
NC(=O)CC[C@H](NC(=O)[C@H](CC(N)=O)NC(=O)[C@H](CCC(=O)O)[n+]1[c-]n2ccccc2c1)C(=O)O,-17.1279,-14.943554
NC(=O)CC[C@H](NC(=O)[C@H](CC(N)=O)NC(=O)[C@H](Cc1ccc(O)cc1)[n+]1[c-]n2ccccc2c1)C(=O)O,-8.4456,-10.320799
NC(=O)CC[C@H](NC(=O)[C@H](CCC(=O)O)NC(=O)[C@H](CS)[n+]1[c-]n2ccccc2c1)C(=O)O,-15.8745,-9.675155
NC(=O)CC[C@H](NC(=O)[C@H](CCC(=O)O)NC(=O)[C@H](Cc1c[nH]cn1)[n+]1[c-]n2ccccc2c1)C(=O)O,12.2615,-9.123644
NC(=O)CC[C@H](NC(=O)[C@H](CCC(=O)O)NC(=O)[C@H](Cc1ccc(O)cc1)[n+]1[c-]n2ccccc2c1)C(=O)O,-21.6049,-13.829595
NC(=O)CC[C@H](NC(=O)[C@H](CCC(=O)O)NC(=O)[C@H](Cc1ccccc1)[n+]1[c-]n2ccccc2c1)C(=O)O,-17.5139,-9.880398
NC(=O)CC[C@H](NC(=O)[C@H](CCC(N)=O)NC(=O)[C@H](Cc1c[nH]cn1)[n+]1[c-]n2ccccc2c1)C(=O)O,-10.9526,-9.696125
NC(=O)CC[C@H](NC(=O)[C@H](CCC(N)=O)NC(=O)[C@H](Cc1ccccc1)[n+]1[c-]n2ccccc2c1)C(=O)O,-13.8968,-14.108156
NC(=O)CC[C@H](NC(=O)[C@H](CCC(N)=O)[n+]1[c-]n2ccccc2c1)C(=O)N[C@@H](CC(N)=O)C(=O)O,-17.0938,-14.231075
NC(=O)CC[C@H](NC(=O)[C@H](CCC(N)=O)[n+]1[c-]n2ccccc2c1)C(=O)O,-8.4317,-11.691584
NC(=O)CC[C@H](NC(=O)[C@H](CO)NC(=O)[C@H](CC(N)=O)[n+]1[c-]n2ccccc2c1)C(=O)O,-6.305,-6.324993
NC(=O)CC[C@H](NC(=O)[C@H](CO)NC(=O)[C@H](Cc1ccccc1)[n+]1[c-]n2ccccc2c1)C(=O)O,-9.0318,-10.3702755
NC(=O)CC[C@H](NC(=O)[C@H](CO)[n+]1[c-]n2ccccc2c1)C(=O)N1CCC[C@H]1C(=O)O,-9.9732,-8.251875
NC(=O)CC[C@H](NC(=O)[C@H](CO)[n+]1[c-]n2ccccc2c1)C(=O)N[C@@H](CS)C(=O)O,-9.4177,-9.2344475
NC(=O)CC[C@H](NC(=O)[C@H](CO)[n+]1[c-]n2ccccc2c1)C(=O)N[C@@H](Cc1c[nH]cn1)C(=O)O,-10.4478,-13.368176
NC(=O)CC[C@H](NC(=O)[C@H](CO)[n+]1[c-]n2ccccc2c1)C(=O)N[C@@H](Cc1ccc(O)cc1)C(=O)O,-13.4106,-7.676075
NC(=O)CC[C@H](NC(=O)[C@H](CO)[n+]1[c-]n2ccccc2c1)C(=O)N[C@@H](Cc1ccccc1)C(=O)O,-14.0777,-9.504102
NC(=O)CC[C@H](NC(=O)[C@H](CO)[n+]1[c-]n2ccccc2c1)C(=O)O,-12.5762,-9.533256
NC(=O)CC[C@H](NC(=O)[C@H](CS)NC(=O)[C@H](CC(N)=O)[n+]1[c-]n2ccccc2c1)C(=O)O,-12.7542,-8.906029
NC(=O)CC[C@H](NC(=O)[C@H](CS)NC(=O)[C@H](CCC(N)=O)[n+]1[c-]n2ccccc2c1)C(=O)O,-9.6951,-7.902753
NC(=O)CC[C@H](NC(=O)[C@H](CS)NC(=O)[C@H](CS)[n+]1[c-]n2ccccc2c1)C(=O)O,-11.2723,-12.939527
NC(=O)CC[C@H](NC(=O)[C@H](CS)[n+]1[c-]n2ccccc2c1)C(=O)N[C@@H](Cc1c[nH]cn1)C(=O)O,-13.0387,-11.495195
NC(=O)CC[C@H](NC(=O)[C@H](Cc1c[nH]c2ccccc12)NC(=O)C[n+]1[c-]n2ccccc2c1)C(=O)O,-19.0296,-13.136161
NC(=O)CC[C@H](NC(=O)[C@H](Cc1c[nH]c2ccccc12)NC(=O)[C@H](Cc1ccc(O)cc1)[n+]1[c-]n2ccccc2c1)C(=O)O,-18.5253,-10.410423
NC(=O)CC[C@H](NC(=O)[C@H](Cc1c[nH]c2ccccc12)[n+]1[c-]n2ccccc2c1)C(=O)N1CCC[C@H]1C(=O)O,-6.9926,-8.100349
NC(=O)CC[C@H](NC(=O)[C@H](Cc1c[nH]c2ccccc12)[n+]1[c-]n2ccccc2c1)C(=O)NCC(=O)O,-7.8029,-6.992053
NC(=O)CC[C@H](NC(=O)[C@H](Cc1c[nH]c2ccccc12)[n+]1[c-]n2ccccc2c1)C(=O)N[C@@H](CC(=O)O)C(=O)O,-13.1553,-10.777147
NC(=O)CC[C@H](NC(=O)[C@H](Cc1c[nH]c2ccccc12)[n+]1[c-]n2ccccc2c1)C(=O)N[C@@H](CCC(=O)O)C(=O)O,-10.4643,-11.489439
NC(=O)CC[C@H](NC(=O)[C@H](Cc1c[nH]c2ccccc12)[n+]1[c-]n2ccccc2c1)C(=O)N[C@@H](CS)C(=O)O,-12.578,-9.374975
NC(=O)CC[C@H](NC(=O)[C@H](Cc1c[nH]c2ccccc12)[n+]1[c-]n2ccccc2c1)C(=O)N[C@@H](Cc1c[nH]cn1)C(=O)O,-21.2945,-10.435464
NC(=O)CC[C@H](NC(=O)[C@H](Cc1c[nH]cn1)[n+]1[c-]n2ccccc2c1)C(=O)N[C@@H](CC(=O)O)C(=O)O,-13.1439,-7.1505613
NC(=O)CC[C@H](NC(=O)[C@H](Cc1c[nH]cn1)[n+]1[c-]n2ccccc2c1)C(=O)N[C@@H](Cc1c[nH]cn1)C(=O)O,-16.3705,-8.77379
NC(=O)CC[C@H](NC(=O)[C@H](Cc1ccc(O)cc1)NC(=O)[C@H](CC(N)=O)[n+]1[c-]n2ccccc2c1)C(=O)O,-6.1486,-5.5126266
NC(=O)CC[C@H](NC(=O)[C@H](Cc1ccc(O)cc1)NC(=O)[C@H](CCC(N)=O)[n+]1[c-]n2ccccc2c1)C(=O)O,-14.4756,-14.633409
NC(=O)CC[C@H](NC(=O)[C@H](Cc1ccc(O)cc1)NC(=O)[C@H](Cc1ccccc1)[n+]1[c-]n2ccccc2c1)C(=O)O,-7.1458,-9.099205
NC(=O)CC[C@H](NC(=O)[C@H](Cc1ccc(O)cc1)[n+]1[c-]n2ccccc2c1)C(=O)NCC(=O)O,-7.2238,-6.206232
NC(=O)CC[C@H](NC(=O)[C@H](Cc1ccc(O)cc1)[n+]1[c-]n2ccccc2c1)C(=O)N[C@@H](CCC(=O)O)C(=O)O,-4.9662,-8.991459
NC(=O)CC[C@H](NC(=O)[C@H](Cc1ccc(O)cc1)[n+]1[c-]n2ccccc2c1)C(=O)N[C@@H](CO)C(=O)O,-12.7349,-9.1246395
NC(=O)CC[C@H](NC(=O)[C@H](Cc1ccc(O)cc1)[n+]1[c-]n2ccccc2c1)C(=O)N[C@@H](Cc1c[nH]cn1)C(=O)O,-16.9853,-8.683644
NC(=O)CC[C@H](NC(=O)[C@H](Cc1ccc(O)cc1)[n+]1[c-]n2ccccc2c1)C(=O)N[C@@H](Cc1ccccc1)C(=O)O,-15.5459,-10.679412
NC(=O)CC[C@H](NC(=O)[C@H](Cc1ccc(O)cc1)[n+]1[c-]n2ccccc2c1)C(=O)O,-8.9699,-11.318869
NC(=O)CC[C@H](NC(=O)[C@H](Cc1ccccc1)NC(=O)[C@H](CC(N)=O)[n+]1[c-]n2ccccc2c1)C(=O)O,-8.2598,-8.41117
NC(=O)CC[C@H](NC(=O)[C@H](Cc1ccccc1)NC(=O)[C@H](CO)[n+]1[c-]n2ccccc2c1)C(=O)O,-14.8299,-11.078346
NC(=O)CC[C@H](NC(=O)[C@H](Cc1ccccc1)NC(=O)[C@H](Cc1c[nH]c2ccccc12)[n+]1[c-]n2ccccc2c1)C(=O)O,-9.3403,-8.185659
NC(=O)CC[C@H](NC(=O)[C@H](Cc1ccccc1)[n+]1[c-]n2ccccc2c1)C(=O)N1CCC[C@H]1C(=O)O,-14.2694,-8.534207
NC(=O)CC[C@H](NC(=O)[C@H](Cc1ccccc1)[n+]1[c-]n2ccccc2c1)C(=O)N[C@@H](CC(N)=O)C(=O)O,-14.4574,-12.344833
NC(=O)C[C@@H](C(=O)N1CCC[C@H]1C(=O)N1CCC[C@H]1C(=O)O)[n+]1[c-]n2ccccc2c1,-8.1181,-8.517183
NC(=O)C[C@@H](C(=O)N1CCC[C@H]1C(=O)N[C@@H](Cc1ccc(O)cc1)C(=O)O)[n+]1[c-]n2ccccc2c1,-6.2425,-4.1288714
NC(=O)C[C@@H](C(=O)N1CCC[C@H]1C(=O)O)[n+]1[c-]n2ccccc2c1,-2.8164,-7.522231
NC(=O)C[C@@H](C(=O)NCC(=O)NCC(=O)O)[n+]1[c-]n2ccccc2c1,-4.0731,-5.7835155
NC(=O)C[C@@H](C(=O)NCC(=O)N[C@@H](CC(=O)O)C(=O)O)[n+]1[c-]n2ccccc2c1,-11.9987,-7.1616783
NC(=O)C[C@@H](C(=O)NCC(=O)N[C@@H](CCC(=O)O)C(=O)O)[n+]1[c-]n2ccccc2c1,-15.3659,-11.074957
NC(=O)C[C@@H](C(=O)NCC(=O)N[C@@H](CS)C(=O)O)[n+]1[c-]n2ccccc2c1,-7.574,-7.6606874
NC(=O)C[C@@H](C(=O)NCC(=O)N[C@@H](Cc1c[nH]c2ccccc12)C(=O)O)[n+]1[c-]n2ccccc2c1,-2.9691,-7.9195967
NC(=O)C[C@@H](C(=O)NCC(=O)N[C@@H](Cc1c[nH]cn1)C(=O)O)[n+]1[c-]n2ccccc2c1,-7.6789,-8.205944
NC(=O)C[C@@H](C(=O)NCC(=O)N[C@@H](Cc1ccccc1)C(=O)O)[n+]1[c-]n2ccccc2c1,-4.0565,-6.400697
NC(=O)C[C@@H](C(=O)N[C@@H](CCC(=O)O)C(=O)N[C@@H](CCC(=O)O)C(=O)O)[n+]1[c-]n2ccccc2c1,-8.0652,-8.462125
NC(=O)C[C@@H](C(=O)N[C@@H](CCC(=O)O)C(=O)N[C@@H](CO)C(=O)O)[n+]1[c-]n2ccccc2c1,-12.7165,-9.6333
NC(=O)C[C@@H](C(=O)N[C@@H](CCC(=O)O)C(=O)N[C@@H](Cc1ccc(O)cc1)C(=O)O)[n+]1[c-]n2ccccc2c1,-8.5718,-7.9541206
NC(=O)C[C@@H](C(=O)N[C@@H](CO)C(=O)NCC(=O)O)[n+]1[c-]n2ccccc2c1,-8.9732,-6.0756025
NC(=O)C[C@@H](C(=O)N[C@@H](CS)C(=O)N1CCC[C@H]1C(=O)O)[n+]1[c-]n2ccccc2c1,-5.7713,-7.3618765
NC(=O)C[C@@H](C(=O)N[C@@H](CS)C(=O)NCC(=O)O)[n+]1[c-]n2ccccc2c1,-8.7091,-5.3479843
NC(=O)C[C@@H](C(=O)N[C@@H](Cc1c[nH]c2ccccc12)C(=O)N[C@@H](Cc1c[nH]c2ccccc12)C(=O)O)[n+]1[c-]n2ccccc2c1,-11.5925,-13.386637
NC(=O)C[C@@H](C(=O)N[C@@H](Cc1c[nH]c2ccccc12)C(=O)N[C@@H](Cc1ccccc1)C(=O)O)[n+]1[c-]n2ccccc2c1,-12.7847,-10.450239
NC(=O)C[C@@H](C(=O)N[C@@H](Cc1c[nH]cn1)C(=O)N[C@@H](Cc1c[nH]c2ccccc12)C(=O)O)[n+]1[c-]n2ccccc2c1,-13.6554,-7.876999
NC(=O)C[C@@H](C(=O)N[C@@H](Cc1ccc(O)cc1)C(=O)NCC(=O)O)[n+]1[c-]n2ccccc2c1,-7.7042,-5.2579117
NC(=O)C[C@@H](C(=O)N[C@@H](Cc1ccc(O)cc1)C(=O)N[C@@H](Cc1ccccc1)C(=O)O)[n+]1[c-]n2ccccc2c1,-9.5463,-8.696463
NC(=O)C[C@@H](C(=O)N[C@@H](Cc1ccccc1)C(=O)N1CCC[C@H]1C(=O)O)[n+]1[c-]n2ccccc2c1,-15.3234,-14.740237
NC(=O)C[C@@H](C(=O)N[C@@H](Cc1ccccc1)C(=O)N[C@@H](Cc1c[nH]cn1)C(=O)O)[n+]1[c-]n2ccccc2c1,-11.2369,-8.321386
NC(=O)C[C@@H](C(=O)N[C@@H](Cc1ccccc1)C(=O)O)[n+]1[c-]n2ccccc2c1,-7.4418,-6.543764
NC(=O)C[C@H](NC(=O)CNC(=O)C[n+]1[c-]n2ccccc2c1)C(=O)O,-13.7527,-11.21413
NC(=O)C[C@H](NC(=O)CNC(=O)[C@H](CS)[n+]1[c-]n2ccccc2c1)C(=O)O,-17.0527,-8.092159
NC(=O)C[C@H](NC(=O)CNC(=O)[C@H](Cc1c[nH]c2ccccc12)[n+]1[c-]n2ccccc2c1)C(=O)O,-14.1362,-9.82843
NC(=O)C[C@H](NC(=O)CNC(=O)[C@H](Cc1ccccc1)[n+]1[c-]n2ccccc2c1)C(=O)O,-11.7915,-10.593482
NC(=O)C[C@H](NC(=O)C[n+]1[c-]n2ccccc2c1)C(=O)N[C@@H](CS)C(=O)O,-10.5513,-11.79286
NC(=O)C[C@H](NC(=O)C[n+]1[c-]n2ccccc2c1)C(=O)O,-5.1148,-9.739645
NC(=O)C[C@H](NC(=O)[C@@H]1CCCN1C(=O)C[n+]1[c-]n2ccccc2c1)C(=O)O,-13.2552,-11.985171
NC(=O)C[C@H](NC(=O)[C@@H]1CCCN1C(=O)[C@H](CC(=O)O)[n+]1[c-]n2ccccc2c1)C(=O)O,-6.6129,-4.873211
NC(=O)C[C@H](NC(=O)[C@@H]1CCCN1C(=O)[C@H](CO)[n+]1[c-]n2ccccc2c1)C(=O)O,-6.3879,-9.231767
NC(=O)C[C@H](NC(=O)[C@@H]1CCCN1C(=O)[C@H](Cc1c[nH]c2ccccc12)[n+]1[c-]n2ccccc2c1)C(=O)O,-11.3338,-7.9713736
NC(=O)C[C@H](NC(=O)[C@@H]1CCCN1C(=O)[C@H](Cc1ccc(O)cc1)[n+]1[c-]n2ccccc2c1)C(=O)O,-9.2592,-7.737245
NC(=O)C[C@H](NC(=O)[C@@H]1CCCN1C(=O)[C@H](Cc1ccccc1)[n+]1[c-]n2ccccc2c1)C(=O)O,-9.3561,-12.096202
NC(=O)C[C@H](NC(=O)[C@H](CC(=O)O)NC(=O)[C@H](Cc1c[nH]cn1)[n+]1[c-]n2ccccc2c1)C(=O)O,-8.3865,-11.984091
NC(=O)C[C@H](NC(=O)[C@H](CC(=O)O)NC(=O)[C@H](Cc1ccccc1)[n+]1[c-]n2ccccc2c1)C(=O)O,-12.7731,-10.020101
NC(=O)C[C@H](NC(=O)[C@H](CC(=O)O)[n+]1[c-]n2ccccc2c1)C(=O)NCC(=O)O,-6.2694,-8.825483
NC(=O)C[C@H](NC(=O)[C@H](CC(=O)O)[n+]1[c-]n2ccccc2c1)C(=O)N[C@@H](CC(=O)O)C(=O)O,-9.2649,-8.801664
NC(=O)C[C@H](NC(=O)[C@H](CC(N)=O)NC(=O)[C@H](Cc1ccc(O)cc1)[n+]1[c-]n2ccccc2c1)C(=O)O,-12.5573,-10.283258
NC(=O)C[C@H](NC(=O)[C@H](CC(N)=O)[n+]1[c-]n2ccccc2c1)C(=O)N[C@@H](CC(=O)O)C(=O)O,-16.4471,-9.561522
NC(=O)C[C@H](NC(=O)[C@H](CCC(=O)O)NC(=O)C[n+]1[c-]n2ccccc2c1)C(=O)O,-16.1134,-18.239182
NC(=O)C[C@H](NC(=O)[C@H](CCC(=O)O)NC(=O)[C@H](Cc1ccc(O)cc1)[n+]1[c-]n2ccccc2c1)C(=O)O,-14.12,-8.3631
NC(=O)C[C@H](NC(=O)[C@H](CCC(=O)O)[n+]1[c-]n2ccccc2c1)C(=O)N1CCC[C@H]1C(=O)O,-17.4734,-10.987445
NC(=O)C[C@H](NC(=O)[C@H](CCC(=O)O)[n+]1[c-]n2ccccc2c1)C(=O)N[C@@H](CO)C(=O)O,-10.7981,-5.1386156
NC(=O)C[C@H](NC(=O)[C@H](CCC(=O)O)[n+]1[c-]n2ccccc2c1)C(=O)O,-4.5981,-7.949871
NC(=O)C[C@H](NC(=O)[C@H](CO)NC(=O)C[n+]1[c-]n2ccccc2c1)C(=O)O,-13.5343,-10.938444
NC(=O)C[C@H](NC(=O)[C@H](CO)NC(=O)[C@H](CO)[n+]1[c-]n2ccccc2c1)C(=O)O,-14.7164,-8.490099
NC(=O)C[C@H](NC(=O)[C@H](CO)[n+]1[c-]n2ccccc2c1)C(=O)N1CCC[C@H]1C(=O)O,-13.9372,-11.561823
NC(=O)C[C@H](NC(=O)[C@H](CS)NC(=O)[C@H](Cc1ccc(O)cc1)[n+]1[c-]n2ccccc2c1)C(=O)O,-11.5578,-7.512242
NC(=O)C[C@H](NC(=O)[C@H](CS)NC(=O)[C@H](Cc1ccccc1)[n+]1[c-]n2ccccc2c1)C(=O)O,-13.4086,-9.883343
NC(=O)C[C@H](NC(=O)[C@H](CS)[n+]1[c-]n2ccccc2c1)C(=O)N[C@@H](CO)C(=O)O,-14.0904,-7.464711
NC(=O)C[C@H](NC(=O)[C@H](CS)[n+]1[c-]n2ccccc2c1)C(=O)N[C@@H](Cc1c[nH]c2ccccc12)C(=O)O,-9.1859,-7.2634764
NC(=O)C[C@H](NC(=O)[C@H](Cc1c[nH]c2ccccc12)[n+]1[c-]n2ccccc2c1)C(=O)N[C@@H](CCC(=O)O)C(=O)O,-13.587,-14.426401
NC(=O)C[C@H](NC(=O)[C@H](Cc1c[nH]c2ccccc12)[n+]1[c-]n2ccccc2c1)C(=O)N[C@@H](Cc1c[nH]c2ccccc12)C(=O)O,-13.1313,-12.27952
NC(=O)C[C@H](NC(=O)[C@H](Cc1c[nH]cn1)NC(=O)[C@H](Cc1c[nH]c2ccccc12)[n+]1[c-]n2ccccc2c1)C(=O)O,-14.8258,-14.679057
NC(=O)C[C@H](NC(=O)[C@H](Cc1c[nH]cn1)[n+]1[c-]n2ccccc2c1)C(=O)N[C@@H](CCC(=O)O)C(=O)O,-8.2821,-10.000587
NC(=O)C[C@H](NC(=O)[C@H](Cc1c[nH]cn1)[n+]1[c-]n2ccccc2c1)C(=O)N[C@@H](CO)C(=O)O,-12.5226,-10.2109585
NC(=O)C[C@H](NC(=O)[C@H](Cc1ccc(O)cc1)NC(=O)[C@H](CO)[n+]1[c-]n2ccccc2c1)C(=O)O,-9.6855,-8.477488
NC(=O)C[C@H](NC(=O)[C@H](Cc1ccc(O)cc1)NC(=O)[C@H](CS)[n+]1[c-]n2ccccc2c1)C(=O)O,-16.1543,-11.926586
NC(=O)C[C@H](NC(=O)[C@H](Cc1ccc(O)cc1)NC(=O)[C@H](Cc1ccccc1)[n+]1[c-]n2ccccc2c1)C(=O)O,-6.6834,-9.042945
NC(=O)C[C@H](NC(=O)[C@H](Cc1ccc(O)cc1)[n+]1[c-]n2ccccc2c1)C(=O)N1CCC[C@H]1C(=O)O,-11.5179,-6.1926875
NC(=O)C[C@H](NC(=O)[C@H](Cc1ccc(O)cc1)[n+]1[c-]n2ccccc2c1)C(=O)N[C@@H](Cc1ccc(O)cc1)C(=O)O,-10.982,-9.579388
NC(=O)C[C@H](NC(=O)[C@H](Cc1ccccc1)[n+]1[c-]n2ccccc2c1)C(=O)N1CCC[C@H]1C(=O)O,-13.7724,-7.598421
NC(=O)C[C@H](NC(=O)[C@H](Cc1ccccc1)[n+]1[c-]n2ccccc2c1)C(=O)N[C@@H](CO)C(=O)O,-7.0089,-10.762298
NC(=O)C[C@H](NC(=O)[C@H](Cc1ccccc1)[n+]1[c-]n2ccccc2c1)C(=O)N[C@@H](Cc1c[nH]c2ccccc12)C(=O)O,-13.6437,-11.692982
O=C(CNC(=O)[C@H](CO)[n+]1[c-]n2ccccc2c1)N[C@@H](CO)C(=O)O,-13.8013,-13.150169
O=C(CNC(=O)[C@H](Cc1c[nH]c2ccccc12)[n+]1[c-]n2ccccc2c1)N[C@@H](Cc1c[nH]c2ccccc12)C(=O)O,-13.8816,-9.778402
O=C(CNC(=O)[C@H](Cc1c[nH]cn1)[n+]1[c-]n2ccccc2c1)N[C@@H](Cc1ccccc1)C(=O)O,-13.2307,-6.7423906
O=C(CNC(=O)[C@H](Cc1ccccc1)[n+]1[c-]n2ccccc2c1)N[C@@H](CO)C(=O)O,-12.595,-8.861221
O=C(CNC(=O)[C@H](Cc1ccccc1)[n+]1[c-]n2ccccc2c1)N[C@@H](Cc1c[nH]cn1)C(=O)O,-8.3474,-8.508377
O=C(C[n+]1[c-]n2ccccc2c1)N[C@@H](CO)C(=O)N[C@@H](CS)C(=O)O,-10.0426,-11.02055
O=C(C[n+]1[c-]n2ccccc2c1)N[C@@H](CS)C(=O)N1CCC[C@H]1C(=O)O,-11.6261,-10.912689
O=C(C[n+]1[c-]n2ccccc2c1)N[C@@H](CS)C(=O)N[C@@H](Cc1c[nH]cn1)C(=O)O,-10.4321,-13.325579
O=C(C[n+]1[c-]n2ccccc2c1)N[C@@H](CS)C(=O)N[C@@H](Cc1ccccc1)C(=O)O,-15.763,-10.964557
O=C(C[n+]1[c-]n2ccccc2c1)N[C@@H](Cc1c[nH]c2ccccc12)C(=O)N[C@@H](CS)C(=O)O,-40.2943,-21.737448
O=C(C[n+]1[c-]n2ccccc2c1)N[C@@H](Cc1c[nH]cn1)C(=O)N1CCC[C@H]1C(=O)O,-9.8542,-12.170896
O=C(C[n+]1[c-]n2ccccc2c1)N[C@@H](Cc1c[nH]cn1)C(=O)N[C@@H](Cc1ccccc1)C(=O)O,-3.7951,-12.882853
O=C(C[n+]1[c-]n2ccccc2c1)N[C@@H](Cc1ccc(O)cc1)C(=O)N[C@@H](Cc1c[nH]cn1)C(=O)O,-11.5811,-10.960468
O=C(C[n+]1[c-]n2ccccc2c1)N[C@@H](Cc1ccccc1)C(=O)N[C@@H](Cc1ccccc1)C(=O)O,-10.8466,-9.226377
O=C(O)CC[C@@H](C(=O)NCC(=O)N[C@@H](CC(=O)O)C(=O)O)[n+]1[c-]n2ccccc2c1,-11.2825,-7.765541
O=C(O)CC[C@@H](C(=O)N[C@@H](CO)C(=O)NCC(=O)O)[n+]1[c-]n2ccccc2c1,-7.6025,-9.50304
O=C(O)CC[C@@H](C(=O)N[C@@H](CO)C(=O)N[C@@H](CO)C(=O)O)[n+]1[c-]n2ccccc2c1,-1.3658,-7.3749804
O=C(O)CC[C@@H](C(=O)N[C@@H](CO)C(=O)N[C@@H](Cc1c[nH]cn1)C(=O)O)[n+]1[c-]n2ccccc2c1,-3.8328,-7.5059724
O=C(O)CC[C@@H](C(=O)N[C@@H](CO)C(=O)N[C@@H](Cc1ccc(O)cc1)C(=O)O)[n+]1[c-]n2ccccc2c1,-13.0733,-9.49325
O=C(O)CC[C@@H](C(=O)N[C@@H](CS)C(=O)N[C@@H](CO)C(=O)O)[n+]1[c-]n2ccccc2c1,-8.6734,-7.5886183
O=C(O)CC[C@@H](C(=O)N[C@@H](CS)C(=O)N[C@@H](Cc1c[nH]c2ccccc12)C(=O)O)[n+]1[c-]n2ccccc2c1,-5.0496,-9.53485
O=C(O)CC[C@@H](C(=O)N[C@@H](Cc1c[nH]c2ccccc12)C(=O)N[C@@H](CO)C(=O)O)[n+]1[c-]n2ccccc2c1,-5.8544,-12.09815
O=C(O)CC[C@@H](C(=O)N[C@@H](Cc1c[nH]c2ccccc12)C(=O)N[C@@H](Cc1ccccc1)C(=O)O)[n+]1[c-]n2ccccc2c1,-11.1638,-11.237729
O=C(O)CC[C@@H](C(=O)N[C@@H](Cc1c[nH]c2ccccc12)C(=O)O)[n+]1[c-]n2ccccc2c1,-9.957,-8.04413
O=C(O)CC[C@@H](C(=O)N[C@@H](Cc1c[nH]cn1)C(=O)N[C@@H](CC(=O)O)C(=O)O)[n+]1[c-]n2ccccc2c1,-18.6979,-10.159078
O=C(O)CC[C@@H](C(=O)N[C@@H](Cc1c[nH]cn1)C(=O)N[C@@H](Cc1c[nH]c2ccccc12)C(=O)O)[n+]1[c-]n2ccccc2c1,-20.0375,-11.076329
O=C(O)CC[C@@H](C(=O)N[C@@H](Cc1c[nH]cn1)C(=O)O)[n+]1[c-]n2ccccc2c1,-6.0863,-9.272312
O=C(O)CC[C@@H](C(=O)N[C@@H](Cc1ccc(O)cc1)C(=O)N[C@@H](CS)C(=O)O)[n+]1[c-]n2ccccc2c1,-9.8732,-9.532169
O=C(O)CC[C@@H](C(=O)N[C@@H](Cc1ccc(O)cc1)C(=O)O)[n+]1[c-]n2ccccc2c1,-9.4241,-8.443678
O=C(O)CC[C@@H](C(=O)N[C@@H](Cc1ccccc1)C(=O)N1CCC[C@H]1C(=O)O)[n+]1[c-]n2ccccc2c1,-9.5624,-8.90077
O=C(O)CC[C@@H](C(=O)N[C@@H](Cc1ccccc1)C(=O)N[C@@H](CS)C(=O)O)[n+]1[c-]n2ccccc2c1,-5.3683,-7.1145105
O=C(O)CC[C@@H](C(=O)N[C@@H](Cc1ccccc1)C(=O)N[C@@H](Cc1ccc(O)cc1)C(=O)O)[n+]1[c-]n2ccccc2c1,-14.3571,-14.0154
O=C(O)CC[C@H](NC(=O)CNC(=O)[C@H](CC(=O)O)[n+]1[c-]n2ccccc2c1)C(=O)O,-12.4718,-9.72162
O=C(O)CC[C@H](NC(=O)CNC(=O)[C@H](CCC(=O)O)[n+]1[c-]n2ccccc2c1)C(=O)O,-10.2557,-7.173764
O=C(O)CC[C@H](NC(=O)CNC(=O)[C@H](CO)[n+]1[c-]n2ccccc2c1)C(=O)O,-12.5122,-12.791996
O=C(O)CC[C@H](NC(=O)CNC(=O)[C@H](CS)[n+]1[c-]n2ccccc2c1)C(=O)O,-13.669,-9.342274
O=C(O)CC[C@H](NC(=O)C[n+]1[c-]n2ccccc2c1)C(=O)N[C@@H](CO)C(=O)O,-12.5222,-13.380219
O=C(O)CC[C@H](NC(=O)[C@@H]1CCCN1C(=O)[C@H](Cc1ccccc1)[n+]1[c-]n2ccccc2c1)C(=O)O,-9.8091,-12.703989
O=C(O)CC[C@H](NC(=O)[C@H](CC(=O)O)NC(=O)[C@H](CC(=O)O)[n+]1[c-]n2ccccc2c1)C(=O)O,-7.0071,-8.055329
O=C(O)CC[C@H](NC(=O)[C@H](CC(=O)O)NC(=O)[C@H](Cc1c[nH]c2ccccc12)[n+]1[c-]n2ccccc2c1)C(=O)O,-8.1397,-6.5161157
O=C(O)CC[C@H](NC(=O)[C@H](CC(=O)O)NC(=O)[C@H](Cc1ccccc1)[n+]1[c-]n2ccccc2c1)C(=O)O,-12.4796,-9.060587
O=C(O)CC[C@H](NC(=O)[C@H](CC(=O)O)[n+]1[c-]n2ccccc2c1)C(=O)N[C@@H](CO)C(=O)O,-8.3388,-9.686592
O=C(O)CC[C@H](NC(=O)[C@H](CC(=O)O)[n+]1[c-]n2ccccc2c1)C(=O)N[C@@H](CS)C(=O)O,-7.3982,-7.850871
O=C(O)CC[C@H](NC(=O)[C@H](CCC(=O)O)NC(=O)[C@H](CC(=O)O)[n+]1[c-]n2ccccc2c1)C(=O)O,-8.1986,-12.957048
O=C(O)CC[C@H](NC(=O)[C@H](CCC(=O)O)[n+]1[c-]n2ccccc2c1)C(=O)N1CCC[C@H]1C(=O)O,-7.6827,-8.348845
O=C(O)CC[C@H](NC(=O)[C@H](CO)NC(=O)[C@H](CO)[n+]1[c-]n2ccccc2c1)C(=O)O,-13.3494,-12.363078
O=C(O)CC[C@H](NC(=O)[C@H](CO)NC(=O)[C@H](Cc1c[nH]cn1)[n+]1[c-]n2ccccc2c1)C(=O)O,-12.5075,-10.167453
O=C(O)CC[C@H](NC(=O)[C@H](CO)NC(=O)[C@H](Cc1ccc(O)cc1)[n+]1[c-]n2ccccc2c1)C(=O)O,-10.1837,-11.618735
O=C(O)CC[C@H](NC(=O)[C@H](CO)NC(=O)[C@H](Cc1ccccc1)[n+]1[c-]n2ccccc2c1)C(=O)O,-10.5264,-13.032913
O=C(O)CC[C@H](NC(=O)[C@H](CO)[n+]1[c-]n2ccccc2c1)C(=O)NCC(=O)O,-6.2016,-5.913121
O=C(O)CC[C@H](NC(=O)[C@H](CO)[n+]1[c-]n2ccccc2c1)C(=O)N[C@@H](CC(=O)O)C(=O)O,-8.1699,-8.428413
O=C(O)CC[C@H](NC(=O)[C@H](CS)NC(=O)C[n+]1[c-]n2ccccc2c1)C(=O)O,-14.7515,-14.144492
O=C(O)CC[C@H](NC(=O)[C@H](CS)NC(=O)[C@H](CCC(=O)O)[n+]1[c-]n2ccccc2c1)C(=O)O,-7.4322,-8.545898
O=C(O)CC[C@H](NC(=O)[C@H](CS)NC(=O)[C@H](Cc1ccc(O)cc1)[n+]1[c-]n2ccccc2c1)C(=O)O,-13.6289,-10.517746
O=C(O)CC[C@H](NC(=O)[C@H](CS)[n+]1[c-]n2ccccc2c1)C(=O)N[C@@H](CC(=O)O)C(=O)O,-12.5126,-6.8195076
O=C(O)CC[C@H](NC(=O)[C@H](CS)[n+]1[c-]n2ccccc2c1)C(=O)N[C@@H](Cc1c[nH]c2ccccc12)C(=O)O,-7.5819,-5.856799
O=C(O)CC[C@H](NC(=O)[C@H](CS)[n+]1[c-]n2ccccc2c1)C(=O)N[C@@H](Cc1c[nH]cn1)C(=O)O,-11.4431,-7.716039
O=C(O)CC[C@H](NC(=O)[C@H](Cc1c[nH]c2ccccc12)NC(=O)[C@H](CC(=O)O)[n+]1[c-]n2ccccc2c1)C(=O)O,-10.5234,-10.902103
O=C(O)CC[C@H](NC(=O)[C@H](Cc1c[nH]c2ccccc12)NC(=O)[C@H](CS)[n+]1[c-]n2ccccc2c1)C(=O)O,-7.234,-10.561747
O=C(O)CC[C@H](NC(=O)[C@H](Cc1c[nH]c2ccccc12)[n+]1[c-]n2ccccc2c1)C(=O)N1CCC[C@H]1C(=O)O,-4.8896,-6.7445936
O=C(O)CC[C@H](NC(=O)[C@H](Cc1c[nH]c2ccccc12)[n+]1[c-]n2ccccc2c1)C(=O)N[C@@H](Cc1ccc(O)cc1)C(=O)O,-18.4024,-10.310101
O=C(O)CC[C@H](NC(=O)[C@H](Cc1c[nH]cn1)NC(=O)C[n+]1[c-]n2ccccc2c1)C(=O)O,-21.0001,-14.110091
O=C(O)CC[C@H](NC(=O)[C@H](Cc1c[nH]cn1)NC(=O)[C@H](Cc1c[nH]c2ccccc12)[n+]1[c-]n2ccccc2c1)C(=O)O,-16.7387,-13.637491
O=C(O)CC[C@H](NC(=O)[C@H](Cc1c[nH]cn1)[n+]1[c-]n2ccccc2c1)C(=O)NCC(=O)O,-5.9014,-9.72283
O=C(O)CC[C@H](NC(=O)[C@H](Cc1c[nH]cn1)[n+]1[c-]n2ccccc2c1)C(=O)N[C@@H](CC(=O)O)C(=O)O,-6.2704,-10.345804
O=C(O)CC[C@H](NC(=O)[C@H](Cc1c[nH]cn1)[n+]1[c-]n2ccccc2c1)C(=O)N[C@@H](Cc1ccc(O)cc1)C(=O)O,-10.9879,-9.044981
O=C(O)CC[C@H](NC(=O)[C@H](Cc1ccc(O)cc1)NC(=O)[C@H](CC(=O)O)[n+]1[c-]n2ccccc2c1)C(=O)O,-16.3703,-16.081127
O=C(O)CC[C@H](NC(=O)[C@H](Cc1ccc(O)cc1)NC(=O)[C@H](CCC(=O)O)[n+]1[c-]n2ccccc2c1)C(=O)O,-6.8304,-8.114096
O=C(O)CC[C@H](NC(=O)[C@H](Cc1ccc(O)cc1)NC(=O)[C@H](Cc1c[nH]c2ccccc12)[n+]1[c-]n2ccccc2c1)C(=O)O,-10.177,-10.392499
O=C(O)CC[C@H](NC(=O)[C@H](Cc1ccc(O)cc1)NC(=O)[C@H](Cc1ccccc1)[n+]1[c-]n2ccccc2c1)C(=O)O,-9.1219,-15.727338
O=C(O)CC[C@H](NC(=O)[C@H](Cc1ccc(O)cc1)[n+]1[c-]n2ccccc2c1)C(=O)NCC(=O)O,-10.0133,-6.352819
O=C(O)CC[C@H](NC(=O)[C@H](Cc1ccc(O)cc1)[n+]1[c-]n2ccccc2c1)C(=O)N[C@@H](CC(=O)O)C(=O)O,-14.3856,-10.732666
O=C(O)CC[C@H](NC(=O)[C@H](Cc1ccc(O)cc1)[n+]1[c-]n2ccccc2c1)C(=O)N[C@@H](CO)C(=O)O,-10.9537,-9.047528
O=C(O)CC[C@H](NC(=O)[C@H](Cc1ccccc1)[n+]1[c-]n2ccccc2c1)C(=O)NCC(=O)O,-11.4433,-7.893429
O=C(O)CC[C@H](NC(=O)[C@H](Cc1ccccc1)[n+]1[c-]n2ccccc2c1)C(=O)N[C@@H](Cc1c[nH]cn1)C(=O)O,-14.8605,-9.378299
O=C(O)CC[C@H](NC(=O)[C@H](Cc1ccccc1)[n+]1[c-]n2ccccc2c1)C(=O)N[C@@H](Cc1ccc(O)cc1)C(=O)O,-12.767,-8.673095
O=C(O)CNC(=O)CNC(=O)C[n+]1[c-]n2ccccc2c1,-7.656,-7.754015
O=C(O)CNC(=O)CNC(=O)[C@H](CS)[n+]1[c-]n2ccccc2c1,-8.0509,-5.0745344
O=C(O)CNC(=O)[C@@H]1CCCN1C(=O)[C@H](Cc1c[nH]c2ccccc12)[n+]1[c-]n2ccccc2c1,-9.6181,-9.5441475
O=C(O)CNC(=O)[C@@H]1CCCN1C(=O)[C@H](Cc1ccc(O)cc1)[n+]1[c-]n2ccccc2c1,-2.3295,-4.9682803
O=C(O)CNC(=O)[C@H](CC(=O)O)NC(=O)[C@H](Cc1c[nH]cn1)[n+]1[c-]n2ccccc2c1,-8.3963,-9.763681
O=C(O)CNC(=O)[C@H](CC(=O)O)NC(=O)[C@H](Cc1ccccc1)[n+]1[c-]n2ccccc2c1,-5.7253,-7.7580395
O=C(O)CNC(=O)[C@H](CO)NC(=O)[C@H](CS)[n+]1[c-]n2ccccc2c1,-5.2283,-6.5818167
O=C(O)CNC(=O)[C@H](CO)NC(=O)[C@H](Cc1ccccc1)[n+]1[c-]n2ccccc2c1,-12.1978,-12.890282
O=C(O)CNC(=O)[C@H](CS)NC(=O)[C@H](CC(=O)O)[n+]1[c-]n2ccccc2c1,-7.0875,-5.0182137
O=C(O)CNC(=O)[C@H](CS)NC(=O)[C@H](CO)[n+]1[c-]n2ccccc2c1,-9.9748,-7.732931
O=C(O)CNC(=O)[C@H](CS)NC(=O)[C@H](Cc1ccccc1)[n+]1[c-]n2ccccc2c1,-10.0373,-8.295577
O=C(O)CNC(=O)[C@H](Cc1c[nH]c2ccccc12)NC(=O)[C@H](CS)[n+]1[c-]n2ccccc2c1,-9.7176,-9.172029
O=C(O)CNC(=O)[C@H](Cc1c[nH]c2ccccc12)[n+]1[c-]n2ccccc2c1,-7.2862,-7.797596
O=C(O)CNC(=O)[C@H](Cc1c[nH]cn1)NC(=O)[C@H](CC(=O)O)[n+]1[c-]n2ccccc2c1,-4.7678,-9.468647
O=C(O)CNC(=O)[C@H](Cc1c[nH]cn1)NC(=O)[C@H](Cc1ccccc1)[n+]1[c-]n2ccccc2c1,-3.028,-7.4404664
O=C(O)CNC(=O)[C@H](Cc1ccc(O)cc1)NC(=O)[C@H](CO)[n+]1[c-]n2ccccc2c1,-9.8223,-7.663948
O=C(O)CNC(=O)[C@H](Cc1ccc(O)cc1)NC(=O)[C@H](CS)[n+]1[c-]n2ccccc2c1,-3.4582,-6.8161736
O=C(O)CNC(=O)[C@H](Cc1ccc(O)cc1)NC(=O)[C@H](Cc1ccc(O)cc1)[n+]1[c-]n2ccccc2c1,-4.0344,-7.49986
O=C(O)CNC(=O)[C@H](Cc1ccccc1)NC(=O)[C@H](CC(=O)O)[n+]1[c-]n2ccccc2c1,-3.0411,-8.680645
O=C(O)CNC(=O)[C@H](Cc1ccccc1)NC(=O)[C@H](CS)[n+]1[c-]n2ccccc2c1,-5.4316,-5.169752
O=C(O)CNC(=O)[C@H](Cc1ccccc1)NC(=O)[C@H](Cc1c[nH]cn1)[n+]1[c-]n2ccccc2c1,-3.2014,-6.087607
O=C(O)C[C@@H](C(=O)N1CCC[C@H]1C(=O)N[C@@H](CO)C(=O)O)[n+]1[c-]n2ccccc2c1,-7.701,-6.885411
O=C(O)C[C@@H](C(=O)N[C@@H](CO)C(=O)N1CCC[C@H]1C(=O)O)[n+]1[c-]n2ccccc2c1,-2.0209,-6.5898037
O=C(O)C[C@@H](C(=O)N[C@@H](CO)C(=O)N[C@@H](Cc1ccc(O)cc1)C(=O)O)[n+]1[c-]n2ccccc2c1,-7.6658,-6.6964893
O=C(O)C[C@@H](C(=O)N[C@@H](CO)C(=O)N[C@@H](Cc1ccccc1)C(=O)O)[n+]1[c-]n2ccccc2c1,-4.8371,-6.3982706
O=C(O)C[C@@H](C(=O)N[C@@H](Cc1c[nH]c2ccccc12)C(=O)O)[n+]1[c-]n2ccccc2c1,-7.1894,-8.819365
O=C(O)C[C@@H](C(=O)N[C@@H](Cc1c[nH]cn1)C(=O)N1CCC[C@H]1C(=O)O)[n+]1[c-]n2ccccc2c1,-8.2188,-9.331608
O=C(O)C[C@@H](C(=O)N[C@@H](Cc1ccc(O)cc1)C(=O)N1CCC[C@H]1C(=O)O)[n+]1[c-]n2ccccc2c1,-4.7262,-8.007196
O=C(O)C[C@@H](C(=O)N[C@@H](Cc1ccc(O)cc1)C(=O)N[C@@H](CO)C(=O)O)[n+]1[c-]n2ccccc2c1,-7.8407,-9.414046
O=C(O)C[C@@H](C(=O)N[C@@H](Cc1ccc(O)cc1)C(=O)N[C@@H](CS)C(=O)O)[n+]1[c-]n2ccccc2c1,-7.3894,-6.427662
O=C(O)C[C@@H](C(=O)N[C@@H](Cc1ccc(O)cc1)C(=O)N[C@@H](Cc1ccc(O)cc1)C(=O)O)[n+]1[c-]n2ccccc2c1,-8.3009,-10.923841
O=C(O)C[C@@H](C(=O)N[C@@H](Cc1ccc(O)cc1)C(=O)O)[n+]1[c-]n2ccccc2c1,-7.9028,-4.7201977
O=C(O)C[C@@H](C(=O)O)[n+]1[c-]n2ccccc2c1,-4.2994,-3.9243355
O=C(O)C[C@H](NC(=O)C[n+]1[c-]n2ccccc2c1)C(=O)N[C@@H](Cc1c[nH]c2ccccc12)C(=O)O,-11.4111,-14.027788
O=C(O)C[C@H](NC(=O)[C@@H]1CCCN1C(=O)[C@H](CS)[n+]1[c-]n2ccccc2c1)C(=O)O,-9.0298,-7.649593
O=C(O)C[C@H](NC(=O)[C@@H]1CCCN1C(=O)[C@H](Cc1ccccc1)[n+]1[c-]n2ccccc2c1)C(=O)O,-5.4279,-6.38429
O=C(O)C[C@H](NC(=O)[C@H](CO)NC(=O)C[n+]1[c-]n2ccccc2c1)C(=O)O,-7.2976,-10.866144
O=C(O)C[C@H](NC(=O)[C@H](CS)[n+]1[c-]n2ccccc2c1)C(=O)N[C@@H](CS)C(=O)O,-8.8279,-7.9304094
O=C(O)C[C@H](NC(=O)[C@H](Cc1c[nH]c2ccccc12)NC(=O)[C@H](CC(=O)O)[n+]1[c-]n2ccccc2c1)C(=O)O,-15.2274,-13.744226
O=C(O)C[C@H](NC(=O)[C@H](Cc1c[nH]c2ccccc12)NC(=O)[C@H](Cc1c[nH]cn1)[n+]1[c-]n2ccccc2c1)C(=O)O,-3.0566,-13.598709
O=C(O)C[C@H](NC(=O)[C@H](Cc1c[nH]c2ccccc12)NC(=O)[C@H](Cc1ccc(O)cc1)[n+]1[c-]n2ccccc2c1)C(=O)O,-9.4279,-11.80206
O=C(O)C[C@H](NC(=O)[C@H](Cc1c[nH]c2ccccc12)[n+]1[c-]n2ccccc2c1)C(=O)N[C@@H](Cc1c[nH]cn1)C(=O)O,-2.7029,-7.2626505
O=C(O)C[C@H](NC(=O)[C@H](Cc1c[nH]c2ccccc12)[n+]1[c-]n2ccccc2c1)C(=O)N[C@@H](Cc1ccc(O)cc1)C(=O)O,-5.5302,-9.447575
O=C(O)C[C@H](NC(=O)[C@H](Cc1c[nH]cn1)NC(=O)[C@H](CS)[n+]1[c-]n2ccccc2c1)C(=O)O,-15.8645,-11.648875
O=C(O)C[C@H](NC(=O)[C@H](Cc1c[nH]cn1)NC(=O)[C@H](Cc1ccc(O)cc1)[n+]1[c-]n2ccccc2c1)C(=O)O,-9.2172,-10.55176
O=C(O)C[C@H](NC(=O)[C@H](Cc1c[nH]cn1)NC(=O)[C@H](Cc1ccccc1)[n+]1[c-]n2ccccc2c1)C(=O)O,-16.9852,-13.499626
O=C(O)C[C@H](NC(=O)[C@H](Cc1c[nH]cn1)[n+]1[c-]n2ccccc2c1)C(=O)N[C@@H](Cc1c[nH]c2ccccc12)C(=O)O,-8.5947,-9.436803
O=C(O)C[C@H](NC(=O)[C@H](Cc1c[nH]cn1)[n+]1[c-]n2ccccc2c1)C(=O)N[C@@H](Cc1ccc(O)cc1)C(=O)O,-3.8232,-8.064079
O=C(O)C[C@H](NC(=O)[C@H](Cc1ccc(O)cc1)NC(=O)[C@H](CO)[n+]1[c-]n2ccccc2c1)C(=O)O,-6.7014,-10.912768
O=C(O)C[C@H](NC(=O)[C@H](Cc1ccc(O)cc1)NC(=O)[C@H](Cc1c[nH]c2ccccc12)[n+]1[c-]n2ccccc2c1)C(=O)O,-8.4468,-6.9851284
O=C(O)C[C@H](NC(=O)[C@H](Cc1ccc(O)cc1)NC(=O)[C@H](Cc1ccc(O)cc1)[n+]1[c-]n2ccccc2c1)C(=O)O,-12.5235,-8.958514
O=C(O)C[C@H](NC(=O)[C@H](Cc1ccc(O)cc1)[n+]1[c-]n2ccccc2c1)C(=O)N[C@@H](Cc1ccc(O)cc1)C(=O)O,-8.676,-9.578238
O=C(O)C[C@H](NC(=O)[C@H](Cc1ccccc1)NC(=O)[C@H](CO)[n+]1[c-]n2ccccc2c1)C(=O)O,-11.1275,-7.7240057
O=C(O)C[C@H](NC(=O)[C@H](Cc1ccccc1)NC(=O)[C@H](Cc1c[nH]c2ccccc12)[n+]1[c-]n2ccccc2c1)C(=O)O,-10.1876,-7.644843
O=C(O)C[C@H](NC(=O)[C@H](Cc1ccccc1)NC(=O)[C@H](Cc1c[nH]cn1)[n+]1[c-]n2ccccc2c1)C(=O)O,-1.5678,-11.544016
O=C(O)C[C@H](NC(=O)[C@H](Cc1ccccc1)NC(=O)[C@H](Cc1ccccc1)[n+]1[c-]n2ccccc2c1)C(=O)O,-10.1241,-11.006504
O=C(O)[C@@H]1CCCN1C(=O)CNC(=O)[C@H](Cc1c[nH]c2ccccc12)[n+]1[c-]n2ccccc2c1,-3.3959,-7.924974
O=C(O)[C@@H]1CCCN1C(=O)CNC(=O)[C@H](Cc1ccccc1)[n+]1[c-]n2ccccc2c1,-8.6202,-7.599185
O=C(O)[C@@H]1CCCN1C(=O)C[n+]1[c-]n2ccccc2c1,-16.2525,-20.356157
O=C(O)[C@@H]1CCCN1C(=O)[C@@H]1CCCN1C(=O)[C@H](CS)[n+]1[c-]n2ccccc2c1,-7.5279,-7.911667
O=C(O)[C@@H]1CCCN1C(=O)[C@@H]1CCCN1C(=O)[C@H](Cc1ccc(O)cc1)[n+]1[c-]n2ccccc2c1,-9.5718,-8.165988
O=C(O)[C@@H]1CCCN1C(=O)[C@H](CO)NC(=O)[C@H](CS)[n+]1[c-]n2ccccc2c1,-9.3885,-5.645091
O=C(O)[C@@H]1CCCN1C(=O)[C@H](CS)[n+]1[c-]n2ccccc2c1,-2.9148,-6.76129
O=C(O)[C@@H]1CCCN1C(=O)[C@H](Cc1c[nH]cn1)NC(=O)[C@H](Cc1ccccc1)[n+]1[c-]n2ccccc2c1,-8.8922,-8.370741
O=C(O)[C@@H]1CCCN1C(=O)[C@H](Cc1ccc(O)cc1)NC(=O)[C@H](CO)[n+]1[c-]n2ccccc2c1,-6.4881,-9.4603
O=C(O)[C@@H]1CCCN1C(=O)[C@H](Cc1ccc(O)cc1)NC(=O)[C@H](Cc1ccc(O)cc1)[n+]1[c-]n2ccccc2c1,-7.9098,-9.04051
O=C(O)[C@@H]1CCCN1C(=O)[C@H](Cc1ccccc1)NC(=O)[C@H](Cc1c[nH]c2ccccc12)[n+]1[c-]n2ccccc2c1,-8.6475,-8.192507
O=C(O)[C@@H]1CCCN1C(=O)[C@H](Cc1ccccc1)[n+]1[c-]n2ccccc2c1,-9.1564,-7.7769566
O=C(O)[C@H](CO)NC(=O)[C@@H]1CCCN1C(=O)[C@H](CS)[n+]1[c-]n2ccccc2c1,-10.5673,-8.234955
O=C(O)[C@H](CO)NC(=O)[C@@H]1CCCN1C(=O)[C@H](Cc1c[nH]cn1)[n+]1[c-]n2ccccc2c1,-8.5396,-5.5921702
O=C(O)[C@H](CO)NC(=O)[C@H](CS)NC(=O)[C@H](CO)[n+]1[c-]n2ccccc2c1,-6.2809,-7.002807
O=C(O)[C@H](CO)NC(=O)[C@H](Cc1c[nH]c2ccccc12)NC(=O)[C@H](CO)[n+]1[c-]n2ccccc2c1,-6.3559,-5.7400966
O=C(O)[C@H](CO)NC(=O)[C@H](Cc1c[nH]cn1)NC(=O)[C@H](Cc1ccccc1)[n+]1[c-]n2ccccc2c1,-11.1193,-10.516515
O=C(O)[C@H](CO)NC(=O)[C@H](Cc1ccccc1)NC(=O)[C@H](Cc1c[nH]c2ccccc12)[n+]1[c-]n2ccccc2c1,-6.7091,-5.743118
O=C(O)[C@H](CS)NC(=O)[C@@H]1CCCN1C(=O)C[n+]1[c-]n2ccccc2c1,-10.0717,-11.250595
O=C(O)[C@H](CS)NC(=O)[C@H](CO)NC(=O)[C@H](Cc1c[nH]c2ccccc12)[n+]1[c-]n2ccccc2c1,-10.5989,-8.15124
O=C(O)[C@H](CS)NC(=O)[C@H](CO)NC(=O)[C@H](Cc1c[nH]cn1)[n+]1[c-]n2ccccc2c1,-13.4208,-16.679987
O=C(O)[C@H](CS)NC(=O)[C@H](CO)NC(=O)[C@H](Cc1ccc(O)cc1)[n+]1[c-]n2ccccc2c1,-7.7836,-7.790748
O=C(O)[C@H](CS)NC(=O)[C@H](CO)NC(=O)[C@H](Cc1ccccc1)[n+]1[c-]n2ccccc2c1,-4.2778,-6.397093
O=C(O)[C@H](CS)NC(=O)[C@H](CS)NC(=O)[C@H](CS)[n+]1[c-]n2ccccc2c1,-5.5565,-8.257257
O=C(O)[C@H](CS)NC(=O)[C@H](Cc1ccc(O)cc1)[n+]1[c-]n2ccccc2c1,-7.7904,-7.182326
O=C(O)[C@H](CS)NC(=O)[C@H](Cc1ccccc1)NC(=O)[C@H](CO)[n+]1[c-]n2ccccc2c1,-4.9862,-8.094418
O=C(O)[C@H](CS)NC(=O)[C@H](Cc1ccccc1)[n+]1[c-]n2ccccc2c1,-6.6276,-9.494844
O=C(O)[C@H](CS)[n+]1[c-]n2ccccc2c1,-2.7027,-3.838417
O=C(O)[C@H](Cc1c[nH]c2ccccc12)NC(=O)[C@@H]1CCCN1C(=O)[C@H](Cc1c[nH]cn1)[n+]1[c-]n2ccccc2c1,-10.3968,-7.259121
O=C(O)[C@H](Cc1c[nH]c2ccccc12)NC(=O)[C@@H]1CCCN1C(=O)[C@H](Cc1ccc(O)cc1)[n+]1[c-]n2ccccc2c1,-8.4539,-10.84953
O=C(O)[C@H](Cc1c[nH]c2ccccc12)NC(=O)[C@H](CO)NC(=O)[C@H](Cc1c[nH]cn1)[n+]1[c-]n2ccccc2c1,-11.6001,-11.570171
O=C(O)[C@H](Cc1c[nH]c2ccccc12)NC(=O)[C@H](Cc1c[nH]c2ccccc12)NC(=O)[C@H](CS)[n+]1[c-]n2ccccc2c1,-15.5358,-10.705746
O=C(O)[C@H](Cc1c[nH]c2ccccc12)NC(=O)[C@H](Cc1c[nH]c2ccccc12)NC(=O)[C@H](Cc1c[nH]c2ccccc12)[n+]1[c-]n2ccccc2c1,-4.0902,-12.605857
O=C(O)[C@H](Cc1c[nH]c2ccccc12)NC(=O)[C@H](Cc1c[nH]c2ccccc12)NC(=O)[C@H](Cc1c[nH]cn1)[n+]1[c-]n2ccccc2c1,-10.4551,-13.346924
O=C(O)[C@H](Cc1c[nH]c2ccccc12)NC(=O)[C@H](Cc1c[nH]cn1)NC(=O)[C@H](CO)[n+]1[c-]n2ccccc2c1,-10.4443,-10.7024
O=C(O)[C@H](Cc1c[nH]c2ccccc12)NC(=O)[C@H](Cc1ccc(O)cc1)NC(=O)[C@H](Cc1c[nH]c2ccccc12)[n+]1[c-]n2ccccc2c1,3.0526,-8.81907
O=C(O)[C@H](Cc1c[nH]c2ccccc12)NC(=O)[C@H](Cc1ccc(O)cc1)NC(=O)[C@H](Cc1c[nH]cn1)[n+]1[c-]n2ccccc2c1,-9.0592,-12.411417
O=C(O)[C@H](Cc1c[nH]c2ccccc12)NC(=O)[C@H](Cc1ccccc1)NC(=O)[C@H](Cc1c[nH]cn1)[n+]1[c-]n2ccccc2c1,-21.3966,-11.496845
O=C(O)[C@H](Cc1c[nH]c2ccccc12)NC(=O)[C@H](Cc1ccccc1)NC(=O)[C@H](Cc1ccccc1)[n+]1[c-]n2ccccc2c1,-9.0947,-9.707901
O=C(O)[C@H](Cc1c[nH]cn1)NC(=O)[C@@H]1CCCN1C(=O)[C@H](CO)[n+]1[c-]n2ccccc2c1,-4.3381,-9.151477
O=C(O)[C@H](Cc1c[nH]cn1)NC(=O)[C@H](Cc1c[nH]c2ccccc12)NC(=O)[C@H](Cc1c[nH]c2ccccc12)[n+]1[c-]n2ccccc2c1,-12.7155,-8.573841
O=C(O)[C@H](Cc1c[nH]cn1)NC(=O)[C@H](Cc1c[nH]c2ccccc12)[n+]1[c-]n2ccccc2c1,-9.9455,-7.775441
O=C(O)[C@H](Cc1c[nH]cn1)NC(=O)[C@H](Cc1c[nH]cn1)NC(=O)[C@H](CS)[n+]1[c-]n2ccccc2c1,-5.9526,-10.393564
O=C(O)[C@H](Cc1c[nH]cn1)NC(=O)[C@H](Cc1c[nH]cn1)[n+]1[c-]n2ccccc2c1,-7.9517,-6.8350983
O=C(O)[C@H](Cc1c[nH]cn1)NC(=O)[C@H](Cc1ccc(O)cc1)NC(=O)[C@H](CO)[n+]1[c-]n2ccccc2c1,-10.6335,-10.794966
O=C(O)[C@H](Cc1c[nH]cn1)NC(=O)[C@H](Cc1ccc(O)cc1)NC(=O)[C@H](Cc1ccc(O)cc1)[n+]1[c-]n2ccccc2c1,-16.1941,-11.636442
O=C(O)[C@H](Cc1c[nH]cn1)NC(=O)[C@H](Cc1ccccc1)NC(=O)[C@H](CS)[n+]1[c-]n2ccccc2c1,-7.0203,-6.8182445
O=C(O)[C@H](Cc1c[nH]cn1)NC(=O)[C@H](Cc1ccccc1)NC(=O)[C@H](Cc1c[nH]c2ccccc12)[n+]1[c-]n2ccccc2c1,-5.5508,-8.934137
O=C(O)[C@H](Cc1c[nH]cn1)NC(=O)[C@H](Cc1ccccc1)NC(=O)[C@H](Cc1ccc(O)cc1)[n+]1[c-]n2ccccc2c1,-1.8434,-7.521138
O=C(O)[C@H](Cc1ccc(O)cc1)NC(=O)[C@H](CS)NC(=O)[C@H](Cc1c[nH]cn1)[n+]1[c-]n2ccccc2c1,-9.857,-9.607947
O=C(O)[C@H](Cc1ccc(O)cc1)NC(=O)[C@H](Cc1c[nH]c2ccccc12)NC(=O)[C@H](Cc1c[nH]cn1)[n+]1[c-]n2ccccc2c1,-9.3336,-13.83911
O=C(O)[C@H](Cc1ccc(O)cc1)NC(=O)[C@H](Cc1c[nH]c2ccccc12)NC(=O)[C@H](Cc1ccccc1)[n+]1[c-]n2ccccc2c1,-10.0682,-10.201074
O=C(O)[C@H](Cc1ccc(O)cc1)NC(=O)[C@H](Cc1c[nH]cn1)NC(=O)[C@H](CS)[n+]1[c-]n2ccccc2c1,-7.038,-9.672829
O=C(O)[C@H](Cc1ccc(O)cc1)NC(=O)[C@H](Cc1ccc(O)cc1)NC(=O)[C@H](CS)[n+]1[c-]n2ccccc2c1,-3.8926,-6.756376
O=C(O)[C@H](Cc1ccc(O)cc1)NC(=O)[C@H](Cc1ccccc1)NC(=O)[C@H](Cc1c[nH]cn1)[n+]1[c-]n2ccccc2c1,-10.5986,-8.315645
O=C(O)[C@H](Cc1ccc(O)cc1)NC(=O)[C@H](Cc1ccccc1)NC(=O)[C@H](Cc1ccc(O)cc1)[n+]1[c-]n2ccccc2c1,-12.2745,-12.094423
O=C(O)[C@H](Cc1ccccc1)NC(=O)[C@H](CO)NC(=O)[C@H](CO)[n+]1[c-]n2ccccc2c1,5.4012,-6.021998
O=C(O)[C@H](Cc1ccccc1)NC(=O)[C@H](CO)NC(=O)[C@H](Cc1c[nH]c2ccccc12)[n+]1[c-]n2ccccc2c1,-9.7037,-10.415913
O=C(O)[C@H](Cc1ccccc1)NC(=O)[C@H](CO)NC(=O)[C@H](Cc1c[nH]cn1)[n+]1[c-]n2ccccc2c1,-12.6801,-10.412022
O=C(O)[C@H](Cc1ccccc1)NC(=O)[C@H](CO)NC(=O)[C@H](Cc1ccccc1)[n+]1[c-]n2ccccc2c1,-10.9103,-7.532459
O=C(O)[C@H](Cc1ccccc1)NC(=O)[C@H](CS)NC(=O)[C@H](CS)[n+]1[c-]n2ccccc2c1,-8.8243,-5.427393
O=C(O)[C@H](Cc1ccccc1)NC(=O)[C@H](CS)NC(=O)[C@H](Cc1ccc(O)cc1)[n+]1[c-]n2ccccc2c1,-10.0492,-10.131
O=C(O)[C@H](Cc1ccccc1)NC(=O)[C@H](CS)NC(=O)[C@H](Cc1ccccc1)[n+]1[c-]n2ccccc2c1,-12.0143,-8.11515
O=C(O)[C@H](Cc1ccccc1)NC(=O)[C@H](Cc1c[nH]c2ccccc12)NC(=O)[C@H](Cc1ccc(O)cc1)[n+]1[c-]n2ccccc2c1,-10.6081,-10.596857
O=C(O)[C@H](Cc1ccccc1)NC(=O)[C@H](Cc1c[nH]c2ccccc12)NC(=O)[C@H](Cc1ccccc1)[n+]1[c-]n2ccccc2c1,-8.0268,-8.893318
O=C(O)[C@H](Cc1ccccc1)NC(=O)[C@H](Cc1c[nH]c2ccccc12)[n+]1[c-]n2ccccc2c1,-7.2923,-8.348589
O=C(O)[C@H](Cc1ccccc1)NC(=O)[C@H](Cc1c[nH]cn1)NC(=O)[C@H](CS)[n+]1[c-]n2ccccc2c1,-15.2384,-9.229387
O=C(O)[C@H](Cc1ccccc1)NC(=O)[C@H](Cc1c[nH]cn1)NC(=O)[C@H](Cc1c[nH]c2ccccc12)[n+]1[c-]n2ccccc2c1,-9.5436,-10.653809
O=C(O)[C@H](Cc1ccccc1)NC(=O)[C@H](Cc1ccc(O)cc1)NC(=O)[C@H](CS)[n+]1[c-]n2ccccc2c1,-10.7667,-8.745063
O=C(O)[C@H](Cc1ccccc1)NC(=O)[C@H](Cc1ccc(O)cc1)NC(=O)[C@H](Cc1c[nH]cn1)[n+]1[c-]n2ccccc2c1,-5.7565,-6.244234
O=C(O)[C@H](Cc1ccccc1)NC(=O)[C@H](Cc1ccccc1)NC(=O)[C@H](CS)[n+]1[c-]n2ccccc2c1,-7.1283,-6.6049685
O=C(O)[C@H](Cc1ccccc1)NC(=O)[C@H](Cc1ccccc1)NC(=O)[C@H](Cc1ccccc1)[n+]1[c-]n2ccccc2c1,-8.4778,-7.8724847
